{"type":"FeatureCollection","features":[{"type":"Feature","properties":{"agency":"ddot","agency_label":"DDOT","route":"10","name":"Greenfield","route_type":3},"geometry":{"type":"MultiLineString","coordinates":[[[-83.21966,42.31826],[-83.21923,42.31842],[-83.21854,42.31855],[-83.21855,42.31864],[-83.21888,42.31912],[-83.2195,42.31962],[-83.22025,42.31996],[-83.22083,42.32011],[-83.22054,42.32074],[-83.21999,42.32148],[-83.21364,42.32163],[-83.21307,42.32154],[-83.2126,42.32165],[-83.20499,42.32185],[-83.20448,42.32178],[-83.20419,42.32151],[-83.20334,42.31564],[-83.2031,42.31481],[-83.20273,42.31448],[-83.20226,42.31433],[-83.20194,42.31433],[-83.20043,42.31479],[-83.20002,42.31476],[-83.19976,42.31498],[-83.19922,42.31514],[-83.19716,42.31548],[-83.19471,42.31609],[-83.19506,42.31671],[-83.19499,42.31735],[-83.19507,42.3177],[-83.19515,42.31964],[-83.1951,42.32],[-83.19523,42.32035],[-83.19532,42.32214],[-83.19525,42.32244],[-83.19538,42.32351],[-83.19527,42.32392],[-83.19541,42.32426],[-83.19545,42.32511],[-83.19537,42.32546],[-83.19547,42.32581],[-83.19555,42.32757],[-83.19542,42.32783],[-83.19558,42.32825],[-83.19577,42.33284],[-83.19567,42.33311],[-83.1958,42.33346],[-83.19585,42.33454],[-83.19575,42.3349],[-83.19588,42.33525],[-83.196,42.33808],[-83.19589,42.33843],[-83.19602,42.33878],[-83.19605,42.33946],[-83.19615,42.33971],[-83.19616,42.34007],[-83.19602,42.34048],[-83.19619,42.34082],[-83.19631,42.34351],[-83.19631,42.34387],[-83.19615,42.34415],[-83.19635,42.34464],[-83.19639,42.34607],[-83.19625,42.34633],[-83.19643,42.34685],[-83.19665,42.35128],[-83.19652,42.35162],[-83.19668,42.35196],[-83.19676,42.35322],[-83.19662,42.35366],[-83.19681,42.35417],[-83.1969,42.35561],[-83.19676,42.35602],[-83.19693,42.35636],[-83.19701,42.35809],[-83.19687,42.35839],[-83.19704,42.35873],[-83.19709,42.35931],[-83.19712,42.36021],[-83.19696,42.36062],[-83.19715,42.36114],[-83.19725,42.36348],[-83.1971,42.36377],[-83.19726,42.36411],[-83.19731,42.36554],[-83.19714,42.36579],[-83.19733,42.3662],[-83.19738,42.36781],[-83.19722,42.3681],[-83.19741,42.36862],[-83.19747,42.37023],[-83.19732,42.37055],[-83.1975,42.37089],[-83.19758,42.37259],[-83.19738,42.37286],[-83.1976,42.37318],[-83.19766,42.37495],[-83.1975,42.37521],[-83.19767,42.37554],[-83.1977,42.3759],[-83.19753,42.37617],[-83.19773,42.37647],[-83.19782,42.37741],[-83.19801,42.37827],[-83.19821,42.38146],[-83.19821,42.3818],[-83.19799,42.38286],[-83.19803,42.38378],[-83.19787,42.38404],[-83.19806,42.38456],[-83.19819,42.38708],[-83.19802,42.38746],[-83.19822,42.38789],[-83.19826,42.38907],[-83.1981,42.38934],[-83.19827,42.38967],[-83.19836,42.39165],[-83.19818,42.39198],[-83.19836,42.39231],[-83.19839,42.39267],[-83.19826,42.39299],[-83.1984,42.39334],[-83.19844,42.3943],[-83.19826,42.39463],[-83.19846,42.39496],[-83.19851,42.39586],[-83.19834,42.39614],[-83.19855,42.39666],[-83.19866,42.39917],[-83.19849,42.39953],[-83.19866,42.39986],[-83.19872,42.40154],[-83.19852,42.4018],[-83.19875,42.4021],[-83.19881,42.40333],[-83.19866,42.40359],[-83.19885,42.4041],[-83.19889,42.405],[-83.19873,42.40537],[-83.19892,42.40577],[-83.19897,42.40695],[-83.19883,42.40733],[-83.19899,42.40767],[-83.19904,42.40875],[-83.19889,42.40907],[-83.19907,42.40959],[-83.19914,42.41112],[-83.19901,42.41144],[-83.19917,42.41196],[-83.19926,42.41412],[-83.19913,42.41441],[-83.19928,42.41475],[-83.19935,42.41637],[-83.19917,42.41661],[-83.19936,42.41694],[-83.19938,42.41712],[-83.19941,42.41781],[-83.19925,42.41806],[-83.19942,42.41839],[-83.19947,42.41947],[-83.19931,42.41989],[-83.1995,42.42041],[-83.19954,42.42137],[-83.1994,42.42162],[-83.19956,42.42196],[-83.19961,42.42318],[-83.19947,42.42353],[-83.19963,42.42387],[-83.19967,42.42477],[-83.19951,42.42513],[-83.19971,42.42565],[-83.19975,42.4268],[-83.19961,42.4271],[-83.19977,42.42744],[-83.19982,42.42852],[-83.1997,42.42883],[-83.19984,42.42917],[-83.19989,42.43045],[-83.19973,42.4308],[-83.19993,42.43131],[-83.19995,42.43167],[-83.19981,42.43212],[-83.19998,42.43241],[-83.20005,42.43403],[-83.1999,42.43431],[-83.20007,42.43465],[-83.20012,42.43573],[-83.2,42.43605],[-83.20014,42.43639],[-83.20019,42.43747],[-83.20005,42.43785],[-83.20023,42.43836],[-83.2003,42.43998],[-83.20017,42.44028],[-83.20032,42.44063],[-83.20044,42.44273],[-83.201,42.44323],[-83.20216,42.44404],[-83.20273,42.44485],[-83.20462,42.44639],[-83.20727,42.44908],[-83.20796,42.44968],[-83.20915,42.45059],[-83.21267,42.453],[-83.21197,42.45389],[-83.21184,42.4542],[-83.20996,42.45568],[-83.20912,42.45591],[-83.20661,42.45597],[-83.20675,42.45918],[-83.20577,42.45921],[-83.20538,42.45908]],[[-83.20538,42.45908],[-83.20493,42.45922],[-83.2013,42.45938],[-83.20133,42.4588],[-83.20123,42.45845],[-83.20119,42.45666],[-83.20125,42.45629],[-83.20114,42.4554],[-83.20631,42.45521],[-83.20649,42.45544],[-83.20661,42.45613],[-83.20735,42.45615],[-83.20951,42.456],[-83.21006,42.4558],[-83.21073,42.45536],[-83.21202,42.45426],[-83.21258,42.45345],[-83.21331,42.45283],[-83.21142,42.45147],[-83.2084,42.44913],[-83.20569,42.44647],[-83.2039,42.44722],[-83.20314,42.44764],[-83.20305,42.44751],[-83.20314,42.44764],[-83.20294,42.4477],[-83.20173,42.44778],[-83.20081,42.44771],[-83.20064,42.44503],[-83.20053,42.44496],[-83.20044,42.4441],[-83.20045,42.44393],[-83.20063,42.44391],[-83.20045,42.44393],[-83.20035,42.44177],[-83.20045,42.44167],[-83.20035,42.44132],[-83.20028,42.43932],[-83.20038,42.43905],[-83.20025,42.43871],[-83.2002,42.43765],[-83.20031,42.43735],[-83.20018,42.43701],[-83.20013,42.43593],[-83.20024,42.4356],[-83.2001,42.43526],[-83.20005,42.43418],[-83.20015,42.4338],[-83.20003,42.43346],[-83.19997,42.43223],[-83.20009,42.43193],[-83.19995,42.43159],[-83.19989,42.43045],[-83.20004,42.4301],[-83.19987,42.42982],[-83.19982,42.42842],[-83.19992,42.42815],[-83.19979,42.4278],[-83.19974,42.42662],[-83.19985,42.42631],[-83.19972,42.42596],[-83.19968,42.42499],[-83.1998,42.42472],[-83.19965,42.42419],[-83.19961,42.4233],[-83.1997,42.42294],[-83.19959,42.42259],[-83.19947,42.41952],[-83.19957,42.41911],[-83.19944,42.41877],[-83.19941,42.41787],[-83.19951,42.41756],[-83.19939,42.41721],[-83.19934,42.41605],[-83.19946,42.41575],[-83.19931,42.41523],[-83.19929,42.41487],[-83.19938,42.41444],[-83.19925,42.41401],[-83.1992,42.41257],[-83.19929,42.41214],[-83.19917,42.41179],[-83.19912,42.4106],[-83.1992,42.41033],[-83.19909,42.40998],[-83.19904,42.40878],[-83.19913,42.40839],[-83.19901,42.40804],[-83.19897,42.40696],[-83.19906,42.40666],[-83.19894,42.40631],[-83.19891,42.40559],[-83.19899,42.40522],[-83.19888,42.40479],[-83.19881,42.40333],[-83.19894,42.40302],[-83.19878,42.40268],[-83.19872,42.40154],[-83.19885,42.40124],[-83.19869,42.40095],[-83.19866,42.39951],[-83.19875,42.3991],[-83.19864,42.39875],[-83.19856,42.39684],[-83.19867,42.39652],[-83.19853,42.39617],[-83.19844,42.3943],[-83.19858,42.39402],[-83.19843,42.39368],[-83.19839,42.39268],[-83.19853,42.39231],[-83.19838,42.39197],[-83.19828,42.38949],[-83.19837,42.38918],[-83.19826,42.38882],[-83.19819,42.38708],[-83.19831,42.38676],[-83.19815,42.3865],[-83.19807,42.38488],[-83.19817,42.38446],[-83.19805,42.38411],[-83.198,42.38317],[-83.19817,42.3825],[-83.19834,42.3822],[-83.19825,42.37829],[-83.198,42.37751],[-83.19778,42.37708],[-83.19785,42.37681],[-83.19771,42.37615],[-83.19765,42.3749],[-83.19775,42.37454],[-83.19763,42.37411],[-83.19758,42.37259],[-83.19769,42.37219],[-83.19755,42.37179],[-83.19747,42.37005],[-83.19755,42.36978],[-83.19745,42.36943],[-83.19739,42.36787],[-83.19748,42.36757],[-83.19737,42.36722],[-83.19731,42.36559],[-83.1974,42.36506],[-83.19729,42.36464],[-83.19726,42.36374],[-83.19735,42.36334],[-83.19723,42.36299],[-83.19714,42.36056],[-83.19723,42.36015],[-83.19711,42.3598],[-83.19706,42.35899],[-83.19702,42.35816],[-83.19711,42.3578],[-83.19698,42.35737],[-83.19692,42.35603],[-83.197,42.35575],[-83.19689,42.3554],[-83.19678,42.35361],[-83.19688,42.3533],[-83.19674,42.35278],[-83.19663,42.35098],[-83.19672,42.35066],[-83.1966,42.35031],[-83.19651,42.34845],[-83.1966,42.34809],[-83.19648,42.34774],[-83.19639,42.34607],[-83.19648,42.34577],[-83.19636,42.34548],[-83.19634,42.34494],[-83.19633,42.34428],[-83.19641,42.34396],[-83.19631,42.34369],[-83.19643,42.34343],[-83.19629,42.34308],[-83.19617,42.3402],[-83.1963,42.33984],[-83.19621,42.33953],[-83.19628,42.33796],[-83.1962,42.3376],[-83.19623,42.33668],[-83.19615,42.33632],[-83.19601,42.33322],[-83.19607,42.33284],[-83.19598,42.33248],[-83.19578,42.32815],[-83.1959,42.32771],[-83.19573,42.32719],[-83.19581,42.32458],[-83.19592,42.32424],[-83.19578,42.3239],[-83.19576,42.32361],[-83.1957,42.32199],[-83.1958,42.32167],[-83.19572,42.32132],[-83.19563,42.31926],[-83.19569,42.31889],[-83.19558,42.31853],[-83.1955,42.31746],[-83.19537,42.31701],[-83.19516,42.31669],[-83.19794,42.31591],[-83.19895,42.31548],[-83.19934,42.3155],[-83.19968,42.31531],[-83.20078,42.31502],[-83.20116,42.315],[-83.20153,42.3148],[-83.20243,42.31454],[-83.2028,42.31465],[-83.20289,42.31479],[-83.20319,42.31674],[-83.2031,42.31701],[-83.20327,42.31735],[-83.20391,42.32205],[-83.20877,42.32193],[-83.20922,42.32198],[-83.20981,42.32189],[-83.21308,42.32181],[-83.21974,42.32174],[-83.21992,42.32159],[-83.22046,42.32086],[-83.22083,42.32011],[-83.22236,42.32029],[-83.22247,42.31953],[-83.22268,42.31886],[-83.2214,42.31842],[-83.22099,42.31791],[-83.22012,42.31824],[-83.21966,42.31826]]]}},{"type":"Feature","properties":{"agency":"ddot","agency_label":"DDOT","route":"1","name":"Vernor","route_type":3},"geometry":{"type":"MultiLineString","coordinates":[[[-83.17671,42.32184],[-83.17612,42.32215],[-83.17452,42.32262],[-83.17399,42.32264],[-83.1734,42.32294],[-83.17162,42.32346],[-83.17125,42.32345],[-83.17096,42.32362],[-83.16907,42.32417],[-83.16902,42.32406],[-83.16907,42.32417],[-83.16882,42.32424],[-83.16684,42.32302],[-83.16656,42.32267],[-83.16619,42.32248],[-83.16366,42.31855],[-83.16043,42.31418],[-83.16036,42.31374],[-83.16007,42.31345],[-83.15728,42.30971],[-83.15455,42.31079],[-83.15366,42.31094],[-83.15272,42.3113],[-83.15261,42.31102],[-83.1523,42.31074],[-83.15063,42.30843],[-83.15066,42.30803],[-83.15089,42.30738],[-83.15086,42.30687],[-83.148,42.30295],[-83.14596,42.30376],[-83.14551,42.30373],[-83.14471,42.30466],[-83.14427,42.30455],[-83.14336,42.30491],[-83.143,42.30493],[-83.14271,42.30517],[-83.13845,42.30691],[-83.1379,42.30703],[-83.13754,42.30727],[-83.13532,42.30818],[-83.13486,42.30826],[-83.13451,42.3085],[-83.13361,42.30887],[-83.13312,42.30897],[-83.13277,42.30921],[-83.13173,42.30964],[-83.1312,42.30976],[-83.13084,42.31],[-83.12933,42.31061],[-83.12875,42.31073],[-83.12845,42.31097],[-83.12728,42.31145],[-83.12686,42.31151],[-83.12653,42.31175],[-83.12434,42.31266],[-83.12393,42.31272],[-83.1235,42.313],[-83.12134,42.3139],[-83.12093,42.31395],[-83.12059,42.31421],[-83.1181,42.31523],[-83.11774,42.31526],[-83.11739,42.31551],[-83.11661,42.31584],[-83.11619,42.31594],[-83.11387,42.31564],[-83.11174,42.3156],[-83.11121,42.31549],[-83.11051,42.31562],[-83.10832,42.3157],[-83.10798,42.31562],[-83.1069,42.31579],[-83.10583,42.31622],[-83.10543,42.31626],[-83.10488,42.31661],[-83.10403,42.31695],[-83.10356,42.31702],[-83.10301,42.31737],[-83.10185,42.31784],[-83.10138,42.31792],[-83.10083,42.31827],[-83.09973,42.31872],[-83.09917,42.31883],[-83.09862,42.31918],[-83.09734,42.3197],[-83.09695,42.31974],[-83.09661,42.31999],[-83.09586,42.3203],[-83.09545,42.32035],[-83.0951,42.32059],[-83.09408,42.321],[-83.0937,42.32103],[-83.09335,42.32128],[-83.09195,42.32184],[-83.09149,42.32191],[-83.09113,42.32216],[-83.09071,42.32233],[-83.08925,42.32289],[-83.08876,42.32296],[-83.08841,42.32321],[-83.08665,42.32391],[-83.08618,42.32395],[-83.08586,42.32423],[-83.08232,42.32567],[-83.08144,42.32441],[-83.08026,42.32469],[-83.07964,42.32497],[-83.0783,42.32539],[-83.07773,42.32547],[-83.07711,42.32576],[-83.07278,42.32706],[-83.07231,42.32713],[-83.07191,42.32733],[-83.06984,42.32798],[-83.06944,42.32801],[-83.06905,42.32822],[-83.06731,42.32877],[-83.06552,42.32951],[-83.06538,42.32933],[-83.06548,42.32928],[-83.06538,42.32933],[-83.06429,42.32791],[-83.06413,42.32753],[-83.06379,42.32728],[-83.06305,42.32634],[-83.06294,42.32607],[-83.06238,42.32549],[-83.06193,42.32554],[-83.0614,42.3259],[-83.06083,42.32602],[-83.0603,42.32638],[-83.05863,42.32709],[-83.05818,42.32715],[-83.05791,42.32739],[-83.05505,42.32863],[-83.0546,42.3287],[-83.05427,42.32896],[-83.05141,42.33015],[-83.05152,42.33029],[-83.05144,42.33033],[-83.05152,42.33029],[-83.05279,42.33181],[-83.05382,42.33358],[-83.0537,42.33362],[-83.05334,42.33409],[-83.05228,42.33368],[-83.05241,42.33326]],[[-83.05242,42.33277],[-83.05231,42.33247],[-83.05229,42.33198],[-83.05248,42.33187],[-83.05264,42.33201],[-83.05264,42.33324],[-83.05228,42.33368],[-83.05121,42.3337],[-83.05123,42.3314],[-83.05052,42.33057],[-83.05179,42.33009],[-83.05217,42.32987],[-83.05812,42.3273],[-83.05891,42.32703],[-83.062,42.32565],[-83.0624,42.32567],[-83.06271,42.32591],[-83.06363,42.32708],[-83.06373,42.32744],[-83.06409,42.32768],[-83.06548,42.32944],[-83.06584,42.32942],[-83.0673,42.32877],[-83.08144,42.32441],[-83.08208,42.32538],[-83.08248,42.32564],[-83.08777,42.32347],[-83.09379,42.32112],[-83.09435,42.32096],[-83.09558,42.32041],[-83.09614,42.32026],[-83.09643,42.32007],[-83.1069,42.31579],[-83.11292,42.3156],[-83.1141,42.31567],[-83.11616,42.31594],[-83.11725,42.31564],[-83.12055,42.31419],[-83.12059,42.31424],[-83.12055,42.31419],[-83.12102,42.31399],[-83.12453,42.31256],[-83.12457,42.31261],[-83.12453,42.31256],[-83.12781,42.31128],[-83.14419,42.30458],[-83.14445,42.30457],[-83.14488,42.30473],[-83.14551,42.30373],[-83.14596,42.30376],[-83.148,42.30295],[-83.15086,42.30687],[-83.15089,42.30738],[-83.15066,42.30803],[-83.15063,42.30842],[-83.15308,42.31177],[-83.15394,42.31144],[-83.15473,42.31091],[-83.15717,42.30995],[-83.16366,42.31855],[-83.16577,42.32181],[-83.16587,42.32214],[-83.16679,42.32299],[-83.16882,42.32429],[-83.16941,42.3242],[-83.17004,42.32392],[-83.17153,42.32356],[-83.17185,42.32339],[-83.17446,42.32269],[-83.17597,42.32219],[-83.17605,42.32187],[-83.17595,42.32152],[-83.17592,42.32085],[-83.17801,42.32023],[-83.17864,42.32142],[-83.17714,42.32185],[-83.17671,42.32184]]]}},{"type":"Feature","properties":{"agency":"ddot","agency_label":"DDOT","route":"11","name":"Clairmount","route_type":3},"geometry":{"type":"MultiLineString","coordinates":[[[-83.08857,42.31313],[-83.08893,42.31288],[-83.09015,42.31235],[-83.09131,42.31398],[-83.09137,42.31429],[-83.0917,42.31449],[-83.09189,42.31473],[-83.09308,42.31642],[-83.09318,42.31672],[-83.09349,42.317],[-83.09595,42.32052],[-83.09686,42.32169],[-83.09763,42.32277],[-83.09773,42.32307],[-83.09809,42.32342],[-83.10354,42.32118],[-83.10411,42.32115],[-83.10443,42.32142],[-83.10608,42.32371],[-83.10624,42.32405],[-83.10653,42.32434],[-83.10868,42.3273],[-83.10876,42.32761],[-83.10909,42.32787],[-83.10978,42.32882],[-83.10996,42.32925],[-83.11028,42.32952],[-83.1115,42.3312],[-83.11174,42.33119],[-83.11224,42.33181],[-83.11449,42.33494],[-83.11489,42.33513],[-83.11868,42.33358],[-83.11922,42.33344],[-83.11956,42.33323],[-83.12082,42.33273],[-83.1213,42.33275],[-83.12169,42.33297],[-83.1237,42.33573],[-83.12373,42.33602],[-83.12409,42.33627],[-83.12572,42.33851],[-83.12571,42.33882],[-83.12609,42.33905],[-83.12742,42.34085],[-83.1207,42.34352],[-83.12106,42.34421],[-83.12141,42.34457],[-83.12419,42.34453],[-83.1248,42.34495],[-83.12668,42.34763],[-83.12683,42.34805],[-83.12717,42.34831],[-83.12985,42.35205],[-83.13001,42.35247],[-83.13051,42.35296],[-83.13167,42.3546],[-83.13174,42.35486],[-83.13205,42.35514],[-83.13388,42.35768],[-83.13397,42.35798],[-83.13428,42.35825],[-83.13489,42.3591],[-83.13503,42.3595],[-83.13589,42.3607],[-83.13545,42.36077],[-83.1351,42.36102],[-83.13321,42.3618],[-83.133,42.36209],[-83.13271,42.36231],[-83.13258,42.36266],[-83.1307,42.36523],[-83.13051,42.36533],[-83.12984,42.36546],[-83.12927,42.36579],[-83.127,42.36659],[-83.12253,42.36834],[-83.1221,42.36839],[-83.12165,42.36867],[-83.12007,42.36926],[-83.11967,42.36931],[-83.11939,42.36952],[-83.11765,42.37018],[-83.11717,42.37024],[-83.11687,42.37047],[-83.11444,42.37138],[-83.11401,42.37141],[-83.11377,42.37163],[-83.1116,42.37245],[-83.11113,42.37252],[-83.11077,42.37276],[-83.10884,42.37349],[-83.10853,42.37306],[-83.10813,42.37309],[-83.1078,42.37333],[-83.10561,42.37415],[-83.10522,42.3742],[-83.10478,42.37445],[-83.10304,42.3751],[-83.10258,42.37518],[-83.10221,42.37541],[-83.09933,42.37647],[-83.09888,42.37655],[-83.09849,42.37677],[-83.09674,42.37741],[-83.09623,42.37751],[-83.09584,42.37773],[-83.09388,42.37844],[-83.09332,42.37851],[-83.09275,42.37885],[-83.08986,42.3799],[-83.08947,42.37994],[-83.08911,42.38017],[-83.08802,42.38058],[-83.08753,42.38065],[-83.08716,42.38089],[-83.08499,42.38169],[-83.08448,42.38178],[-83.0841,42.38201],[-83.08154,42.38292],[-83.08117,42.38293],[-83.0806,42.38325],[-83.07872,42.38392],[-83.07833,42.38399],[-83.07794,42.3842],[-83.07598,42.38493],[-83.07545,42.38502],[-83.07508,42.38526],[-83.0729,42.38606],[-83.07246,42.38612],[-83.0721,42.38636],[-83.06926,42.38747],[-83.06914,42.38718],[-83.06873,42.38665],[-83.06852,42.38594],[-83.067,42.38371],[-83.06687,42.38337],[-83.06654,42.38302],[-83.06374,42.37886],[-83.06321,42.3779],[-83.06296,42.37763],[-83.06146,42.37538],[-83.06119,42.37474],[-83.0613,42.37434],[-83.06057,42.37427],[-83.05959,42.37454],[-83.05921,42.37443],[-83.05896,42.37415],[-83.0571,42.37485],[-83.05673,42.37488],[-83.05637,42.37512],[-83.05269,42.37648],[-83.05245,42.37594],[-83.05219,42.37573],[-83.0511,42.37405],[-83.05066,42.37381],[-83.04996,42.37375],[-83.04837,42.3741],[-83.04703,42.3746],[-83.04651,42.37491],[-83.04499,42.37544],[-83.0445,42.37554],[-83.04404,42.37584],[-83.04267,42.37636],[-83.04233,42.37638],[-83.04194,42.3763],[-83.04152,42.37578],[-83.04061,42.37602],[-83.04035,42.37621],[-83.03839,42.37692],[-83.03799,42.37697],[-83.03762,42.37719],[-83.03514,42.37817],[-83.03467,42.37825],[-83.03416,42.37863],[-83.03345,42.37898],[-83.03294,42.37912],[-83.03248,42.37968],[-83.03188,42.38067],[-83.03212,42.38128],[-83.03208,42.38152],[-83.03092,42.38311],[-83.03013,42.38385],[-83.02975,42.38397],[-83.0295,42.38421],[-83.02705,42.38532],[-83.02685,42.38563],[-83.02579,42.38634],[-83.02508,42.38653],[-83.0248,42.38672],[-83.02143,42.38802],[-83.02094,42.38805],[-83.02065,42.38831],[-83.01845,42.38917],[-83.01801,42.38918],[-83.0177,42.38946],[-83.01545,42.39034],[-83.01508,42.39034],[-83.01454,42.3907],[-83.01353,42.39109],[-83.01301,42.39116],[-83.01258,42.39146],[-83.01102,42.39207],[-83.01059,42.39216],[-83.0101,42.39213],[-83.00947,42.39239],[-83.00595,42.39309],[-83.00525,42.39316],[-83.0049,42.39305],[-83.00425,42.39328],[-83.00377,42.39269],[-83.0016,42.38946],[-83.00097,42.38938],[-83.00059,42.38946],[-82.99624,42.38943],[-82.99587,42.38934],[-82.99546,42.38943],[-82.99385,42.38943],[-82.9934,42.38934],[-82.99295,42.38944],[-82.98954,42.38946],[-82.98916,42.38939],[-82.98782,42.3895],[-82.98582,42.39027],[-82.98559,42.3898],[-82.98531,42.3895],[-82.98387,42.38729],[-82.98365,42.38737],[-82.98322,42.38737],[-82.98298,42.38761],[-82.97933,42.38892],[-82.9786,42.38886],[-82.97818,42.38905],[-82.97605,42.38931],[-82.97543,42.38952],[-82.97495,42.38954]],[[-82.97707,42.38929],[-82.97751,42.38914],[-82.97933,42.38892],[-82.98387,42.38729],[-82.98402,42.38768],[-82.9843,42.38797],[-82.98579,42.39023],[-82.98626,42.39011],[-82.98759,42.38957],[-82.98806,42.38947],[-83.00118,42.38946],[-83.00165,42.38966],[-83.00193,42.38995],[-83.00366,42.39252],[-83.00375,42.39283],[-83.00423,42.39328],[-83.00525,42.39316],[-83.00577,42.3932],[-83.00619,42.39305],[-83.00889,42.39251],[-83.00933,42.3925],[-83.00976,42.39233],[-83.01111,42.39204],[-83.01249,42.3915],[-83.01295,42.39141],[-83.01323,42.39121],[-83.01545,42.39034],[-83.01597,42.39022],[-83.01635,42.38999],[-83.01906,42.38898],[-83.02041,42.3884],[-83.02128,42.38808],[-83.02175,42.388],[-83.02222,42.38772],[-83.02574,42.38639],[-83.02726,42.38539],[-83.02768,42.385],[-83.02948,42.38422],[-83.03055,42.38362],[-83.03174,42.38195],[-83.03232,42.38131],[-83.03538,42.37914],[-83.03602,42.37878],[-83.04135,42.37688],[-83.04265,42.37656],[-83.04657,42.37525],[-83.04711,42.37515],[-83.04979,42.37423],[-83.0503,42.37414],[-83.05072,42.37422],[-83.05102,42.37441],[-83.05158,42.37524],[-83.05166,42.37554],[-83.05196,42.37582],[-83.05245,42.37656],[-83.05896,42.37415],[-83.05904,42.37443],[-83.05933,42.37472],[-83.05957,42.37513],[-83.0601,42.3754],[-83.06097,42.37669],[-83.06106,42.37707],[-83.06151,42.37748],[-83.06233,42.3787],[-83.06237,42.379],[-83.06266,42.37925],[-83.06468,42.38229],[-83.06475,42.38256],[-83.06503,42.38282],[-83.06641,42.38498],[-83.06774,42.38683],[-83.07123,42.3847],[-83.0717,42.38469],[-83.07199,42.38493],[-83.07277,42.38611],[-83.08751,42.38077],[-83.08804,42.38064],[-83.08843,42.38043],[-83.09025,42.37974],[-83.09689,42.37741],[-83.10853,42.37306],[-83.10882,42.3735],[-83.10919,42.37342],[-83.10949,42.37324],[-83.11186,42.37241],[-83.11787,42.37009],[-83.11825,42.37001],[-83.12028,42.36919],[-83.12068,42.36911],[-83.12116,42.36885],[-83.12241,42.36845],[-83.12274,42.36826],[-83.12585,42.36708],[-83.12622,42.36701],[-83.12694,42.36666],[-83.13025,42.36543],[-83.13075,42.36522],[-83.13276,42.36242],[-83.13306,42.36211],[-83.13324,42.36177],[-83.13589,42.3607],[-83.1358,42.36043],[-83.13549,42.36015],[-83.13504,42.35951],[-83.1349,42.3591],[-83.13398,42.35783],[-83.13382,42.35748],[-83.13353,42.35719],[-83.13296,42.3564],[-83.13133,42.35412],[-83.13119,42.35379],[-83.13089,42.35351],[-83.12985,42.35205],[-83.12971,42.35174],[-83.12928,42.35131],[-83.1268,42.34779],[-83.12666,42.34744],[-83.12636,42.34716],[-83.12557,42.34604],[-83.1254,42.34564],[-83.12509,42.34536],[-83.12449,42.34452],[-83.1237,42.34454],[-83.12322,42.34441],[-83.12282,42.34455],[-83.12141,42.34457],[-83.12068,42.34356],[-83.12742,42.34085],[-83.12739,42.34057],[-83.12704,42.34032],[-83.12641,42.33946],[-83.12632,42.33908],[-83.12584,42.33868],[-83.12465,42.33703],[-83.12453,42.33663],[-83.12423,42.33647],[-83.12386,42.33595],[-83.12374,42.33562],[-83.12342,42.33534],[-83.12275,42.33442],[-83.12271,42.33411],[-83.12235,42.33386],[-83.12136,42.33251],[-83.12029,42.33284],[-83.11998,42.33306],[-83.11782,42.33392],[-83.11731,42.33401],[-83.11699,42.33425],[-83.11577,42.33472],[-83.11541,42.33458],[-83.1133,42.33175],[-83.11306,42.33118],[-83.11155,42.3312],[-83.11142,42.33104],[-83.10993,42.32903],[-83.10984,42.32877],[-83.10954,42.32848],[-83.10846,42.32699],[-83.10834,42.3267],[-83.10804,42.32642],[-83.10575,42.32326],[-83.10561,42.3229],[-83.1053,42.32262],[-83.10412,42.32099],[-83.10303,42.32131],[-83.10272,42.32152],[-83.10112,42.32217],[-83.10065,42.32227],[-83.10037,42.32247],[-83.09876,42.32315],[-83.09829,42.32323],[-83.09781,42.32303],[-83.09574,42.32014],[-83.09565,42.31988],[-83.09535,42.3196],[-83.09343,42.3169],[-83.09329,42.31658],[-83.09304,42.31636],[-83.09079,42.31323],[-83.08889,42.31393],[-83.08855,42.31345],[-83.08857,42.31313]]]}},{"type":"Feature","properties":{"agency":"ddot","agency_label":"DDOT","route":"12","name":"Conant","route_type":3},"geometry":{"type":"MultiLineString","coordinates":[[[-82.9851,42.33721],[-82.98538,42.33748],[-82.98723,42.34061],[-82.98761,42.34078],[-82.9901,42.34009],[-82.99141,42.33981],[-82.99376,42.33898],[-82.99418,42.33895],[-82.99526,42.33913],[-82.99611,42.33952],[-82.99655,42.33991],[-83.00059,42.34532],[-83.00191,42.34758],[-83.00226,42.34781],[-83.00294,42.34868],[-83.00398,42.35031],[-83.00407,42.35067],[-83.00439,42.35094],[-83.00617,42.35363],[-83.00625,42.354],[-83.00658,42.35426],[-83.00733,42.3554],[-83.00773,42.35555],[-83.01547,42.35273],[-83.01587,42.35278],[-83.01612,42.35298],[-83.01747,42.35502],[-83.01754,42.35531],[-83.01785,42.35559],[-83.01881,42.35704],[-83.01885,42.35733],[-83.01917,42.3576],[-83.0196,42.35824],[-83.01975,42.35866],[-83.02006,42.35894],[-83.02159,42.36125],[-83.02166,42.36159],[-83.02198,42.36185],[-83.02231,42.36234],[-83.0224,42.36265],[-83.0227,42.36294],[-83.02398,42.36486],[-83.02413,42.36528],[-83.02452,42.36567],[-83.02483,42.36616],[-83.02493,42.36651],[-83.02535,42.36695],[-83.02625,42.36832],[-83.02635,42.36866],[-83.02676,42.3691],[-83.02761,42.3704],[-83.0277,42.37072],[-83.02801,42.37101],[-83.02862,42.37194],[-83.02868,42.37223],[-83.0291,42.37267],[-83.02956,42.37337],[-83.02969,42.37376],[-83.03011,42.37421],[-83.03107,42.37567],[-83.03115,42.376],[-83.03145,42.37625],[-83.03284,42.37838],[-83.03297,42.37869],[-83.03302,42.37866],[-83.03356,42.37901],[-83.03477,42.37999],[-83.03467,42.38004],[-83.03477,42.37999],[-83.03487,42.38011],[-83.03656,42.38245],[-83.03647,42.38265],[-83.03698,42.38303],[-83.03821,42.38476],[-83.03833,42.38517],[-83.03866,42.38542],[-83.03919,42.38601],[-83.0394,42.38639],[-83.03999,42.38669],[-83.04138,42.3878],[-83.04162,42.38812],[-83.042,42.38829],[-83.04289,42.389],[-83.04305,42.38926],[-83.04356,42.38953],[-83.04451,42.39036],[-83.04457,42.39063],[-83.04493,42.39096],[-83.0457,42.39234],[-83.04567,42.39262],[-83.04613,42.39303],[-83.04734,42.39479],[-83.04736,42.39511],[-83.04772,42.39532],[-83.0485,42.39626],[-83.04864,42.39663],[-83.04906,42.39706],[-83.04947,42.39766],[-83.04957,42.39801],[-83.04988,42.39828],[-83.05085,42.39972],[-83.05093,42.40003],[-83.05125,42.40031],[-83.05168,42.40094],[-83.05177,42.40132],[-83.0521,42.40158],[-83.05265,42.40239],[-83.05272,42.40268],[-83.05303,42.40296],[-83.05368,42.40392],[-83.05381,42.40431],[-83.05415,42.40463],[-83.05456,42.40524],[-83.05466,42.40565],[-83.05512,42.40607],[-83.0556,42.40678],[-83.05567,42.40711],[-83.05605,42.40746],[-83.05681,42.40859],[-83.05689,42.40887],[-83.05719,42.40915],[-83.05773,42.40996],[-83.05784,42.41032],[-83.05827,42.41075],[-83.0588,42.41153],[-83.05889,42.41186],[-83.0592,42.41213],[-83.05985,42.4131],[-83.05993,42.4134],[-83.06024,42.41368],[-83.06151,42.41555],[-83.06157,42.41583],[-83.06186,42.41607],[-83.06363,42.41868],[-83.06373,42.41902],[-83.06404,42.41929],[-83.06496,42.42063],[-83.06503,42.42095],[-83.06535,42.42122],[-83.06701,42.42359],[-83.06715,42.42396],[-83.06747,42.42423],[-83.06854,42.42573],[-83.06864,42.42608],[-83.06909,42.4265],[-83.07032,42.42822],[-83.07045,42.42856],[-83.07076,42.42884],[-83.07201,42.43058],[-83.07234,42.43106],[-83.07246,42.43144],[-83.07278,42.43171],[-83.07358,42.4328],[-83.07371,42.43314],[-83.07403,42.43341],[-83.07555,42.43552],[-83.07565,42.4358],[-83.07595,42.43608],[-83.07715,42.43775],[-83.07723,42.43803],[-83.07755,42.4383],[-83.07898,42.44029],[-83.07965,42.44035],[-83.08013,42.44028],[-83.0834,42.44022],[-83.0838,42.4401],[-83.09022,42.43996],[-83.10228,42.43956],[-83.11268,42.43948],[-83.11689,42.43936],[-83.11929,42.43938],[-83.11986,42.43929],[-83.12129,42.4414],[-83.12096,42.44152],[-83.11611,42.44164],[-83.11601,42.44182],[-83.11604,42.44362],[-83.11683,42.44365],[-83.11687,42.44473],[-83.11682,42.44501]],[[-83.11682,42.44501],[-83.1173,42.44507],[-83.11729,42.44378],[-83.11703,42.44364],[-83.11604,42.44365],[-83.11603,42.44171],[-83.11647,42.4416],[-83.12096,42.44152],[-83.12144,42.44131],[-83.12154,42.44114],[-83.12021,42.43917],[-83.11971,42.43932],[-83.1193,42.43922],[-83.11883,42.43933],[-83.11737,42.43935],[-83.11683,42.43928],[-83.1164,42.43937],[-83.1125,42.43944],[-83.11212,42.43937],[-83.11164,42.43945],[-83.11067,42.43947],[-83.11013,42.43939],[-83.10966,42.43948],[-83.10746,42.43951],[-83.10557,42.43952],[-83.10499,42.43945],[-83.10452,42.43953],[-83.10265,42.43955],[-83.10227,42.43949],[-83.10107,42.4396],[-83.10016,42.43955],[-83.09969,42.43964],[-83.0978,42.4397],[-83.09736,42.43964],[-83.09698,42.43972],[-83.0959,42.43967],[-83.09536,42.43977],[-83.09447,42.43979],[-83.09412,42.43972],[-83.09291,42.43984],[-83.09246,42.43978],[-83.09186,42.43987],[-83.08924,42.43995],[-83.0887,42.43988],[-83.08823,42.43997],[-83.0868,42.44002],[-83.0864,42.43995],[-83.08593,42.44004],[-83.08435,42.44009],[-83.08398,42.44003],[-83.08314,42.44016],[-83.08264,42.43997],[-83.08216,42.44004],[-83.08071,42.44006],[-83.08028,42.44],[-83.07883,42.44009],[-83.07864,42.43969],[-83.07823,42.43925],[-83.07731,42.43798],[-83.0772,42.43769],[-83.07691,42.43741],[-83.0751,42.43489],[-83.07495,42.43457],[-83.07465,42.43428],[-83.07385,42.43317],[-83.07364,42.43276],[-83.07288,42.43185],[-83.07187,42.43028],[-83.07159,42.42999],[-83.07042,42.42836],[-83.07032,42.42809],[-83.07002,42.4278],[-83.06854,42.42573],[-83.06841,42.42543],[-83.06812,42.42514],[-83.06718,42.42381],[-83.06705,42.42347],[-83.06678,42.42327],[-83.06601,42.42219],[-83.06582,42.42178],[-83.06553,42.42149],[-83.06459,42.4201],[-83.06445,42.41974],[-83.06405,42.41929],[-83.06351,42.4184],[-83.06151,42.41555],[-83.0614,42.41525],[-83.06114,42.41501],[-83.06,42.41332],[-83.05991,42.41306],[-83.05963,42.41276],[-83.05737,42.40943],[-83.05726,42.40912],[-83.05698,42.40885],[-83.05575,42.40701],[-83.05565,42.40673],[-83.05536,42.40643],[-83.05425,42.40478],[-83.05416,42.4045],[-83.05383,42.40414],[-83.05273,42.40251],[-83.05264,42.40224],[-83.05192,42.4013],[-83.0517,42.40085],[-83.05142,42.40056],[-83.05044,42.39911],[-83.05025,42.39872],[-83.04999,42.39843],[-83.04861,42.39641],[-83.04852,42.39612],[-83.04821,42.39592],[-83.0476,42.39518],[-83.0475,42.39482],[-83.04723,42.39463],[-83.04622,42.39315],[-83.04609,42.39273],[-83.04578,42.39249],[-83.0446,42.39035],[-83.04356,42.38953],[-83.04327,42.38916],[-83.04289,42.389],[-83.0415,42.38789],[-83.04125,42.38754],[-83.04083,42.38735],[-83.03919,42.38601],[-83.03873,42.38551],[-83.03855,42.38507],[-83.03824,42.38479],[-83.03675,42.38271],[-83.03656,42.38229],[-83.03625,42.38201],[-83.03511,42.38042],[-83.03503,42.38011],[-83.03328,42.37885],[-83.03311,42.37857],[-83.03284,42.37838],[-83.03113,42.37577],[-83.03103,42.37548],[-83.03075,42.37518],[-83.02974,42.37364],[-83.02965,42.37336],[-83.02936,42.37306],[-83.02872,42.37209],[-83.02858,42.37173],[-83.02783,42.37073],[-83.02765,42.37032],[-83.02737,42.37003],[-83.0263,42.3684],[-83.02618,42.36809],[-83.0259,42.36779],[-83.02493,42.3663],[-83.02482,42.36602],[-83.02388,42.3647],[-83.02374,42.36438],[-83.02342,42.36402],[-83.02299,42.36328],[-83.02163,42.36132],[-83.02152,42.36104],[-83.0206,42.35975],[-83.02046,42.3594],[-83.02021,42.35916],[-83.01886,42.35713],[-83.01875,42.35684],[-83.01848,42.35654],[-83.01761,42.35522],[-83.01743,42.3548],[-83.01716,42.35455],[-83.01586,42.35259],[-83.01546,42.35261],[-83.01489,42.35294],[-83.01197,42.354],[-83.01158,42.35402],[-83.01132,42.35424],[-83.00807,42.35542],[-83.0077,42.35542],[-83.00727,42.35531],[-83.00663,42.35434],[-83.0065,42.35401],[-83.00619,42.35366],[-83.00411,42.35051],[-83.00404,42.3502],[-83.00373,42.34992],[-83.003,42.34878],[-83.00271,42.34811],[-83.00194,42.34693],[-83.00059,42.34532],[-82.99655,42.33991],[-82.9964,42.33947],[-82.9964,42.33915],[-82.99704,42.33779],[-82.99698,42.33757],[-82.99685,42.33743],[-82.99631,42.3371],[-82.9959,42.33672],[-82.99531,42.33651],[-82.99276,42.33733],[-82.99215,42.33693],[-82.99132,42.3366],[-82.99085,42.33653],[-82.98964,42.33655],[-82.98947,42.33641],[-82.98924,42.33596],[-82.98817,42.33622],[-82.98727,42.33522],[-82.98689,42.33462],[-82.98566,42.33511],[-82.98416,42.33552],[-82.98502,42.33689],[-82.9851,42.33721]]]}},{"type":"Feature","properties":{"agency":"ddot","agency_label":"DDOT","route":"13","name":"Conner","route_type":3},"geometry":{"type":"MultiLineString","coordinates":[[[-82.96996,42.36621],[-82.97029,42.36648],[-82.97061,42.36697],[-82.9694,42.36755],[-82.96645,42.36865],[-82.96638,42.36854],[-82.96645,42.36865],[-82.96495,42.3692],[-82.96194,42.36968],[-82.95892,42.37003],[-82.9591,42.37035],[-82.95897,42.37042],[-82.95911,42.37037],[-82.9615,42.37398],[-82.96156,42.37408],[-82.96146,42.37412],[-82.96156,42.37408],[-82.96199,42.37472],[-82.96276,42.37595],[-82.96266,42.37598],[-82.96276,42.37595],[-82.96415,42.37803],[-82.96435,42.37838],[-82.96425,42.37842],[-82.96435,42.37838],[-82.96479,42.37901],[-82.96574,42.38052],[-82.96565,42.38055],[-82.96574,42.38052],[-82.96819,42.38417],[-82.96805,42.38423],[-82.96819,42.38417],[-82.96854,42.38458],[-82.96912,42.38547],[-82.96964,42.38595],[-82.96955,42.38601],[-82.96964,42.38595],[-82.97079,42.3871],[-82.97131,42.38747],[-82.97124,42.38753],[-82.97131,42.38747],[-82.97194,42.38779],[-82.97351,42.38838],[-82.97351,42.38846],[-82.97356,42.3884],[-82.97661,42.38947],[-82.97654,42.38959],[-82.97661,42.38947],[-82.97877,42.39022],[-82.97893,42.39031],[-82.97883,42.39041],[-82.97893,42.39031],[-82.97911,42.3904],[-82.98091,42.39157],[-82.98079,42.39168],[-82.98091,42.39157],[-82.98234,42.3925],[-82.98361,42.39317],[-82.9835,42.39325],[-82.98361,42.39317],[-82.98397,42.39338],[-82.98502,42.39426],[-82.98496,42.39435],[-82.98507,42.39431],[-82.986,42.39512],[-82.98596,42.39516],[-82.98601,42.39513],[-82.98632,42.39541],[-82.98738,42.39645],[-82.98809,42.39679],[-82.98895,42.39699],[-82.98953,42.39733],[-82.98999,42.39785],[-82.98994,42.39787],[-82.99022,42.39803],[-82.99169,42.39955],[-82.99161,42.39959],[-82.99169,42.39955],[-82.9926,42.40048],[-82.99289,42.40083],[-82.9928,42.40087],[-82.99289,42.40083],[-82.99456,42.40257],[-82.99447,42.40261],[-82.99456,42.40257],[-82.99647,42.4041],[-82.99633,42.40415],[-82.99647,42.4041],[-82.99749,42.40493],[-82.99631,42.40669],[-82.99613,42.40665],[-82.99628,42.40673],[-82.99509,42.40859],[-82.99555,42.40876],[-82.99555,42.40889],[-82.99567,42.40878],[-82.99588,42.40893],[-82.99726,42.41104],[-82.99716,42.41108],[-82.99726,42.41104],[-82.99826,42.41261],[-82.99816,42.41264],[-82.99826,42.41261],[-82.99894,42.41367],[-82.99921,42.41411],[-82.99911,42.41415],[-82.99921,42.41411],[-83.00014,42.41557],[-83.00003,42.41561],[-83.00014,42.41557],[-83.00046,42.41604],[-83.00121,42.41724],[-83.00112,42.41728],[-83.00121,42.41724],[-83.00226,42.41886],[-83.00216,42.4189],[-83.00226,42.41886],[-83.00287,42.4198],[-83.00307,42.42012],[-83.00299,42.42014],[-83.00307,42.42012],[-83.00324,42.42037],[-83.00374,42.42069],[-83.00406,42.42104],[-83.00413,42.42211],[-83.00411,42.42255],[-83.00402,42.42256],[-83.00411,42.42255],[-83.00416,42.4229],[-83.00417,42.42398],[-83.00409,42.42398],[-83.00417,42.42398],[-83.00424,42.42569],[-83.00415,42.42569],[-83.00424,42.42569],[-83.00426,42.42595],[-83.00432,42.4274],[-83.00424,42.42741],[-83.00432,42.4274],[-83.00441,42.42927],[-83.00433,42.42927],[-83.00441,42.42927],[-83.0046,42.4323],[-83.0046,42.43291],[-83.00451,42.43292],[-83.0046,42.43291],[-83.00467,42.43476],[-83.00458,42.43472],[-83.00467,42.43476],[-83.00474,42.43524],[-83.00476,42.43646],[-83.00466,42.43644],[-83.00476,42.43646],[-83.00485,42.43889],[-83.00475,42.43889],[-83.00485,42.43889],[-83.0049,42.43941],[-83.005,42.44207],[-83.00499,42.44237],[-83.0049,42.44237],[-83.00499,42.44237],[-83.00505,42.44324],[-83.00512,42.44515],[-83.0051,42.44553],[-83.00501,42.44553],[-83.0051,42.44553],[-83.00509,42.44573],[-83.00402,42.44723],[-83.0038,42.44748],[-83.00368,42.44743],[-83.0038,42.44748],[-83.00275,42.44888],[-83.00076,42.44894],[-83.00066,42.44906],[-83.00064,42.44925],[-83.00337,42.44916],[-83.00338,42.44931],[-83.00337,42.44916],[-83.00766,42.449],[-83.0077,42.44909],[-83.00768,42.449],[-83.00921,42.44891],[-83.01412,42.44876],[-83.01412,42.44883],[-83.01412,42.44876],[-83.01943,42.44863],[-83.01954,42.44848],[-83.0195,42.44833],[-83.01902,42.44835],[-83.0187,42.4482]],[[-83.0187,42.4482],[-83.01802,42.44838],[-83.0144,42.44848],[-83.01393,42.44834],[-83.01324,42.4485],[-83.00763,42.44873],[-83.00725,42.44862],[-83.00683,42.44878],[-83.00521,42.44884],[-83.00481,42.44874],[-83.00436,42.44887],[-83.00272,42.44893],[-83.00506,42.44584],[-83.00519,42.4449],[-83.0051,42.44455],[-83.00499,42.44171],[-83.00504,42.44142],[-83.00493,42.44034],[-83.00498,42.43991],[-83.0049,42.43956],[-83.00492,42.4385],[-83.00479,42.43666],[-83.00485,42.43625],[-83.00476,42.43572],[-83.00471,42.43446],[-83.00481,42.43414],[-83.00467,42.43361],[-83.00466,42.43243],[-83.00459,42.43208],[-83.00428,42.42578],[-83.00432,42.42523],[-83.00424,42.42488],[-83.00424,42.4237],[-83.00414,42.42245],[-83.00419,42.42205],[-83.00406,42.42104],[-83.0038,42.42074],[-83.00331,42.42044],[-83.00318,42.42027],[-83.00311,42.41999],[-83.00283,42.41973],[-83.00235,42.41898],[-83.00173,42.41801],[-83.00155,42.41759],[-83.00127,42.4173],[-83.00057,42.4162],[-83.00047,42.41589],[-83.00018,42.4156],[-82.99955,42.41462],[-82.99945,42.41431],[-82.99917,42.41402],[-82.99863,42.41318],[-82.99856,42.41291],[-82.99827,42.41262],[-82.99771,42.41175],[-82.99761,42.41142],[-82.99734,42.41116],[-82.99677,42.41028],[-82.9967,42.41],[-82.99641,42.40972],[-82.99582,42.40888],[-82.99512,42.4086],[-82.99546,42.40834],[-82.99557,42.40791],[-82.99647,42.40654],[-82.99676,42.40672],[-82.9973,42.40675],[-82.99851,42.4064],[-82.99907,42.40613],[-82.99727,42.40474],[-82.99708,42.40445],[-82.99667,42.40426],[-82.99478,42.40277],[-82.99454,42.40236],[-82.9941,42.40206],[-82.99284,42.40075],[-82.9927,42.40045],[-82.99233,42.40021],[-82.9912,42.39904],[-82.99101,42.39866],[-82.99057,42.39837],[-82.99023,42.398],[-82.99026,42.39733],[-82.99005,42.39666],[-82.98934,42.39565],[-82.98911,42.39549],[-82.98838,42.39521],[-82.98733,42.39509],[-82.98702,42.39494],[-82.98657,42.39498],[-82.98585,42.39472],[-82.98515,42.39433],[-82.98391,42.39333],[-82.98325,42.39297],[-82.98296,42.39266],[-82.98238,42.39253],[-82.98068,42.39142],[-82.98043,42.39107],[-82.97997,42.39095],[-82.97918,42.39045],[-82.97896,42.39017],[-82.97859,42.39015],[-82.97605,42.38931],[-82.97568,42.38905],[-82.9752,42.389],[-82.9731,42.38824],[-82.97278,42.38795],[-82.9723,42.38791],[-82.97136,42.38755],[-82.97112,42.3874],[-82.97101,42.38708],[-82.97064,42.38695],[-82.96945,42.38581],[-82.9694,42.38548],[-82.96904,42.38536],[-82.96817,42.38419],[-82.96788,42.38374],[-82.9678,42.38336],[-82.96746,42.38311],[-82.96598,42.38084],[-82.9659,42.38043],[-82.96544,42.38001],[-82.96396,42.37774],[-82.96385,42.37732],[-82.96352,42.37705],[-82.96256,42.3756],[-82.96249,42.37523],[-82.96205,42.37481],[-82.96124,42.37358],[-82.96118,42.37326],[-82.96086,42.37299],[-82.95896,42.37007],[-82.95954,42.37004],[-82.95999,42.36991],[-82.96495,42.36923],[-82.96761,42.36826],[-82.96805,42.36822],[-82.96841,42.36797],[-82.97061,42.36702],[-82.97021,42.36636],[-82.97019,42.36604]]]}},{"type":"Feature","properties":{"agency":"ddot","agency_label":"DDOT","route":"15","name":"Chicago-Davison","route_type":3},"geometry":{"type":"MultiLineString","coordinates":[[[-83.24629,42.37134],[-83.24622,42.37098],[-83.24611,42.36793],[-83.24616,42.36753],[-83.24608,42.36717],[-83.24598,42.36467],[-83.24597,42.36458],[-83.24555,42.36453],[-83.24507,42.3646],[-83.24351,42.36462],[-83.24315,42.36455],[-83.24268,42.36463],[-83.24126,42.36465],[-83.24068,42.36457],[-83.24021,42.36466],[-83.23852,42.36469],[-83.23811,42.36462],[-83.23764,42.3647],[-83.23632,42.36473],[-83.23576,42.36464],[-83.23529,42.36474],[-83.23387,42.36477],[-83.2334,42.36469],[-83.23293,42.36478],[-83.23099,42.36483],[-83.23057,42.36473],[-83.23002,42.36485],[-83.22905,42.36486],[-83.22849,42.36478],[-83.22802,42.36488],[-83.2266,42.36491],[-83.22602,42.36483],[-83.22555,42.36493],[-83.22445,42.36495],[-83.22388,42.36486],[-83.22341,42.36496],[-83.22174,42.365],[-83.22124,42.36491],[-83.22078,42.36501],[-83.2191,42.36504],[-83.21847,42.36505],[-83.21799,42.36495],[-83.21748,42.36517],[-83.21659,42.36529],[-83.21399,42.36506],[-83.21352,42.36513],[-83.2121,42.36516],[-83.21152,42.36508],[-83.21105,42.36517],[-83.2094,42.3652],[-83.20897,42.3651],[-83.20851,42.36521],[-83.2065,42.36525],[-83.20608,42.36519],[-83.20573,42.36527],[-83.20475,42.36528],[-83.2043,42.3652],[-83.20383,42.3653],[-83.2031,42.36531],[-83.20235,42.36524],[-83.20164,42.36533],[-83.19947,42.36536],[-83.19908,42.36529],[-83.19861,42.36537],[-83.19731,42.36539],[-83.19694,42.36529],[-83.19649,42.36541],[-83.19528,42.36543],[-83.19492,42.36533],[-83.19407,42.36546],[-83.19309,42.36548],[-83.1927,42.36539],[-83.19224,42.3655],[-83.19089,42.36553],[-83.19044,42.36544],[-83.18998,42.36555],[-83.18862,42.36559],[-83.1882,42.36549],[-83.18774,42.3656],[-83.18631,42.36563],[-83.18579,42.36554],[-83.18533,42.36565],[-83.18388,42.36568],[-83.18348,42.36559],[-83.18277,42.36571],[-83.18131,42.36574],[-83.18073,42.36565],[-83.18027,42.36576],[-83.17775,42.36582],[-83.17731,42.36572],[-83.17684,42.36583],[-83.1753,42.36587],[-83.17489,42.36576],[-83.17443,42.36588],[-83.1731,42.36592],[-83.17264,42.36581],[-83.17218,42.36593],[-83.17048,42.36597],[-83.17001,42.36586],[-83.16956,42.36599],[-83.16651,42.36605],[-83.16614,42.36596],[-83.16567,42.36607],[-83.16435,42.3661],[-83.16389,42.366],[-83.16343,42.36611],[-83.16236,42.36614],[-83.16163,42.36604],[-83.16092,42.36617],[-83.15825,42.36622],[-83.15785,42.36612],[-83.15739,42.36623],[-83.15582,42.36627],[-83.15541,42.36617],[-83.15506,42.36628],[-83.15289,42.36632],[-83.15245,42.36656],[-83.15222,42.36686],[-83.1515,42.36743],[-83.15136,42.36766],[-83.15142,42.36954],[-83.15131,42.36988],[-83.15145,42.37028],[-83.15145,42.37139],[-83.15103,42.37246],[-83.15078,42.37273],[-83.1508,42.37302],[-83.15074,42.37337],[-83.15056,42.3737],[-83.15051,42.37413],[-83.14964,42.37597],[-83.14943,42.3762],[-83.1494,42.37648],[-83.14918,42.37668],[-83.1489,42.37677],[-83.14766,42.37673],[-83.14655,42.37686],[-83.1457,42.37737],[-83.14551,42.37764],[-83.145,42.37801],[-83.14506,42.37822],[-83.14491,42.3787],[-83.145,42.37905],[-83.14508,42.38101],[-83.14502,42.38134],[-83.14511,42.3817],[-83.1452,42.38385],[-83.14513,42.38416],[-83.14523,42.38451],[-83.14527,42.38541],[-83.1452,42.38593],[-83.1453,42.38628],[-83.1428,42.38639],[-83.14245,42.38632],[-83.14201,42.38643],[-83.14027,42.38644],[-83.13932,42.38654],[-83.13849,42.38672],[-83.13794,42.38707],[-83.13518,42.38815],[-83.13479,42.38812],[-83.13447,42.38839],[-83.13361,42.38873],[-83.13304,42.3888],[-83.1327,42.38906],[-83.13089,42.38977],[-83.13045,42.38981],[-83.1301,42.39006],[-83.12858,42.39062],[-83.12814,42.39062],[-83.12761,42.39098],[-83.12495,42.39197],[-83.12455,42.39192],[-83.12422,42.39224],[-83.12208,42.39303],[-83.12163,42.39306],[-83.12136,42.3933],[-83.11916,42.39412],[-83.11875,42.39411],[-83.11822,42.39447],[-83.11606,42.39527],[-83.11557,42.3953],[-83.11524,42.39556],[-83.11329,42.3963],[-83.11279,42.39634],[-83.11112,42.39745],[-83.11092,42.39701],[-83.11063,42.39672],[-83.11011,42.39598],[-83.10998,42.39564],[-83.10968,42.39536],[-83.10895,42.3943],[-83.10856,42.39435],[-83.10818,42.39458],[-83.10678,42.39507],[-83.10586,42.39532],[-83.10542,42.39534],[-83.10502,42.39554],[-83.10208,42.39631],[-83.10207,42.39658],[-83.10237,42.39675],[-83.10248,42.39691],[-83.10351,42.39845],[-83.10354,42.39877],[-83.104,42.39918],[-83.10473,42.40026],[-83.10482,42.40068],[-83.10515,42.40088],[-83.10618,42.40241],[-83.10623,42.40276],[-83.10663,42.40308],[-83.10681,42.40335],[-83.10641,42.4037],[-83.10592,42.40371],[-83.10338,42.40465],[-83.10259,42.40503],[-83.10075,42.40563],[-83.09896,42.40673],[-83.09532,42.40814],[-83.09478,42.40822],[-83.09421,42.40855],[-83.08911,42.41046],[-83.08893,42.41011],[-83.08807,42.40891],[-83.08795,42.4086],[-83.08769,42.4084],[-83.08737,42.40724],[-83.08662,42.40611],[-83.08577,42.40626],[-83.0846,42.40667],[-83.08337,42.40752],[-83.08088,42.40827],[-83.07871,42.40875],[-83.0773,42.40872],[-83.0764,42.4088],[-83.07609,42.40904],[-83.07417,42.40975],[-83.07282,42.41045],[-83.07242,42.41052],[-83.07209,42.41087],[-83.07028,42.41209],[-83.06983,42.41225],[-83.06943,42.41258],[-83.06867,42.41289],[-83.0692,42.4136],[-83.06929,42.41392],[-83.06956,42.41413],[-83.07021,42.4151],[-83.0703,42.41543],[-83.07062,42.4157],[-83.07161,42.41714],[-83.07175,42.41755],[-83.07206,42.41783],[-83.07261,42.41862],[-83.07269,42.41896]],[[-83.24629,42.37134],[-83.24622,42.37098],[-83.24611,42.36793],[-83.24616,42.36753],[-83.24608,42.36717],[-83.24598,42.36467],[-83.24597,42.36458],[-83.24555,42.36453],[-83.24507,42.3646],[-83.24351,42.36462],[-83.24315,42.36455],[-83.24268,42.36463],[-83.24126,42.36465],[-83.24068,42.36457],[-83.24021,42.36466],[-83.23852,42.36469],[-83.23811,42.36462],[-83.23764,42.3647],[-83.23632,42.36473],[-83.23576,42.36464],[-83.23529,42.36474],[-83.23387,42.36477],[-83.2334,42.36469],[-83.23293,42.36478],[-83.23099,42.36483],[-83.23057,42.36473],[-83.23002,42.36485],[-83.22905,42.36486],[-83.22849,42.36478],[-83.22802,42.36488],[-83.2266,42.36491],[-83.22602,42.36483],[-83.22555,42.36493],[-83.22445,42.36495],[-83.22388,42.36486],[-83.22341,42.36496],[-83.22174,42.365],[-83.22124,42.36491],[-83.22078,42.36501],[-83.2191,42.36504],[-83.21847,42.36505],[-83.21799,42.36495],[-83.21748,42.36517],[-83.21659,42.36529],[-83.21399,42.36506],[-83.21352,42.36513],[-83.2121,42.36516],[-83.21152,42.36508],[-83.21105,42.36517],[-83.2094,42.3652],[-83.20897,42.3651],[-83.20851,42.36521],[-83.2065,42.36525],[-83.20608,42.36519],[-83.20573,42.36527],[-83.20475,42.36528],[-83.2043,42.3652],[-83.20383,42.3653],[-83.2031,42.36531],[-83.20235,42.36524],[-83.20164,42.36533],[-83.19947,42.36536],[-83.19908,42.36529],[-83.19861,42.36537],[-83.19731,42.36539],[-83.19694,42.36529],[-83.19649,42.36541],[-83.19528,42.36543],[-83.19492,42.36533],[-83.19407,42.36546],[-83.19309,42.36548],[-83.1927,42.36539],[-83.19224,42.3655],[-83.19089,42.36553],[-83.19044,42.36544],[-83.18998,42.36555],[-83.18862,42.36559],[-83.1882,42.36549],[-83.18774,42.3656],[-83.18631,42.36563],[-83.18579,42.36554],[-83.18533,42.36565],[-83.18388,42.36568],[-83.18348,42.36559],[-83.18277,42.36571],[-83.18131,42.36574],[-83.18073,42.36565],[-83.18027,42.36576],[-83.17775,42.36582],[-83.17731,42.36572],[-83.17684,42.36583],[-83.1753,42.36587],[-83.17489,42.36576],[-83.17443,42.36588],[-83.1731,42.36592],[-83.17264,42.36581],[-83.17218,42.36593],[-83.17048,42.36597],[-83.17001,42.36586],[-83.16956,42.36599],[-83.16651,42.36605],[-83.16614,42.36596],[-83.16567,42.36607],[-83.16435,42.3661],[-83.16389,42.366],[-83.16343,42.36611],[-83.16236,42.36614],[-83.16163,42.36604],[-83.16092,42.36617],[-83.15825,42.36622],[-83.15785,42.36612],[-83.15739,42.36623],[-83.15582,42.36627],[-83.15541,42.36617],[-83.15506,42.36628],[-83.15289,42.36632],[-83.15245,42.36656],[-83.15222,42.36686],[-83.1515,42.36743],[-83.15136,42.36766],[-83.15142,42.36954],[-83.15131,42.36988],[-83.15145,42.37028],[-83.15145,42.37139],[-83.15103,42.37246],[-83.15078,42.37273],[-83.1508,42.37302],[-83.15074,42.37337],[-83.15056,42.3737],[-83.15051,42.37413],[-83.14964,42.37597],[-83.14943,42.3762],[-83.1494,42.37648],[-83.14918,42.37668],[-83.1489,42.37677],[-83.14766,42.37673],[-83.14655,42.37686],[-83.1457,42.37737],[-83.14551,42.37764],[-83.145,42.37801],[-83.14506,42.37822],[-83.14491,42.3787],[-83.145,42.37905],[-83.14508,42.38101],[-83.14502,42.38134],[-83.14511,42.3817],[-83.1452,42.38385],[-83.14513,42.38416],[-83.14523,42.38451],[-83.14527,42.38541],[-83.1452,42.38593],[-83.1453,42.38628],[-83.1428,42.38639],[-83.14245,42.38632],[-83.14201,42.38643],[-83.14027,42.38644],[-83.13932,42.38654],[-83.13849,42.38672],[-83.13794,42.38707],[-83.13518,42.38815],[-83.13479,42.38812],[-83.13447,42.38839],[-83.13361,42.38873],[-83.13304,42.3888],[-83.1327,42.38906],[-83.13089,42.38977],[-83.13045,42.38981],[-83.1301,42.39006],[-83.12858,42.39062],[-83.12814,42.39062],[-83.12761,42.39098],[-83.12495,42.39197],[-83.12455,42.39192],[-83.12422,42.39224],[-83.12208,42.39303],[-83.12163,42.39306],[-83.12136,42.3933],[-83.11916,42.39412],[-83.11875,42.39411],[-83.11822,42.39447],[-83.11606,42.39527],[-83.11557,42.3953],[-83.11524,42.39556],[-83.11329,42.3963],[-83.11279,42.39634],[-83.11112,42.39745],[-83.11092,42.39701],[-83.11063,42.39672],[-83.11011,42.39598],[-83.10998,42.39564],[-83.10968,42.39536],[-83.10895,42.3943],[-83.10856,42.39435],[-83.10818,42.39458],[-83.10678,42.39507],[-83.10586,42.39532],[-83.10542,42.39534],[-83.10502,42.39554],[-83.10208,42.39631],[-83.10207,42.39658],[-83.10237,42.39675],[-83.10248,42.39691],[-83.10351,42.39845],[-83.10354,42.39877],[-83.104,42.39918],[-83.10473,42.40026],[-83.10482,42.40068],[-83.10515,42.40088],[-83.10618,42.40241],[-83.10623,42.40276],[-83.10663,42.40308],[-83.10681,42.40335],[-83.1063,42.40375],[-83.10592,42.40371],[-83.10338,42.40465],[-83.10259,42.40503],[-83.10075,42.40563],[-83.09946,42.40639]],[[-83.09887,42.40692],[-83.09983,42.40647],[-83.10075,42.40589],[-83.10393,42.4047],[-83.10363,42.40416],[-83.10267,42.40283],[-83.10258,42.40256],[-83.10229,42.40227],[-83.10107,42.40045],[-83.10096,42.40015],[-83.10067,42.39986],[-83.09949,42.39811],[-83.09937,42.39781],[-83.09885,42.39715],[-83.1001,42.39688],[-83.10053,42.39671],[-83.10572,42.3954],[-83.1094,42.39417],[-83.11068,42.39366],[-83.11125,42.39363],[-83.11153,42.39388],[-83.11228,42.39497],[-83.11239,42.39525],[-83.1131,42.39616],[-83.11356,42.39631],[-83.11391,42.39607],[-83.11587,42.39534],[-83.1163,42.3953],[-83.11677,42.395],[-83.11916,42.39412],[-83.11953,42.3941],[-83.11989,42.39385],[-83.12223,42.39298],[-83.1226,42.39294],[-83.12297,42.39271],[-83.12492,42.39198],[-83.12535,42.39195],[-83.1257,42.3917],[-83.12722,42.39113],[-83.12799,42.39099],[-83.12832,42.39073],[-83.13138,42.38955],[-83.13145,42.38969],[-83.13138,42.38955],[-83.13361,42.38872],[-83.13369,42.38883],[-83.13361,42.38872],[-83.13553,42.38798],[-83.13561,42.38811],[-83.13553,42.38798],[-83.13703,42.38743],[-83.13758,42.38736],[-83.13791,42.3871],[-83.13864,42.3868],[-83.14543,42.38643],[-83.1451,42.37848],[-83.14525,42.37821],[-83.14555,42.37792],[-83.14665,42.37711],[-83.14894,42.37698],[-83.14931,42.37689],[-83.14966,42.3766],[-83.15014,42.3757],[-83.15086,42.37401],[-83.15116,42.37288],[-83.15181,42.37142],[-83.15165,42.36772],[-83.15173,42.36755],[-83.15331,42.36633],[-83.15425,42.36637],[-83.15579,42.36627],[-83.15633,42.36632],[-83.15844,42.36622],[-83.15883,42.36628],[-83.15931,42.3662],[-83.1619,42.3662],[-83.16237,42.36614],[-83.16827,42.36607],[-83.17138,42.36595],[-83.17189,42.36601],[-83.17236,42.36593],[-83.17431,42.36595],[-83.17479,42.36588],[-83.18008,42.36577],[-83.18046,42.36583],[-83.18094,42.36575],[-83.18509,42.36566],[-83.18558,42.36572],[-83.18605,42.36564],[-83.18752,42.36561],[-83.18788,42.36569],[-83.18859,42.36559],[-83.18956,42.36556],[-83.18997,42.36563],[-83.19044,42.36554],[-83.19175,42.36551],[-83.19214,42.36557],[-83.19261,42.36549],[-83.19421,42.36552],[-83.19731,42.36539],[-83.19768,42.36545],[-83.19835,42.36538],[-83.20603,42.36531],[-83.20796,42.36523],[-83.20849,42.36528],[-83.21037,42.36519],[-83.2108,42.36526],[-83.21128,42.36518],[-83.21274,42.36515],[-83.21321,42.36521],[-83.21497,42.36511],[-83.21585,42.3653],[-83.2169,42.36527],[-83.21847,42.36505],[-83.22777,42.36494],[-83.23461,42.36476],[-83.23514,42.3648],[-83.23606,42.36473],[-83.23592,42.36504],[-83.23608,42.36533],[-83.2362,42.36929],[-83.2361,42.36965],[-83.23622,42.37],[-83.23628,42.37192],[-83.23671,42.37204],[-83.23717,42.37192],[-83.23828,42.3719],[-83.23876,42.3719],[-83.23909,42.37203],[-83.23954,42.3719],[-83.24002,42.3719],[-83.24124,42.3719],[-83.2416,42.37204],[-83.24205,42.37191],[-83.2437,42.37189],[-83.24407,42.37201],[-83.24452,42.37188],[-83.24623,42.37185],[-83.24629,42.37134]],[[-83.07255,42.41837],[-83.07224,42.41808],[-83.07005,42.41485],[-83.06991,42.41449],[-83.06961,42.41421],[-83.0692,42.4136],[-83.06977,42.41338],[-83.07304,42.41141],[-83.07629,42.41025],[-83.0788,42.40919],[-83.0806,42.40877],[-83.08429,42.40813],[-83.08684,42.40713],[-83.08711,42.40769],[-83.08793,42.40871],[-83.08805,42.40906],[-83.08839,42.4094],[-83.0891,42.41046],[-83.09813,42.40708],[-83.09887,42.40692],[-83.09983,42.40647],[-83.10075,42.40589],[-83.10393,42.4047],[-83.10363,42.40416],[-83.10267,42.40283],[-83.10258,42.40256],[-83.10229,42.40227],[-83.10107,42.40045],[-83.10096,42.40015],[-83.10067,42.39986],[-83.09949,42.39811],[-83.09937,42.39781],[-83.09885,42.39715],[-83.1001,42.39688],[-83.10053,42.39671],[-83.10572,42.3954],[-83.1094,42.39417],[-83.11068,42.39366],[-83.11125,42.39363],[-83.11153,42.39388],[-83.11228,42.39497],[-83.11239,42.39525],[-83.1131,42.39616],[-83.11356,42.39631],[-83.11391,42.39607],[-83.11587,42.39534],[-83.1163,42.3953],[-83.11677,42.395],[-83.11916,42.39412],[-83.11953,42.3941],[-83.11989,42.39385],[-83.12223,42.39298],[-83.1226,42.39294],[-83.12297,42.39271],[-83.12492,42.39198],[-83.12535,42.39195],[-83.1257,42.3917],[-83.12722,42.39113],[-83.12799,42.39099],[-83.12832,42.39073],[-83.13138,42.38955],[-83.13145,42.38969],[-83.13138,42.38955],[-83.13361,42.38872],[-83.13369,42.38883],[-83.13361,42.38872],[-83.13553,42.38798],[-83.13561,42.38811],[-83.13553,42.38798],[-83.13703,42.38743],[-83.13758,42.38736],[-83.13791,42.3871],[-83.13864,42.3868],[-83.14543,42.38643],[-83.1451,42.37848],[-83.14525,42.37821],[-83.14555,42.37792],[-83.14665,42.37711],[-83.14894,42.37698],[-83.14931,42.37689],[-83.14966,42.3766],[-83.15014,42.3757],[-83.15086,42.37401],[-83.15116,42.37288],[-83.15181,42.37142],[-83.15165,42.36772],[-83.15173,42.36755],[-83.15331,42.36633],[-83.15425,42.36637],[-83.15579,42.36627],[-83.15633,42.36632],[-83.15844,42.36622],[-83.15883,42.36628],[-83.15931,42.3662],[-83.1619,42.3662],[-83.16237,42.36614],[-83.16827,42.36607],[-83.17138,42.36595],[-83.17189,42.36601],[-83.17236,42.36593],[-83.17431,42.36595],[-83.17479,42.36588],[-83.18008,42.36577],[-83.18046,42.36583],[-83.18094,42.36575],[-83.18509,42.36566],[-83.18558,42.36572],[-83.18605,42.36564],[-83.18752,42.36561],[-83.18788,42.36569],[-83.18859,42.36559],[-83.18956,42.36556],[-83.18997,42.36563],[-83.19044,42.36554],[-83.19175,42.36551],[-83.19214,42.36557],[-83.19261,42.36549],[-83.19421,42.36552],[-83.19731,42.36539],[-83.19768,42.36545],[-83.19835,42.36538],[-83.20603,42.36531],[-83.20796,42.36523],[-83.20849,42.36528],[-83.21037,42.36519],[-83.2108,42.36526],[-83.21128,42.36518],[-83.21274,42.36515],[-83.21321,42.36521],[-83.21497,42.36511],[-83.21585,42.3653],[-83.2169,42.36527],[-83.21847,42.36505],[-83.22777,42.36494],[-83.23461,42.36476],[-83.23514,42.3648],[-83.23606,42.36473],[-83.23592,42.36504],[-83.23608,42.36533],[-83.2362,42.36929],[-83.2361,42.36965],[-83.23622,42.37],[-83.23628,42.37192],[-83.23671,42.37204],[-83.23717,42.37192],[-83.23828,42.3719],[-83.23876,42.3719],[-83.23909,42.37203],[-83.23954,42.3719],[-83.24002,42.3719],[-83.24124,42.3719],[-83.2416,42.37204],[-83.24205,42.37191],[-83.2437,42.37189],[-83.24407,42.37201],[-83.24452,42.37188],[-83.24623,42.37185],[-83.24629,42.37134]]]}},{"type":"Feature","properties":{"agency":"ddot","agency_label":"DDOT","route":"16","name":"Dexter","route_type":3},"geometry":{"type":"MultiLineString","coordinates":[[[-83.0467,42.328],[-83.04815,42.32738],[-83.04825,42.3277],[-83.04858,42.32796],[-83.04923,42.32877],[-83.05052,42.33057],[-83.05067,42.33096],[-83.05087,42.33121],[-83.05083,42.3317],[-83.05268,42.3317],[-83.05279,42.33181],[-83.05536,42.33614],[-83.05545,42.33653],[-83.05574,42.33682],[-83.05775,42.34027],[-83.05772,42.34058],[-83.05805,42.34076],[-83.05858,42.34183],[-83.05986,42.34405],[-83.05988,42.34434],[-83.06021,42.34468],[-83.06114,42.34642],[-83.06288,42.34936],[-83.06294,42.3497],[-83.06323,42.34996],[-83.06435,42.35193],[-83.06442,42.35232],[-83.06482,42.35276],[-83.06664,42.35594],[-83.06678,42.35635],[-83.06705,42.35666],[-83.06771,42.35782],[-83.06779,42.35822],[-83.06819,42.35866],[-83.0689,42.3599],[-83.06898,42.36021],[-83.06924,42.3605],[-83.07087,42.36334],[-83.07106,42.36367],[-83.07111,42.36406],[-83.07152,42.36449],[-83.07236,42.36596],[-83.07242,42.36633],[-83.07272,42.36661],[-83.0735,42.36772],[-83.0736,42.36811],[-83.07393,42.36837],[-83.07489,42.36981],[-83.08903,42.36456],[-83.08982,42.36421],[-83.09023,42.36391],[-83.09061,42.36388],[-83.09105,42.36364],[-83.09451,42.36235],[-83.09497,42.36229],[-83.09554,42.36196],[-83.09719,42.36136],[-83.09755,42.3613],[-83.09793,42.36107],[-83.09997,42.36033],[-83.10038,42.36033],[-83.10262,42.35948],[-83.10314,42.35938],[-83.10352,42.35915],[-83.10611,42.35825],[-83.10651,42.35804],[-83.10886,42.35716],[-83.10899,42.35752],[-83.10927,42.35777],[-83.10997,42.35881],[-83.11003,42.35908],[-83.11034,42.35936],[-83.11102,42.36036],[-83.11105,42.36064],[-83.11137,42.36091],[-83.11181,42.36155],[-83.11194,42.36194],[-83.11226,42.36221],[-83.11296,42.36326],[-83.11304,42.36355],[-83.11334,42.36383],[-83.11389,42.36463],[-83.11393,42.36493],[-83.11438,42.36535],[-83.11481,42.36599],[-83.11491,42.36634],[-83.11523,42.36662],[-83.11578,42.36742],[-83.1159,42.36775],[-83.1162,42.36804],[-83.11674,42.36883],[-83.11682,42.36913],[-83.11731,42.36967],[-83.11737,42.36997],[-83.11765,42.37018],[-83.1184,42.37128],[-83.11853,42.37167],[-83.11885,42.37194],[-83.11929,42.37259],[-83.11939,42.37297],[-83.11972,42.37324],[-83.12027,42.37404],[-83.12035,42.37433],[-83.12066,42.37461],[-83.12133,42.37559],[-83.12131,42.3759],[-83.12167,42.37613],[-83.12202,42.37661],[-83.12303,42.3781],[-83.12309,42.37846],[-83.1234,42.37866],[-83.12397,42.37949],[-83.12499,42.381],[-83.12511,42.38139],[-83.12543,42.38166],[-83.12625,42.38286],[-83.12641,42.38324],[-83.12669,42.38353],[-83.12731,42.38443],[-83.12774,42.38508],[-83.12791,42.38548],[-83.1282,42.38577],[-83.12896,42.3869],[-83.12901,42.38722],[-83.12946,42.38764],[-83.12993,42.38835],[-83.13003,42.38864],[-83.13032,42.38893],[-83.13089,42.38977],[-83.13094,42.39013],[-83.13129,42.39038],[-83.13145,42.3906],[-83.13189,42.39125],[-83.13197,42.39157],[-83.13229,42.39185],[-83.13241,42.39225],[-83.13271,42.39247],[-83.13364,42.39386],[-83.13374,42.39425],[-83.1341,42.39471],[-83.13439,42.39533],[-83.1344,42.39566],[-83.13468,42.39596],[-83.13532,42.39736],[-83.13536,42.39751],[-83.13524,42.39787],[-83.13542,42.39839],[-83.13544,42.39874],[-83.13531,42.39904],[-83.13547,42.39956],[-83.13551,42.40046],[-83.1354,42.40082],[-83.13554,42.40116],[-83.13561,42.40265],[-83.13548,42.40299],[-83.13561,42.40333],[-83.13567,42.40452],[-83.13551,42.40522],[-83.13535,42.4055],[-83.13547,42.40592],[-83.13548,42.40628],[-83.13538,42.40661],[-83.1355,42.40696],[-83.13554,42.40768],[-83.13546,42.40803],[-83.13556,42.40838],[-83.13562,42.40999],[-83.135,42.41003],[-83.1349,42.4103],[-83.13502,42.4106],[-83.1351,42.41222],[-83.135,42.41263],[-83.13513,42.41298],[-83.1352,42.4146],[-83.13511,42.415],[-83.13523,42.41535],[-83.13532,42.41704],[-83.13565,42.41731],[-83.13623,42.41724],[-83.1386,42.41725],[-83.1403,42.41718],[-83.14064,42.41742],[-83.14077,42.41774],[-83.14083,42.41899],[-83.14073,42.41929],[-83.14086,42.41964],[-83.14091,42.42082],[-83.14083,42.42117],[-83.14094,42.42152],[-83.14107,42.4244],[-83.14352,42.42444],[-83.15901,42.42422],[-83.15991,42.42426],[-83.17516,42.42394],[-83.17548,42.42371],[-83.17536,42.42228],[-83.1754,42.42157],[-83.17778,42.42037],[-83.18998,42.4202],[-83.19462,42.4199],[-83.20063,42.41967],[-83.21143,42.4195],[-83.21671,42.41934],[-83.21722,42.41939],[-83.2177,42.41932],[-83.22225,42.4192],[-83.22226,42.41927],[-83.22225,42.4192],[-83.22251,42.4192],[-83.22249,42.41899],[-83.22198,42.41903],[-83.22161,42.41894],[-83.22125,42.41904],[-83.21923,42.41909],[-83.21926,42.41875],[-83.21917,42.4184],[-83.21915,42.41786],[-83.21928,42.41666],[-83.21925,42.41556],[-83.2196,42.41564],[-83.22028,42.41555],[-83.22268,42.4155],[-83.22315,42.41558],[-83.22386,42.41548],[-83.22675,42.41542],[-83.22721,42.4155],[-83.22768,42.41541],[-83.23021,42.41535],[-83.23069,42.41543],[-83.23117,42.41533],[-83.23297,42.4153],[-83.23347,42.41538],[-83.23393,42.41528],[-83.23607,42.41523],[-83.23643,42.41532],[-83.23705,42.41517],[-83.23853,42.41525],[-83.23994,42.41516],[-83.24032,42.41522],[-83.24104,42.41513],[-83.24355,42.41506],[-83.24399,42.41511],[-83.24444,42.41503],[-83.24746,42.415],[-83.24897,42.41491],[-83.24884,42.41299],[-83.25155,42.41408],[-83.252,42.41345],[-83.25146,42.41318],[-83.25151,42.41352]],[[-83.05271,42.333],[-83.05231,42.33365],[-83.05121,42.3337],[-83.0512,42.33172],[-83.05268,42.3317],[-83.05279,42.33181],[-83.05536,42.33614],[-83.05545,42.33653],[-83.05574,42.33682],[-83.05775,42.34027],[-83.05772,42.34058],[-83.05805,42.34076],[-83.05858,42.34183],[-83.05986,42.34405],[-83.05988,42.34434],[-83.06021,42.34468],[-83.06114,42.34642],[-83.06288,42.34936],[-83.06294,42.3497],[-83.06323,42.34996],[-83.06435,42.35193],[-83.06442,42.35232],[-83.06482,42.35276],[-83.06664,42.35594],[-83.06678,42.35635],[-83.06705,42.35666],[-83.06771,42.35782],[-83.06779,42.35822],[-83.06819,42.35866],[-83.0689,42.3599],[-83.06898,42.36021],[-83.06924,42.3605],[-83.07087,42.36334],[-83.07106,42.36367],[-83.07111,42.36406],[-83.07152,42.36449],[-83.07236,42.36596],[-83.07242,42.36633],[-83.07272,42.36661],[-83.0735,42.36772],[-83.0736,42.36811],[-83.07393,42.36837],[-83.07489,42.36981],[-83.08903,42.36456],[-83.08982,42.36421],[-83.09023,42.36391],[-83.09061,42.36388],[-83.09105,42.36364],[-83.09451,42.36235],[-83.09497,42.36229],[-83.09554,42.36196],[-83.09719,42.36136],[-83.09755,42.3613],[-83.09793,42.36107],[-83.09997,42.36033],[-83.10038,42.36033],[-83.10262,42.35948],[-83.10314,42.35938],[-83.10352,42.35915],[-83.10611,42.35825],[-83.10651,42.35804],[-83.10886,42.35716],[-83.10899,42.35752],[-83.10927,42.35777],[-83.10997,42.35881],[-83.11003,42.35908],[-83.11034,42.35936],[-83.11102,42.36036],[-83.11105,42.36064],[-83.11137,42.36091],[-83.11181,42.36155],[-83.11194,42.36194],[-83.11226,42.36221],[-83.11296,42.36326],[-83.11304,42.36355],[-83.11334,42.36383],[-83.11389,42.36463],[-83.11393,42.36493],[-83.11438,42.36535],[-83.11481,42.36599],[-83.11491,42.36634],[-83.11523,42.36662],[-83.11578,42.36742],[-83.1159,42.36775],[-83.1162,42.36804],[-83.11674,42.36883],[-83.11682,42.36913],[-83.11731,42.36967],[-83.11737,42.36997],[-83.11765,42.37018],[-83.1184,42.37128],[-83.11853,42.37167],[-83.11885,42.37194],[-83.11929,42.37259],[-83.11939,42.37297],[-83.11972,42.37324],[-83.12027,42.37404],[-83.12035,42.37433],[-83.12066,42.37461],[-83.12133,42.37559],[-83.12131,42.3759],[-83.12167,42.37613],[-83.12202,42.37661],[-83.12303,42.3781],[-83.12309,42.37846],[-83.1234,42.37866],[-83.12397,42.37949],[-83.12499,42.381],[-83.12511,42.38139],[-83.12543,42.38166],[-83.12625,42.38286],[-83.12641,42.38324],[-83.12669,42.38353],[-83.12731,42.38443],[-83.12774,42.38508],[-83.12791,42.38548],[-83.1282,42.38577],[-83.12896,42.3869],[-83.12901,42.38722],[-83.12946,42.38764],[-83.12993,42.38835],[-83.13003,42.38864],[-83.13032,42.38893],[-83.13089,42.38977],[-83.13094,42.39013],[-83.13129,42.39038],[-83.13145,42.3906],[-83.13189,42.39125],[-83.13197,42.39157],[-83.13229,42.39185],[-83.13241,42.39225],[-83.13271,42.39247],[-83.13364,42.39386],[-83.13374,42.39425],[-83.1341,42.39471],[-83.13439,42.39533],[-83.1344,42.39566],[-83.13468,42.39596],[-83.13532,42.39736],[-83.13536,42.39751],[-83.13524,42.39787],[-83.13542,42.39839],[-83.13544,42.39874],[-83.13531,42.39904],[-83.13547,42.39956],[-83.13551,42.40046],[-83.1354,42.40082],[-83.13554,42.40116],[-83.13561,42.40265],[-83.13548,42.40299],[-83.13561,42.40333],[-83.13567,42.40452],[-83.13551,42.40522],[-83.13535,42.4055],[-83.13547,42.40592],[-83.13548,42.40628],[-83.13538,42.40661],[-83.1355,42.40696],[-83.13554,42.40768],[-83.13546,42.40803],[-83.13556,42.40838],[-83.13562,42.40999],[-83.135,42.41003],[-83.1349,42.4103],[-83.13502,42.4106],[-83.1351,42.41222],[-83.135,42.41263],[-83.13513,42.41298],[-83.1352,42.4146],[-83.13511,42.415],[-83.13523,42.41535],[-83.13532,42.41704],[-83.13565,42.41731],[-83.13623,42.41724],[-83.1386,42.41725],[-83.1403,42.41718],[-83.14064,42.41742],[-83.14077,42.41774],[-83.14083,42.41899],[-83.14073,42.41929],[-83.14086,42.41964],[-83.14091,42.42082],[-83.14083,42.42117],[-83.14094,42.42152],[-83.14107,42.4244],[-83.14352,42.42444],[-83.15901,42.42422],[-83.15991,42.42426],[-83.17516,42.42394],[-83.17548,42.42371],[-83.17536,42.42228],[-83.1754,42.42157],[-83.17778,42.42037],[-83.18998,42.4202],[-83.19462,42.4199],[-83.20063,42.41967],[-83.21143,42.4195],[-83.21671,42.41934],[-83.21722,42.41939],[-83.2177,42.41932],[-83.22225,42.4192],[-83.22226,42.41927],[-83.22225,42.4192],[-83.22251,42.4192],[-83.22249,42.41899],[-83.22198,42.41903],[-83.22161,42.41894],[-83.22125,42.41904],[-83.21923,42.41909],[-83.21926,42.41875],[-83.21917,42.4184],[-83.21915,42.41786],[-83.21928,42.41666],[-83.21925,42.41556],[-83.2196,42.41564],[-83.22028,42.41555],[-83.22268,42.4155],[-83.22315,42.41558],[-83.22386,42.41548],[-83.22675,42.41542],[-83.22721,42.4155],[-83.22768,42.41541],[-83.23021,42.41535],[-83.23069,42.41543],[-83.23117,42.41533],[-83.23297,42.4153],[-83.23347,42.41538],[-83.23393,42.41528],[-83.23607,42.41523],[-83.23643,42.41532],[-83.23705,42.41517],[-83.23853,42.41525],[-83.23994,42.41516],[-83.24032,42.41522],[-83.24104,42.41513],[-83.24355,42.41506],[-83.24399,42.41511],[-83.24444,42.41503],[-83.24746,42.415],[-83.24897,42.41491],[-83.24884,42.41299],[-83.25155,42.41408],[-83.252,42.41345],[-83.25146,42.41318],[-83.25151,42.41352]],[[-83.25151,42.41352],[-83.2518,42.41335],[-83.25199,42.41345],[-83.25155,42.41408],[-83.24884,42.41299],[-83.24897,42.41475],[-83.24856,42.41468],[-83.24809,42.41477],[-83.24555,42.41484],[-83.24516,42.41478],[-83.24478,42.41486],[-83.2423,42.41493],[-83.2419,42.41487],[-83.24142,42.41495],[-83.2394,42.41501],[-83.23887,42.41494],[-83.23715,42.41517],[-83.23576,42.41524],[-83.23523,42.41516],[-83.23476,42.41526],[-83.23153,42.41533],[-83.2311,42.41523],[-83.23064,42.41534],[-83.22796,42.4154],[-83.22755,42.4153],[-83.22708,42.41541],[-83.22458,42.41547],[-83.22407,42.41537],[-83.22361,42.41548],[-83.22151,42.41553],[-83.22102,42.41543],[-83.22056,42.41554],[-83.21842,42.41559],[-83.21831,42.41594],[-83.21844,42.41628],[-83.21862,42.41819],[-83.21855,42.41857],[-83.21866,42.41892],[-83.21868,42.41928],[-83.22225,42.4192],[-83.22226,42.41927],[-83.22225,42.4192],[-83.22251,42.4192],[-83.22249,42.41899],[-83.22198,42.41903],[-83.22161,42.41894],[-83.22125,42.41904],[-83.21843,42.41911],[-83.21788,42.41904],[-83.21741,42.41913],[-83.21546,42.41917],[-83.21492,42.41909],[-83.21446,42.41918],[-83.21355,42.4192],[-83.21308,42.41911],[-83.21261,42.41922],[-83.21127,42.41925],[-83.21086,42.41916],[-83.21018,42.41927],[-83.2092,42.41929],[-83.20878,42.41922],[-83.20831,42.41931],[-83.20713,42.41933],[-83.20669,42.41926],[-83.20621,42.41935],[-83.20524,42.41937],[-83.20467,42.4193],[-83.20419,42.41939],[-83.20273,42.41942],[-83.20199,42.41933],[-83.20153,42.41944],[-83.20017,42.41947],[-83.19981,42.41939],[-83.19947,42.41949],[-83.19707,42.41959],[-83.19668,42.41951],[-83.19621,42.41962],[-83.19483,42.41969],[-83.19428,42.41962],[-83.19382,42.41974],[-83.1922,42.41983],[-83.19164,42.41977],[-83.19118,42.41989],[-83.18967,42.41997],[-83.18926,42.41987],[-83.18889,42.41999],[-83.18736,42.42001],[-83.18698,42.41992],[-83.18627,42.42002],[-83.18493,42.42004],[-83.18454,42.41996],[-83.18407,42.42005],[-83.18212,42.42009],[-83.18163,42.42],[-83.18126,42.42011],[-83.18011,42.42013],[-83.1797,42.42006],[-83.17923,42.42014],[-83.17779,42.42016],[-83.17651,42.4206],[-83.17625,42.42087],[-83.17559,42.42109],[-83.17513,42.42153],[-83.17496,42.42227],[-83.17509,42.42261],[-83.17516,42.42394],[-83.17475,42.42385],[-83.17428,42.42395],[-83.17283,42.42398],[-83.17249,42.42388],[-83.17215,42.42399],[-83.17046,42.42402],[-83.1701,42.42391],[-83.16969,42.42403],[-83.16726,42.42408],[-83.16686,42.42399],[-83.16639,42.4241],[-83.16508,42.42412],[-83.16469,42.42405],[-83.16422,42.42414],[-83.1629,42.42416],[-83.16246,42.42409],[-83.16199,42.42418],[-83.16074,42.4242],[-83.16038,42.42411],[-83.15997,42.42421],[-83.15894,42.42422],[-83.15832,42.42414],[-83.15785,42.42423],[-83.15668,42.42425],[-83.15614,42.42418],[-83.15559,42.42426],[-83.15415,42.42428],[-83.15379,42.42419],[-83.15341,42.42429],[-83.15171,42.42431],[-83.15132,42.42422],[-83.15085,42.42431],[-83.14939,42.42433],[-83.14884,42.42426],[-83.14826,42.42435],[-83.14699,42.42436],[-83.14639,42.42429],[-83.14592,42.42437],[-83.14477,42.42439],[-83.14435,42.42429],[-83.14389,42.4244],[-83.14202,42.42442],[-83.14155,42.42433],[-83.14129,42.42406],[-83.14105,42.41898],[-83.14111,42.41869],[-83.14097,42.41717],[-83.1405,42.41718],[-83.14013,42.41708],[-83.13966,42.41719],[-83.13804,42.41721],[-83.13762,42.41712],[-83.13715,42.41722],[-83.13533,42.41725],[-83.13536,42.41675],[-83.13528,42.41621],[-83.13526,42.41456],[-83.13519,42.4142],[-83.13503,42.41067],[-83.13507,42.41024],[-83.13563,42.41002],[-83.13567,42.4097],[-83.13545,42.40556],[-83.13571,42.40425],[-83.13561,42.40282],[-83.13568,42.40253],[-83.13559,42.40224],[-83.13552,42.40068],[-83.13561,42.40039],[-83.1355,42.40004],[-83.13545,42.39896],[-83.13553,42.39862],[-83.13542,42.39827],[-83.13535,42.39715],[-83.13513,42.39691],[-83.1345,42.39555],[-83.13443,42.39518],[-83.13418,42.39487],[-83.13397,42.39442],[-83.13386,42.39401],[-83.13359,42.39379],[-83.13246,42.39211],[-83.13238,42.3918],[-83.13208,42.39153],[-83.13154,42.39073],[-83.13142,42.39036],[-83.13089,42.38977],[-83.13084,42.38945],[-83.13039,42.38903],[-83.12984,42.38808],[-83.1295,42.3877],[-83.12942,42.38736],[-83.12899,42.38694],[-83.12823,42.38581],[-83.12814,42.38551],[-83.12789,42.38531],[-83.12633,42.38299],[-83.1262,42.38262],[-83.1259,42.38234],[-83.12513,42.38121],[-83.12507,42.38079],[-83.12471,42.38055],[-83.12447,42.38024],[-83.12281,42.37777],[-83.12268,42.37742],[-83.12238,42.37714],[-83.12181,42.3763],[-83.1217,42.37597],[-83.12133,42.37559],[-83.12086,42.3749],[-83.12075,42.37457],[-83.12036,42.37416],[-83.11987,42.37344],[-83.11975,42.37313],[-83.11942,42.37278],[-83.1189,42.37188],[-83.11852,42.37145],[-83.11765,42.37018],[-83.11754,42.3699],[-83.11633,42.36822],[-83.1162,42.36792],[-83.11592,42.36762],[-83.1154,42.36686],[-83.1153,42.36658],[-83.11502,42.36629],[-83.11436,42.36521],[-83.11345,42.36398],[-83.11337,42.36371],[-83.11307,42.36342],[-83.11253,42.36262],[-83.11241,42.36232],[-83.11155,42.36115],[-83.11144,42.36086],[-83.11115,42.36057],[-83.11048,42.35946],[-83.10943,42.358],[-83.10939,42.35773],[-83.10907,42.35747],[-83.10874,42.35696],[-83.1081,42.35708],[-83.10753,42.35741],[-83.10451,42.35853],[-83.10399,42.35865],[-83.10254,42.35927],[-83.10079,42.3599],[-83.10022,42.36001],[-83.09998,42.36032],[-83.09976,42.3604],[-83.0974,42.36127],[-83.09698,42.36133],[-83.09661,42.36157],[-83.09453,42.36234],[-83.09397,42.36247],[-83.09364,42.36267],[-83.09105,42.36364],[-83.09048,42.3637],[-83.09023,42.36391],[-83.09,42.36396],[-83.08944,42.36402],[-83.08909,42.36427],[-83.08786,42.36473],[-83.08734,42.36479],[-83.08679,42.36513],[-83.08456,42.36597],[-83.08408,42.36604],[-83.08379,42.36627],[-83.08196,42.36695],[-83.08154,42.367],[-83.08119,42.36724],[-83.07934,42.36796],[-83.07861,42.36811],[-83.0783,42.36833],[-83.07635,42.36892],[-83.07598,42.36915],[-83.07479,42.36965],[-83.07371,42.36793],[-83.07299,42.36707],[-83.07243,42.3661],[-83.07231,42.3657],[-83.07204,42.3654],[-83.07136,42.36421],[-83.07131,42.36392],[-83.07103,42.36363],[-83.06887,42.35984],[-83.06879,42.35957],[-83.06854,42.35926],[-83.06779,42.35795],[-83.06776,42.35767],[-83.06737,42.35722],[-83.06664,42.35594],[-83.06657,42.35565],[-83.0662,42.35518],[-83.06427,42.35179],[-83.06412,42.35136],[-83.06376,42.3509],[-83.06294,42.34947],[-83.06286,42.34916],[-83.0626,42.34886],[-83.061,42.34595],[-83.05986,42.34405],[-83.05977,42.34377],[-83.05952,42.34346],[-83.05858,42.34183],[-83.05777,42.34022],[-83.05756,42.33997],[-83.05588,42.33704],[-83.0558,42.33674],[-83.05557,42.33651],[-83.05448,42.3346],[-83.05203,42.33363],[-83.05126,42.3337],[-83.05123,42.3314],[-83.05052,42.33057],[-83.05031,42.33016],[-83.04994,42.32981],[-83.04862,42.32801],[-83.04708,42.32867],[-83.04655,42.32877],[-83.04609,42.32908],[-83.0456,42.32846],[-83.0467,42.328]],[[-83.25151,42.41352],[-83.2518,42.41335],[-83.25199,42.41345],[-83.25155,42.41408],[-83.24884,42.41299],[-83.24897,42.41475],[-83.24856,42.41468],[-83.24809,42.41477],[-83.24555,42.41484],[-83.24516,42.41478],[-83.24478,42.41486],[-83.2423,42.41493],[-83.2419,42.41487],[-83.24142,42.41495],[-83.2394,42.41501],[-83.23887,42.41494],[-83.23715,42.41517],[-83.23576,42.41524],[-83.23523,42.41516],[-83.23476,42.41526],[-83.23153,42.41533],[-83.2311,42.41523],[-83.23064,42.41534],[-83.22796,42.4154],[-83.22755,42.4153],[-83.22708,42.41541],[-83.22458,42.41547],[-83.22407,42.41537],[-83.22361,42.41548],[-83.22151,42.41553],[-83.22102,42.41543],[-83.22056,42.41554],[-83.21842,42.41559],[-83.21831,42.41594],[-83.21844,42.41628],[-83.21862,42.41819],[-83.21855,42.41857],[-83.21866,42.41892],[-83.21868,42.41928],[-83.22225,42.4192],[-83.22226,42.41927],[-83.22225,42.4192],[-83.22251,42.4192],[-83.22249,42.41899],[-83.22198,42.41903],[-83.22161,42.41894],[-83.22125,42.41904],[-83.21843,42.41911],[-83.21788,42.41904],[-83.21741,42.41913],[-83.21546,42.41917],[-83.21492,42.41909],[-83.21446,42.41918],[-83.21355,42.4192],[-83.21308,42.41911],[-83.21261,42.41922],[-83.21127,42.41925],[-83.21086,42.41916],[-83.21018,42.41927],[-83.2092,42.41929],[-83.20878,42.41922],[-83.20831,42.41931],[-83.20713,42.41933],[-83.20669,42.41926],[-83.20621,42.41935],[-83.20524,42.41937],[-83.20467,42.4193],[-83.20419,42.41939],[-83.20273,42.41942],[-83.20199,42.41933],[-83.20153,42.41944],[-83.20017,42.41947],[-83.19981,42.41939],[-83.19947,42.41949],[-83.19707,42.41959],[-83.19668,42.41951],[-83.19621,42.41962],[-83.19483,42.41969],[-83.19428,42.41962],[-83.19382,42.41974],[-83.1922,42.41983],[-83.19164,42.41977],[-83.19118,42.41989],[-83.18967,42.41997],[-83.18926,42.41987],[-83.18889,42.41999],[-83.18736,42.42001],[-83.18698,42.41992],[-83.18627,42.42002],[-83.18493,42.42004],[-83.18454,42.41996],[-83.18407,42.42005],[-83.18212,42.42009],[-83.18163,42.42],[-83.18126,42.42011],[-83.18011,42.42013],[-83.1797,42.42006],[-83.17923,42.42014],[-83.17779,42.42016],[-83.17651,42.4206],[-83.17625,42.42087],[-83.17559,42.42109],[-83.17513,42.42153],[-83.17496,42.42227],[-83.17509,42.42261],[-83.17516,42.42394],[-83.17475,42.42385],[-83.17428,42.42395],[-83.17283,42.42398],[-83.17249,42.42388],[-83.17215,42.42399],[-83.17046,42.42402],[-83.1701,42.42391],[-83.16969,42.42403],[-83.16726,42.42408],[-83.16686,42.42399],[-83.16639,42.4241],[-83.16508,42.42412],[-83.16469,42.42405],[-83.16422,42.42414],[-83.1629,42.42416],[-83.16246,42.42409],[-83.16199,42.42418],[-83.16074,42.4242],[-83.16038,42.42411],[-83.15997,42.42421],[-83.15894,42.42422],[-83.15832,42.42414],[-83.15785,42.42423],[-83.15668,42.42425],[-83.15614,42.42418],[-83.15559,42.42426],[-83.15415,42.42428],[-83.15379,42.42419],[-83.15341,42.42429],[-83.15171,42.42431],[-83.15132,42.42422],[-83.15085,42.42431],[-83.14939,42.42433],[-83.14884,42.42426],[-83.14826,42.42435],[-83.14699,42.42436],[-83.14639,42.42429],[-83.14592,42.42437],[-83.14477,42.42439],[-83.14435,42.42429],[-83.14389,42.4244],[-83.14202,42.42442],[-83.14155,42.42433],[-83.14129,42.42406],[-83.14105,42.41898],[-83.14111,42.41869],[-83.14097,42.41717],[-83.1405,42.41718],[-83.14013,42.41708],[-83.13966,42.41719],[-83.13804,42.41721],[-83.13762,42.41712],[-83.13715,42.41722],[-83.13533,42.41725],[-83.13536,42.41675],[-83.13528,42.41621],[-83.13526,42.41456],[-83.13519,42.4142],[-83.13503,42.41067],[-83.13507,42.41024],[-83.13563,42.41002],[-83.13567,42.4097],[-83.13545,42.40556],[-83.13571,42.40425],[-83.13561,42.40282],[-83.13568,42.40253],[-83.13559,42.40224],[-83.13552,42.40068],[-83.13561,42.40039],[-83.1355,42.40004],[-83.13545,42.39896],[-83.13553,42.39862],[-83.13542,42.39827],[-83.13535,42.39715],[-83.13513,42.39691],[-83.1345,42.39555],[-83.13443,42.39518],[-83.13418,42.39487],[-83.13397,42.39442],[-83.13386,42.39401],[-83.13359,42.39379],[-83.13246,42.39211],[-83.13238,42.3918],[-83.13208,42.39153],[-83.13154,42.39073],[-83.13142,42.39036],[-83.13089,42.38977],[-83.13084,42.38945],[-83.13039,42.38903],[-83.12984,42.38808],[-83.1295,42.3877],[-83.12942,42.38736],[-83.12899,42.38694],[-83.12823,42.38581],[-83.12814,42.38551],[-83.12789,42.38531],[-83.12633,42.38299],[-83.1262,42.38262],[-83.1259,42.38234],[-83.12513,42.38121],[-83.12507,42.38079],[-83.12471,42.38055],[-83.12447,42.38024],[-83.12281,42.37777],[-83.12268,42.37742],[-83.12238,42.37714],[-83.12181,42.3763],[-83.1217,42.37597],[-83.12133,42.37559],[-83.12086,42.3749],[-83.12075,42.37457],[-83.12036,42.37416],[-83.11987,42.37344],[-83.11975,42.37313],[-83.11942,42.37278],[-83.1189,42.37188],[-83.11852,42.37145],[-83.11765,42.37018],[-83.11754,42.3699],[-83.11633,42.36822],[-83.1162,42.36792],[-83.11592,42.36762],[-83.1154,42.36686],[-83.1153,42.36658],[-83.11502,42.36629],[-83.11436,42.36521],[-83.11345,42.36398],[-83.11337,42.36371],[-83.11307,42.36342],[-83.11253,42.36262],[-83.11241,42.36232],[-83.11155,42.36115],[-83.11144,42.36086],[-83.11115,42.36057],[-83.11048,42.35946],[-83.10943,42.358],[-83.10939,42.35773],[-83.10907,42.35747],[-83.10874,42.35696],[-83.1081,42.35708],[-83.10753,42.35741],[-83.10451,42.35853],[-83.10399,42.35865],[-83.10254,42.35927],[-83.10079,42.3599],[-83.10022,42.36001],[-83.09998,42.36032],[-83.09976,42.3604],[-83.0974,42.36127],[-83.09698,42.36133],[-83.09661,42.36157],[-83.09453,42.36234],[-83.09397,42.36247],[-83.09364,42.36267],[-83.09105,42.36364],[-83.09048,42.3637],[-83.09023,42.36391],[-83.09,42.36396],[-83.08944,42.36402],[-83.08909,42.36427],[-83.08786,42.36473],[-83.08734,42.36479],[-83.08679,42.36513],[-83.08456,42.36597],[-83.08408,42.36604],[-83.08379,42.36627],[-83.08196,42.36695],[-83.08154,42.367],[-83.08119,42.36724],[-83.07934,42.36796],[-83.07861,42.36811],[-83.0783,42.36833],[-83.07635,42.36892],[-83.07598,42.36915],[-83.07479,42.36965],[-83.07371,42.36793],[-83.07299,42.36707],[-83.07243,42.3661],[-83.07231,42.3657],[-83.07204,42.3654],[-83.07136,42.36421],[-83.07131,42.36392],[-83.07103,42.36363],[-83.06887,42.35984],[-83.06879,42.35957],[-83.06854,42.35926],[-83.06779,42.35795],[-83.06776,42.35767],[-83.06737,42.35722],[-83.06664,42.35594],[-83.06657,42.35565],[-83.0663,42.35534],[-83.06427,42.35179],[-83.06412,42.35136],[-83.06376,42.3509],[-83.06294,42.34947],[-83.06286,42.34916],[-83.0626,42.34886],[-83.061,42.34595],[-83.05986,42.34405],[-83.05977,42.34377],[-83.05952,42.34346],[-83.05858,42.34183],[-83.05777,42.34022],[-83.05756,42.33997],[-83.05588,42.33704],[-83.0558,42.33674],[-83.05557,42.33651],[-83.05425,42.33418],[-83.05321,42.33253],[-83.05271,42.333]]]}},{"type":"Feature","properties":{"agency":"ddot","agency_label":"DDOT","route":"17","name":"Eight Mile","route_type":3},"geometry":{"type":"MultiLineString","coordinates":[[[-82.913,42.41827],[-82.91347,42.41837],[-82.91717,42.41989],[-82.91751,42.4201],[-82.91795,42.4202],[-82.91944,42.42082],[-82.91989,42.42107],[-82.92035,42.42119],[-82.9232,42.42232],[-82.92352,42.42254],[-82.92392,42.42262],[-82.92492,42.42304],[-82.92574,42.42342],[-82.92607,42.42365],[-82.92652,42.42379],[-82.92928,42.4251],[-82.92974,42.42521],[-82.93071,42.42561],[-82.93114,42.42587],[-82.93161,42.42598],[-82.93332,42.42676],[-82.934,42.42697],[-82.93548,42.42763],[-82.93807,42.42863],[-82.93854,42.4289],[-82.939,42.42901],[-82.94134,42.42997],[-82.94164,42.43016],[-82.94209,42.43028],[-82.94449,42.43126],[-82.94479,42.43146],[-82.94526,42.43157],[-82.94654,42.43209],[-82.94857,42.43293],[-82.94896,42.43318],[-82.94943,42.43328],[-82.95071,42.4338],[-82.951,42.43399],[-82.95297,42.43468],[-82.95251,42.43495],[-82.95228,42.43546],[-82.95133,42.43672],[-82.95107,42.43696],[-82.95092,42.43726],[-82.94977,42.43878],[-82.94952,42.43901],[-82.94935,42.43934],[-82.94794,42.44118],[-82.94766,42.44145],[-82.94743,42.44189],[-82.94638,42.4433],[-82.94606,42.44354],[-82.94593,42.44389],[-82.94455,42.44574],[-82.94431,42.44605],[-82.94395,42.4463],[-82.94385,42.44665],[-82.94308,42.44768],[-82.94271,42.44798],[-82.94279,42.44801],[-82.9426,42.44826],[-82.94078,42.45021],[-82.94059,42.45055],[-82.94162,42.45053],[-82.94163,42.45061],[-82.94165,42.45053],[-82.94367,42.4505],[-82.94621,42.45055],[-82.94641,42.45066],[-82.94712,42.45054],[-82.94929,42.4505],[-82.94973,42.4506],[-82.95044,42.45049],[-82.95276,42.45044],[-82.95324,42.45052],[-82.95396,42.45042],[-82.95576,42.45045],[-82.95624,42.45038],[-82.96103,42.4503],[-82.96138,42.45041],[-82.96208,42.45028],[-82.96343,42.45025],[-82.96384,42.45034],[-82.96428,42.45024],[-82.96794,42.45016],[-82.96849,42.45023],[-82.96885,42.45012],[-82.97243,42.44993],[-82.97284,42.45003],[-82.9733,42.44992],[-82.97439,42.44989],[-82.97495,42.44998],[-82.97558,42.44985],[-82.97737,42.44987],[-82.97895,42.44977],[-82.97943,42.44982],[-82.98162,42.4497],[-82.98222,42.44977],[-82.98269,42.44968],[-82.98806,42.44955],[-82.98848,42.44964],[-82.98894,42.44953],[-82.99057,42.44949],[-82.99094,42.4496],[-82.99164,42.44947],[-82.9954,42.44939],[-82.99581,42.44944],[-82.99891,42.4493],[-82.99929,42.4494],[-82.99975,42.44928],[-83.00043,42.44925],[-83.00092,42.44937],[-83.00137,42.44923],[-83.00254,42.44919],[-83.00303,42.44918],[-83.00338,42.44931],[-83.00375,42.44917],[-83.00723,42.44905],[-83.0077,42.44909],[-83.00817,42.449],[-83.01153,42.44885],[-83.01412,42.44883],[-83.0146,42.44876],[-83.02217,42.44855],[-83.02277,42.44861],[-83.02324,42.44852],[-83.02478,42.44848],[-83.02523,42.44856],[-83.0257,42.44846],[-83.02675,42.44843],[-83.02726,42.44853],[-83.02781,42.4484],[-83.02959,42.44836],[-83.02995,42.44847],[-83.0304,42.44835],[-83.03414,42.44827],[-83.03474,42.44826],[-83.03513,42.44835],[-83.0356,42.44826],[-83.0395,42.4482],[-83.03995,42.4483],[-83.0404,42.44818],[-83.04433,42.44807],[-83.04491,42.44814],[-83.04537,42.44804],[-83.04641,42.44801],[-83.04685,42.44812],[-83.04722,42.44799],[-83.05108,42.4479],[-83.05143,42.448],[-83.05214,42.44787],[-83.0535,42.44784],[-83.05401,42.44794],[-83.05467,42.44781],[-83.05613,42.44777],[-83.05656,42.44787],[-83.05702,42.44775],[-83.05868,42.44771],[-83.05904,42.44781],[-83.05951,42.44769],[-83.0616,42.44764],[-83.06204,42.44772],[-83.06258,42.44761],[-83.06391,42.44758],[-83.06445,42.44768],[-83.06491,42.44757],[-83.06713,42.44754],[-83.06811,42.44754],[-83.06853,42.44763],[-83.06924,42.44753],[-83.07039,42.44752],[-83.07077,42.4476],[-83.07124,42.44751],[-83.07243,42.4475],[-83.0728,42.44759],[-83.07327,42.44749],[-83.07694,42.44744],[-83.07729,42.44753],[-83.07776,42.44743],[-83.07996,42.44741],[-83.08048,42.44748],[-83.08096,42.4474],[-83.08339,42.44734],[-83.084,42.4474],[-83.0852,42.44731],[-83.08629,42.44729],[-83.08665,42.44737],[-83.08736,42.44727],[-83.09058,42.4473],[-83.09473,42.44713],[-83.0973,42.44711],[-83.10017,42.4473],[-83.10287,42.44732],[-83.10329,42.44741],[-83.10399,42.44729],[-83.10636,42.44723],[-83.10679,42.44731],[-83.10726,42.44721],[-83.10885,42.44716],[-83.1092,42.44725],[-83.10965,42.44711],[-83.11086,42.44699],[-83.11399,42.44688],[-83.11528,42.44691],[-83.11611,42.4468],[-83.11604,42.44365],[-83.11668,42.44366],[-83.1167,42.4442],[-83.11663,42.44452],[-83.11674,42.44505],[-83.11687,42.4451],[-83.11688,42.44527],[-83.11729,42.44529],[-83.11742,42.44546],[-83.11747,42.44662],[-83.11657,42.44664],[-83.11634,42.44683],[-83.11651,42.44697],[-83.1188,42.44691],[-83.11894,42.44678],[-83.11889,42.44578],[-83.11926,42.44577],[-83.11926,42.44561],[-83.1197,42.44566],[-83.12018,42.44559],[-83.12019,42.44574],[-83.12302,42.44565],[-83.12394,42.44539],[-83.12488,42.44682],[-83.12508,42.44682],[-83.12828,42.44667],[-83.12881,42.44672],[-83.12917,42.44662],[-83.12966,42.44661],[-83.13161,42.44658],[-83.13203,42.44667],[-83.13273,42.44655],[-83.13367,42.44663],[-83.13414,42.44653],[-83.13535,42.44651],[-83.13579,42.44657],[-83.13724,42.44649],[-83.13773,42.44659],[-83.13811,42.44649],[-83.14011,42.44645],[-83.14066,42.44653],[-83.14129,42.44642],[-83.14211,42.4464],[-83.14263,42.44649],[-83.1431,42.44638],[-83.14456,42.44635],[-83.14499,42.44643],[-83.14546,42.44633],[-83.14699,42.4463],[-83.14758,42.44636],[-83.14805,42.44627],[-83.14935,42.44631],[-83.14983,42.44623],[-83.152,42.44618],[-83.15283,42.44627],[-83.15378,42.44614],[-83.15524,42.44611],[-83.15575,42.4462],[-83.15621,42.44609],[-83.15783,42.44605],[-83.15835,42.44614],[-83.15873,42.44603],[-83.15922,42.44602],[-83.16005,42.44611],[-83.161,42.44598],[-83.16149,42.44597],[-83.16188,42.44606],[-83.16235,42.44596],[-83.16576,42.44589],[-83.16619,42.44598],[-83.16689,42.44585],[-83.1686,42.44579],[-83.16908,42.44587],[-83.16955,42.44576],[-83.17125,42.44571],[-83.17177,42.44581],[-83.17248,42.44569],[-83.17631,42.44561],[-83.17684,42.44571],[-83.17754,42.44559],[-83.18096,42.44552],[-83.18156,42.44561],[-83.18227,42.44549],[-83.18349,42.44546],[-83.18387,42.44554],[-83.18435,42.44545],[-83.18598,42.44542],[-83.18646,42.44548],[-83.18694,42.4454],[-83.19059,42.44532],[-83.19109,42.44541],[-83.19181,42.44531],[-83.19562,42.44526],[-83.19609,42.44534],[-83.20053,42.44504],[-83.20043,42.44576],[-83.20052,42.44611],[-83.20056,42.44802],[-83.20097,42.44802],[-83.20161,42.44778],[-83.20266,42.44774],[-83.20359,42.44736],[-83.20499,42.44704],[-83.20538,42.44716],[-83.20727,42.44908],[-83.20812,42.44982],[-83.21094,42.45181],[-83.2114,42.45149],[-83.2084,42.44913],[-83.20555,42.44633],[-83.20531,42.44595],[-83.20466,42.44542],[-83.20441,42.44516],[-83.20438,42.445],[-83.20452,42.44493],[-83.20507,42.44497],[-83.21397,42.44468],[-83.2145,42.44477],[-83.21497,42.44467],[-83.22042,42.44452],[-83.22086,42.44459],[-83.22134,42.4445],[-83.22343,42.44445],[-83.22586,42.4444],[-83.2263,42.44447],[-83.22677,42.44438],[-83.23678,42.44416],[-83.23728,42.44423],[-83.23767,42.44414],[-83.23937,42.44411],[-83.23998,42.44418],[-83.24093,42.44407],[-83.26095,42.44354],[-83.26108,42.44337],[-83.26095,42.44321],[-83.25924,42.44325],[-83.259,42.44301],[-83.25885,42.44267],[-83.2588,42.44161],[-83.25892,42.44125],[-83.25876,42.44072],[-83.25874,42.44],[-83.25882,42.43957],[-83.25872,42.43921],[-83.25866,42.43808],[-83.25878,42.43777],[-83.25863,42.43724],[-83.25859,42.43638],[-83.25867,42.43611],[-83.25858,42.43576],[-83.25853,42.43456],[-83.25864,42.43425],[-83.25851,42.4339],[-83.25845,42.43222],[-83.25855,42.43171],[-83.25842,42.43137],[-83.25831,42.42915],[-83.25879,42.42924],[-83.25923,42.42914],[-83.26311,42.42916],[-83.26349,42.42925],[-83.26396,42.42917],[-83.2654,42.42918],[-83.26578,42.42926],[-83.26626,42.42919],[-83.26788,42.4292],[-83.26826,42.42928],[-83.26897,42.42917],[-83.27297,42.42913],[-83.27536,42.42902],[-83.27575,42.42909],[-83.27622,42.429],[-83.27899,42.42892],[-83.27954,42.42897],[-83.28001,42.42887],[-83.28147,42.42881],[-83.2819,42.4289],[-83.28236,42.42878],[-83.28537,42.42865],[-83.28538,42.4281]],[[-83.28436,42.42857],[-83.28396,42.42871],[-83.2818,42.4288],[-83.28138,42.42869],[-83.28098,42.42883],[-83.2796,42.42889],[-83.27907,42.42879],[-83.27862,42.42892],[-83.27801,42.42895],[-83.27758,42.42896],[-83.27711,42.42886],[-83.27677,42.42898],[-83.27539,42.42902],[-83.27497,42.42892],[-83.27451,42.42903],[-83.27175,42.42911],[-83.27121,42.42901],[-83.27075,42.42913],[-83.26921,42.42917],[-83.26788,42.4292],[-83.26739,42.42905],[-83.26669,42.42919],[-83.26499,42.42918],[-83.26446,42.42905],[-83.26399,42.42916],[-83.26214,42.42916],[-83.26174,42.42904],[-83.26128,42.42915],[-83.25831,42.42915],[-83.25832,42.42933],[-83.25815,42.42961],[-83.25835,42.42987],[-83.25847,42.43276],[-83.25833,42.43312],[-83.25849,42.43341],[-83.25853,42.43456],[-83.25842,42.43492],[-83.25856,42.43527],[-83.25859,42.43635],[-83.25847,42.43669],[-83.25861,42.43703],[-83.25866,42.43793],[-83.25853,42.43822],[-83.25868,42.43856],[-83.25873,42.4398],[-83.25863,42.44013],[-83.25875,42.44048],[-83.2588,42.44161],[-83.25865,42.44203],[-83.25882,42.44236],[-83.25887,42.44326],[-83.25851,42.44316],[-83.2578,42.44329],[-83.2552,42.44336],[-83.25474,42.44326],[-83.25428,42.44338],[-83.25014,42.44349],[-83.24959,42.44339],[-83.24916,42.44352],[-83.24794,42.44355],[-83.24739,42.44344],[-83.24669,42.44358],[-83.24428,42.44365],[-83.24393,42.44355],[-83.24347,42.44367],[-83.23943,42.44378],[-83.23878,42.44368],[-83.23821,42.44381],[-83.23699,42.44383],[-83.23653,42.44374],[-83.23557,42.44386],[-83.23314,42.44391],[-83.23254,42.44381],[-83.23184,42.44394],[-83.22843,42.44401],[-83.22798,42.44393],[-83.22751,42.44403],[-83.22629,42.44406],[-83.22573,42.44397],[-83.22527,42.44408],[-83.22345,42.44412],[-83.22302,42.44403],[-83.22255,42.44414],[-83.22158,42.44416],[-83.2211,42.44408],[-83.22063,42.44418],[-83.21614,42.44429],[-83.21577,42.4442],[-83.2153,42.4443],[-83.21378,42.44435],[-83.21334,42.44425],[-83.21288,42.44437],[-83.21166,42.4444],[-83.21108,42.4443],[-83.2107,42.44443],[-83.20911,42.44449],[-83.20876,42.44438],[-83.20707,42.4445],[-83.20632,42.44443],[-83.20591,42.44453],[-83.20253,42.44461],[-83.20273,42.44485],[-83.205,42.44676],[-83.20343,42.44743],[-83.20305,42.44751],[-83.20275,42.44772],[-83.20242,42.44777],[-83.20113,42.44779],[-83.20082,42.44767],[-83.2007,42.44559],[-83.20057,42.44506],[-83.20194,42.44499],[-83.20193,42.44462],[-83.19981,42.44465],[-83.19934,42.44474],[-83.19661,42.4449],[-83.19615,42.44481],[-83.19581,42.44493],[-83.19194,42.445],[-83.19148,42.44491],[-83.19101,42.44502],[-83.18963,42.44505],[-83.1891,42.44492],[-83.18841,42.44507],[-83.18589,42.44512],[-83.18533,42.44505],[-83.18485,42.44514],[-83.18344,42.44517],[-83.18306,42.44507],[-83.18259,42.44518],[-83.18102,42.44522],[-83.18059,42.44511],[-83.17989,42.44524],[-83.17711,42.4453],[-83.17657,42.44524],[-83.17609,42.44532],[-83.17357,42.44537],[-83.17317,42.44529],[-83.1727,42.44539],[-83.17128,42.44543],[-83.17089,42.44531],[-83.17043,42.44544],[-83.16827,42.4455],[-83.16773,42.44541],[-83.16728,42.44554],[-83.16588,42.44559],[-83.16479,42.44561],[-83.16436,42.4455],[-83.16369,42.44563],[-83.16161,42.44567],[-83.16123,42.44559],[-83.16076,42.44569],[-83.15831,42.44575],[-83.15794,42.44561],[-83.15749,42.44575],[-83.15604,42.4458],[-83.15506,42.44582],[-83.15451,42.44571],[-83.15405,42.44584],[-83.15192,42.44589],[-83.15119,42.44591],[-83.15065,42.44579],[-83.14995,42.44594],[-83.14658,42.44601],[-83.14604,42.4459],[-83.14568,42.44603],[-83.14419,42.44606],[-83.14386,42.44595],[-83.14321,42.44608],[-83.1418,42.44611],[-83.14131,42.44601],[-83.14095,42.44614],[-83.13888,42.44618],[-83.13856,42.44605],[-83.13787,42.4462],[-83.13523,42.44625],[-83.13477,42.44615],[-83.1343,42.44626],[-83.1302,42.44636],[-83.12966,42.44627],[-83.1292,42.44638],[-83.12733,42.44623],[-83.12686,42.44633],[-83.12521,42.44638],[-83.12493,42.44588],[-83.12338,42.44389],[-83.12194,42.44174],[-83.12161,42.44158],[-83.1215,42.44172],[-83.12394,42.44539],[-83.12302,42.44565],[-83.12019,42.44574],[-83.1198,42.44568],[-83.11871,42.44577],[-83.1187,42.44655],[-83.11772,42.44658],[-83.11715,42.4465],[-83.11669,42.44663],[-83.11612,42.44665],[-83.11604,42.44365],[-83.11668,42.44366],[-83.11671,42.44438],[-83.11664,42.44481],[-83.11687,42.4451],[-83.11688,42.44527],[-83.11729,42.44529],[-83.1174,42.44539],[-83.11747,42.44662],[-83.10964,42.44685],[-83.10927,42.44673],[-83.10857,42.44688],[-83.10638,42.44694],[-83.10596,42.44684],[-83.1055,42.44695],[-83.10322,42.44702],[-83.10265,42.447],[-83.10229,42.44689],[-83.10182,42.44697],[-83.1005,42.44691],[-83.1002,42.4468],[-83.09853,42.44664],[-83.09808,42.44652],[-83.0947,42.44666],[-83.09229,42.4467],[-83.09181,42.44664],[-83.09125,42.44675],[-83.09028,42.44681],[-83.0899,42.44676],[-83.08947,42.44692],[-83.08852,42.44694],[-83.08796,42.44682],[-83.08751,42.44695],[-83.08374,42.44704],[-83.08316,42.44705],[-83.08271,42.44693],[-83.08201,42.44707],[-83.07911,42.4471],[-83.07867,42.44698],[-83.07797,42.44712],[-83.07545,42.44714],[-83.07505,42.44704],[-83.07459,42.44715],[-83.07231,42.44718],[-83.07183,42.44707],[-83.07137,42.44719],[-83.06908,42.44722],[-83.06866,42.4471],[-83.06801,42.44724],[-83.06599,42.44726],[-83.06564,42.44716],[-83.06517,42.44727],[-83.0639,42.44728],[-83.06354,42.44716],[-83.06286,42.44732],[-83.0617,42.44734],[-83.06134,42.44723],[-83.06064,42.44737],[-83.05431,42.44753],[-83.05375,42.44744],[-83.05328,42.44755],[-83.05092,42.44761],[-83.05051,42.44747],[-83.04982,42.44763],[-83.04759,42.44769],[-83.04722,42.44759],[-83.04676,42.44771],[-83.04398,42.4478],[-83.04348,42.44769],[-83.04303,42.44781],[-83.04205,42.44785],[-83.03944,42.4479],[-83.03903,42.44778],[-83.03833,42.44792],[-83.0343,42.44797],[-83.03398,42.44783],[-83.03333,42.44798],[-83.0309,42.44804],[-83.03045,42.44793],[-83.02975,42.44807],[-83.0268,42.44814],[-83.02639,42.44803],[-83.02598,42.44816],[-83.02477,42.44819],[-83.0243,42.44806],[-83.02385,42.4482],[-83.02152,42.44827],[-83.02119,42.44813],[-83.0205,42.4483],[-83.01904,42.44835],[-83.0187,42.4482],[-83.01802,42.44838],[-83.0144,42.44848],[-83.01393,42.44834],[-83.01324,42.4485],[-83.00763,42.44873],[-83.00725,42.44862],[-83.00683,42.44878],[-83.00521,42.44884],[-83.00481,42.44874],[-83.00436,42.44887],[-83.00387,42.4489],[-83.00272,42.44893],[-83.00224,42.44881],[-83.00178,42.44893],[-82.99915,42.44899],[-82.99876,42.44888],[-82.99807,42.44902],[-82.99545,42.44908],[-82.99508,42.44898],[-82.99462,42.4491],[-82.99181,42.44917],[-82.99148,42.44904],[-82.99079,42.44919],[-82.98814,42.44925],[-82.98778,42.44913],[-82.98733,42.44926],[-82.98569,42.44931],[-82.98524,42.44917],[-82.98455,42.44933],[-82.98127,42.44942],[-82.98048,42.44941],[-82.98047,42.44928],[-82.98048,42.44941],[-82.9778,42.4495],[-82.9752,42.44954],[-82.9752,42.44944],[-82.9752,42.44954],[-82.97075,42.44968],[-82.97057,42.44956],[-82.96994,42.44976],[-82.96752,42.44987],[-82.9672,42.44974],[-82.96675,42.44989],[-82.96612,42.44991],[-82.96572,42.4498],[-82.96526,42.44992],[-82.96113,42.45],[-82.96072,42.44985],[-82.96003,42.45001],[-82.95867,42.45004],[-82.95831,42.44993],[-82.95772,42.45005],[-82.95626,42.45007],[-82.95583,42.44996],[-82.95503,42.4501],[-82.95381,42.45012],[-82.95346,42.45001],[-82.95301,42.45013],[-82.95154,42.45016],[-82.95089,42.45009],[-82.95042,42.45018],[-82.94886,42.45022],[-82.94846,42.45012],[-82.9476,42.45024],[-82.94641,42.45025],[-82.94595,42.45016],[-82.94554,42.45025],[-82.94131,42.45026],[-82.94174,42.44989],[-82.94438,42.4465],[-82.94464,42.44627],[-82.94482,42.44594],[-82.94633,42.44394],[-82.94683,42.44306],[-82.95199,42.43624],[-82.95281,42.43507],[-82.95298,42.43468],[-82.95322,42.43443],[-82.95283,42.43419],[-82.95237,42.43408],[-82.95116,42.43358],[-82.95085,42.43338],[-82.95039,42.43326],[-82.94926,42.43281],[-82.94895,42.43258],[-82.94827,42.4324],[-82.94727,42.43199],[-82.94687,42.43174],[-82.9464,42.43163],[-82.94477,42.43091],[-82.94168,42.4297],[-82.94138,42.4295],[-82.94092,42.42939],[-82.93881,42.42853],[-82.93853,42.42832],[-82.93806,42.42822],[-82.93561,42.42722],[-82.93536,42.42702],[-82.93489,42.42692],[-82.93375,42.42646],[-82.93334,42.42621],[-82.93288,42.4261],[-82.9294,42.42469],[-82.92857,42.42431],[-82.9281,42.424],[-82.92771,42.42393],[-82.92619,42.42319],[-82.92588,42.42298],[-82.92352,42.42206],[-82.92318,42.42184],[-82.92271,42.42173],[-82.92184,42.4213],[-82.92138,42.4212],[-82.92005,42.42065],[-82.91967,42.42043],[-82.9192,42.42032],[-82.91771,42.41973],[-82.9174,42.41951],[-82.91693,42.41941],[-82.91529,42.41875],[-82.91473,42.41842],[-82.91426,42.41832],[-82.91132,42.4172],[-82.91123,42.41736],[-82.91271,42.418],[-82.913,42.41827]]]}},{"type":"Feature","properties":{"agency":"ddot","agency_label":"DDOT","route":"18","name":"Fenkell","route_type":3},"geometry":{"type":"MultiLineString","coordinates":[[[-83.27577,42.40001],[-83.27378,42.40008],[-83.27251,42.39995],[-83.27105,42.39993],[-83.26882,42.40018],[-83.25632,42.40024],[-83.24817,42.40048],[-83.24393,42.4005],[-83.2373,42.40066],[-83.23706,42.40061],[-83.23238,42.40076],[-83.22495,42.40088],[-83.21936,42.40108],[-83.2073,42.40124],[-83.20491,42.40135],[-83.19822,42.40145],[-83.19234,42.40169],[-83.17901,42.40207],[-83.17875,42.402],[-83.17847,42.40207],[-83.17678,42.40204],[-83.17415,42.40214],[-83.17391,42.40208],[-83.17368,42.40214],[-83.17038,42.4022],[-83.17013,42.40213],[-83.16981,42.40221],[-83.1689,42.40216],[-83.16859,42.40223],[-83.16691,42.40222],[-83.15943,42.4025],[-83.13978,42.40261],[-83.11926,42.40309],[-83.11846,42.40304],[-83.11748,42.40246],[-83.11674,42.40141],[-83.11953,42.40038],[-83.11931,42.39994],[-83.11899,42.39958],[-83.11755,42.39736],[-83.11614,42.39538],[-83.11597,42.39501],[-83.11574,42.3948],[-83.11394,42.39212],[-83.11358,42.39187],[-83.11302,42.39164],[-83.11277,42.39144],[-83.11147,42.38946],[-83.1106,42.38838],[-83.10773,42.38424],[-83.10766,42.38387],[-83.10797,42.38296],[-83.10765,42.38228],[-83.10291,42.37515],[-83.10281,42.37487],[-83.10192,42.37363],[-83.10176,42.37328],[-83.10084,42.37197],[-83.10072,42.37163],[-83.10027,42.37109],[-83.09952,42.36982],[-83.09922,42.36949],[-83.09849,42.36826],[-83.09824,42.36798],[-83.09767,42.367],[-83.09695,42.36603],[-83.09685,42.36575],[-83.09658,42.36545],[-83.09547,42.36376],[-83.09529,42.36337],[-83.09462,42.36247],[-83.09439,42.362],[-83.0941,42.36171],[-83.09377,42.36123],[-83.09367,42.36094],[-83.09337,42.36065],[-83.09255,42.35946],[-83.09247,42.3592],[-83.09201,42.35868],[-83.09167,42.35809],[-83.09161,42.35781],[-83.09135,42.35751],[-83.09025,42.35555],[-83.09018,42.35527],[-83.08965,42.35447],[-83.08949,42.35404],[-83.08924,42.35373],[-83.08874,42.3527],[-83.08848,42.35239],[-83.08669,42.34922],[-83.0866,42.34889],[-83.08633,42.34858],[-83.08554,42.34719],[-83.08546,42.34685],[-83.08508,42.34639],[-83.08442,42.34523],[-83.08433,42.34493],[-83.08407,42.34463],[-83.0836,42.3438],[-83.08352,42.34349],[-83.08326,42.34319],[-83.08269,42.3422],[-83.08264,42.34192],[-83.08236,42.34162],[-83.08097,42.33918],[-83.0809,42.33889],[-83.08063,42.33859],[-83.0801,42.33765],[-83.08005,42.33736],[-83.07977,42.33707],[-83.07881,42.3354],[-83.07872,42.33505],[-83.07845,42.33476],[-83.078,42.33398],[-83.07795,42.33369],[-83.07767,42.33339],[-83.07677,42.3318],[-83.07635,42.3317],[-83.07537,42.33203],[-83.07493,42.33208],[-83.07454,42.33229],[-83.0723,42.333],[-83.07094,42.3336],[-83.06792,42.33452],[-83.06403,42.33534],[-83.06067,42.33578],[-83.05971,42.33604],[-83.05888,42.3364],[-83.05798,42.33601],[-83.05774,42.33579],[-83.05746,42.33579],[-83.05585,42.33513],[-83.05557,42.33491],[-83.0551,42.33484],[-83.05228,42.33368],[-83.05241,42.33326]],[[-83.05257,42.33263],[-83.05264,42.33324],[-83.05226,42.33366],[-83.05079,42.33367],[-83.05079,42.33467],[-83.05162,42.33466],[-83.05162,42.33473],[-83.05162,42.33466],[-83.05195,42.33467],[-83.05337,42.33528],[-83.05407,42.33476],[-83.05446,42.33457],[-83.05673,42.3355],[-83.05665,42.33561],[-83.05673,42.3355],[-83.05796,42.33601],[-83.05814,42.33647],[-83.05851,42.33698],[-83.05863,42.33729],[-83.05897,42.33712],[-83.05904,42.33722],[-83.05897,42.33712],[-83.0592,42.33704],[-83.06468,42.33537],[-83.06824,42.33459],[-83.06838,42.33463],[-83.07,42.33438],[-83.07178,42.33436],[-83.07341,42.33387],[-83.07353,42.33409],[-83.07347,42.33411],[-83.07353,42.33409],[-83.07398,42.33484],[-83.07411,42.33527],[-83.07443,42.33563],[-83.07501,42.33677],[-83.0762,42.33874],[-83.0763,42.33912],[-83.07658,42.33942],[-83.07713,42.34039],[-83.07724,42.34077],[-83.07752,42.34107],[-83.07783,42.34161],[-83.07792,42.34199],[-83.07829,42.34243],[-83.07858,42.34293],[-83.07863,42.34322],[-83.07891,42.34352],[-83.07953,42.34462],[-83.07969,42.34505],[-83.07999,42.34542],[-83.08068,42.34664],[-83.08077,42.34698],[-83.08104,42.34728],[-83.08157,42.34817],[-83.0818,42.3488],[-83.0821,42.34916],[-83.083,42.35074],[-83.08305,42.35102],[-83.08332,42.35132],[-83.08358,42.35177],[-83.08363,42.35204],[-83.08386,42.35227],[-83.08619,42.35637],[-83.08628,42.35675],[-83.08656,42.35704],[-83.08812,42.35978],[-83.0886,42.36041],[-83.08875,42.36076],[-83.08913,42.36109],[-83.09043,42.36282],[-83.09036,42.36285],[-83.09043,42.36282],[-83.09094,42.3635],[-83.09121,42.36398],[-83.09113,42.36402],[-83.09122,42.36401],[-83.09133,42.36461],[-83.09153,42.36499],[-83.09335,42.36782],[-83.09839,42.37535],[-83.09883,42.37596],[-83.09954,42.37664],[-83.09948,42.37668],[-83.09954,42.37664],[-83.10003,42.37715],[-83.10086,42.37837],[-83.10078,42.3784],[-83.10086,42.37837],[-83.10188,42.37986],[-83.10203,42.38024],[-83.10233,42.38053],[-83.10345,42.38212],[-83.10387,42.38277],[-83.10399,42.38315],[-83.10426,42.38336],[-83.10509,42.38456],[-83.10517,42.38484],[-83.10545,42.38508],[-83.10622,42.38619],[-83.1064,42.38658],[-83.10668,42.38687],[-83.10774,42.3884],[-83.10783,42.38868],[-83.10808,42.38889],[-83.10887,42.39003],[-83.10904,42.39042],[-83.10931,42.39067],[-83.11009,42.3918],[-83.11019,42.39209],[-83.11054,42.39244],[-83.11108,42.39323],[-83.11125,42.39363],[-83.11153,42.39388],[-83.11228,42.39497],[-83.11239,42.39525],[-83.1131,42.39616],[-83.11326,42.39655],[-83.11384,42.39721],[-83.11417,42.3977],[-83.11432,42.3981],[-83.11467,42.39843],[-83.11516,42.39914],[-83.11527,42.3995],[-83.11559,42.39977],[-83.11673,42.40141],[-83.11679,42.40169],[-83.11711,42.40196],[-83.11751,42.40249],[-83.11862,42.40319],[-83.13013,42.40292],[-83.13067,42.40297],[-83.13115,42.4029],[-83.13325,42.40285],[-83.13365,42.4029],[-83.13534,42.4028],[-83.13591,42.40286],[-83.13639,42.40278],[-83.13858,42.40279],[-83.14035,42.40269],[-83.14071,42.40275],[-83.14119,42.40268],[-83.14276,42.40272],[-83.14459,42.40265],[-83.14519,42.40271],[-83.14701,42.40263],[-83.1475,42.4027],[-83.14798,42.40263],[-83.14982,42.40267],[-83.1503,42.40261],[-83.15189,42.40265],[-83.15431,42.40258],[-83.1547,42.40264],[-83.15508,42.40258],[-83.15774,42.40261],[-83.15971,42.40254],[-83.16014,42.40262],[-83.16061,42.40252],[-83.16184,42.40249],[-83.16226,42.40255],[-83.16273,42.40246],[-83.16389,42.40243],[-83.16435,42.4025],[-83.16481,42.40239],[-83.16545,42.40244],[-83.16617,42.40234],[-83.16827,42.40229],[-83.16865,42.40236],[-83.16912,42.40227],[-83.17145,42.40223],[-83.17183,42.4023],[-83.1723,42.40221],[-83.17352,42.40219],[-83.17406,42.40227],[-83.17453,42.40218],[-83.17591,42.40215],[-83.17626,42.40222],[-83.17674,42.40214],[-83.17915,42.40211],[-83.17966,42.40217],[-83.18022,42.40208],[-83.18232,42.40202],[-83.18284,42.40209],[-83.18416,42.40198],[-83.18652,42.40191],[-83.18696,42.40197],[-83.18768,42.40188],[-83.18918,42.4019],[-83.18966,42.40182],[-83.19132,42.40177],[-83.19169,42.40183],[-83.19216,42.40175],[-83.19415,42.40174],[-83.19626,42.40161],[-83.19669,42.40166],[-83.1992,42.40153],[-83.19967,42.40158],[-83.20158,42.40147],[-83.20204,42.40152],[-83.20393,42.40141],[-83.20437,42.40147],[-83.20616,42.40136],[-83.20658,42.40142],[-83.20713,42.40134],[-83.21605,42.40118],[-83.21652,42.40128],[-83.21698,42.40117],[-83.22057,42.40114],[-83.22429,42.40098],[-83.22888,42.40088],[-83.22925,42.40093],[-83.22973,42.40086],[-83.2317,42.40088],[-83.23218,42.40081],[-83.23404,42.40082],[-83.23476,42.40075],[-83.23531,42.4008],[-83.23743,42.4007],[-83.23779,42.40076],[-83.23851,42.40068],[-83.24028,42.40065],[-83.24087,42.40071],[-83.24135,42.40064],[-83.24295,42.40067],[-83.24343,42.4006],[-83.24513,42.40063],[-83.24696,42.40055],[-83.24733,42.4006],[-83.24922,42.40049],[-83.24963,42.40056],[-83.25011,42.40047],[-83.252,42.40043],[-83.25238,42.40048],[-83.25285,42.40041],[-83.25643,42.40032],[-83.25718,42.40037],[-83.25766,42.40031],[-83.25961,42.40036],[-83.26033,42.40029],[-83.26206,42.40035],[-83.26254,42.40028],[-83.26959,42.40026],[-83.27067,42.40004],[-83.27214,42.39998],[-83.27573,42.40021]]]}},{"type":"Feature","properties":{"agency":"ddot","agency_label":"DDOT","route":"19","name":"Fort","route_type":3},"geometry":{"type":"MultiLineString","coordinates":[[[-83.1664,42.2625],[-83.16652,42.26255],[-83.16514,42.2642],[-83.16506,42.26416],[-83.16514,42.2642],[-83.16455,42.26493],[-83.16313,42.2666],[-83.16294,42.2666],[-83.16272,42.26711],[-83.1617,42.26834],[-83.16133,42.26855],[-83.16122,42.2689],[-83.16007,42.27032],[-83.15972,42.27054],[-83.1596,42.27089],[-83.15903,42.2716],[-83.15841,42.27234],[-83.15809,42.27251],[-83.15797,42.27286],[-83.15682,42.27423],[-83.15646,42.27443],[-83.15635,42.27478],[-83.15576,42.27553],[-83.15518,42.2762],[-83.15481,42.27643],[-83.15465,42.27678],[-83.15399,42.27738],[-83.15308,42.27892],[-83.15281,42.27922],[-83.15219,42.27967],[-83.15144,42.28055],[-83.15108,42.28084],[-83.15071,42.28175],[-83.14632,42.28699],[-83.1445,42.28878],[-83.14399,42.28939],[-83.14358,42.28966],[-83.14363,42.29006],[-83.14344,42.29095],[-83.1412,42.29181],[-83.1408,42.29181],[-83.1405,42.29209],[-83.1388,42.29279],[-83.13584,42.29393],[-83.13546,42.2939],[-83.13504,42.29423],[-83.13116,42.29567],[-83.13094,42.29575],[-83.13051,42.29571],[-83.13022,42.296],[-83.12766,42.29697],[-83.12727,42.29697],[-83.12693,42.2972],[-83.12495,42.29792],[-83.12492,42.29787],[-83.12495,42.29792],[-83.12288,42.2987],[-83.12264,42.29888],[-83.1222,42.29905],[-83.12202,42.29911],[-83.12193,42.29898],[-83.12202,42.29911],[-83.11814,42.3006],[-83.11807,42.30049],[-83.11812,42.30061],[-83.11767,42.30079],[-83.11313,42.30256],[-83.11277,42.3026],[-83.11224,42.30296],[-83.10841,42.30458],[-83.10791,42.30461],[-83.10742,42.30499],[-83.10328,42.30675],[-83.10287,42.30675],[-83.10237,42.30713],[-83.09781,42.30906],[-83.09732,42.30918],[-83.09703,42.30938],[-83.09606,42.30979],[-83.0956,42.30983],[-83.09509,42.31021],[-83.0938,42.31078],[-83.0934,42.31078],[-83.09319,42.31103],[-83.09126,42.31187],[-83.09081,42.31189],[-83.09051,42.31218],[-83.09015,42.31235],[-83.08993,42.31244],[-83.08957,42.31244],[-83.08927,42.31272],[-83.08749,42.3135],[-83.08707,42.31352],[-83.08677,42.3138],[-83.08572,42.31426],[-83.08528,42.31429],[-83.085,42.31457],[-83.08307,42.3154],[-83.0827,42.3154],[-83.08245,42.31567],[-83.0811,42.31626],[-83.08055,42.31633],[-83.08005,42.31671],[-83.07732,42.31789],[-83.0768,42.31793],[-83.07633,42.31832],[-83.07536,42.31874],[-83.07493,42.31874],[-83.07446,42.31912],[-83.07164,42.32033],[-83.07122,42.32034],[-83.07092,42.32063],[-83.06875,42.32157],[-83.06827,42.3216],[-83.06798,42.32189],[-83.06652,42.32253],[-83.0661,42.32271],[-83.06549,42.32279],[-83.06532,42.32304],[-83.06241,42.32429],[-83.0622,42.32438],[-83.06172,42.3244],[-83.06147,42.32469],[-83.0599,42.32536],[-83.05947,42.32537],[-83.0592,42.32566],[-83.05687,42.32667],[-83.05636,42.32672],[-83.05586,42.3271],[-83.05415,42.32784],[-83.05378,42.32784],[-83.05347,42.32812],[-83.05306,42.32831],[-83.05263,42.32831],[-83.05234,42.3286],[-83.05079,42.32929],[-83.05128,42.32996],[-83.05144,42.33033],[-83.05177,42.3306],[-83.05279,42.33181],[-83.05382,42.33358],[-83.0537,42.33362],[-83.05334,42.33409],[-83.05228,42.33368],[-83.05241,42.33326]],[[-83.05257,42.33279],[-83.05264,42.33324],[-83.05228,42.33368],[-83.05121,42.3337],[-83.05123,42.3314],[-83.05052,42.33057],[-83.05031,42.33016],[-83.04986,42.32969],[-83.0507,42.32933],[-83.05106,42.32928],[-83.05182,42.32884],[-83.05234,42.32873],[-83.05289,42.32838],[-83.05354,42.3282],[-83.0539,42.32795],[-83.05467,42.32769],[-83.05504,42.32746],[-83.05664,42.32677],[-83.05702,42.32668],[-83.05792,42.32621],[-83.05837,42.32612],[-83.05868,42.32588],[-83.05941,42.32557],[-83.05988,42.32546],[-83.06017,42.32524],[-83.06168,42.3246],[-83.06223,42.32444],[-83.0626,42.32421],[-83.06687,42.32238],[-83.06729,42.32229],[-83.06765,42.32205],[-83.07055,42.3208],[-83.07096,42.32071],[-83.07132,42.32047],[-83.07317,42.31967],[-83.07358,42.31958],[-83.07395,42.31934],[-83.07509,42.31885],[-83.07549,42.31878],[-83.07577,42.31855],[-83.07993,42.31676],[-83.08036,42.31666],[-83.08072,42.31642],[-83.08195,42.31589],[-83.0823,42.31583],[-83.08266,42.31558],[-83.08405,42.31506],[-83.08432,42.31486],[-83.08605,42.31412],[-83.08661,42.31398],[-83.08696,42.31373],[-83.08812,42.31323],[-83.08857,42.31313],[-83.08893,42.31288],[-83.09015,42.31235],[-83.0906,42.31226],[-83.09088,42.31204],[-83.09168,42.31169],[-83.0922,42.31156],[-83.09256,42.31131],[-83.09341,42.31094],[-83.09405,42.31077],[-83.0944,42.31052],[-83.09593,42.30985],[-83.09641,42.30978],[-83.09681,42.30947],[-83.09823,42.30889],[-83.09873,42.30878],[-83.09907,42.30853],[-83.10226,42.30718],[-83.10275,42.30709],[-83.1033,42.30674],[-83.109,42.30432],[-83.10938,42.30427],[-83.10981,42.30398],[-83.11221,42.30297],[-83.11317,42.30258],[-83.11357,42.30253],[-83.11414,42.3022],[-83.11652,42.30127],[-83.1169,42.30122],[-83.11748,42.3009],[-83.11987,42.29997],[-83.12042,42.29983],[-83.12081,42.29961],[-83.12421,42.2983],[-83.12461,42.29825],[-83.12501,42.29798],[-83.12727,42.29711],[-83.12766,42.29707],[-83.12809,42.2968],[-83.12957,42.29624],[-83.13158,42.29551],[-83.13202,42.29545],[-83.13245,42.29519],[-83.13548,42.29407],[-83.13605,42.29395],[-83.13641,42.29372],[-83.14047,42.29212],[-83.14099,42.29203],[-83.14152,42.29167],[-83.14344,42.29095],[-83.14366,42.2899],[-83.14385,42.28957],[-83.14411,42.28937],[-83.1445,42.28878],[-83.14632,42.28699],[-83.15071,42.28176],[-83.15176,42.28096],[-83.15193,42.28065],[-83.15344,42.27886],[-83.15414,42.27754],[-83.15455,42.27713],[-83.15537,42.27657],[-83.15579,42.27618],[-83.15614,42.27564],[-83.15722,42.27447],[-83.15742,42.27414],[-83.15918,42.27211],[-83.1602,42.27076],[-83.16052,42.2705],[-83.16066,42.27023],[-83.16184,42.26877],[-83.16221,42.26844],[-83.1626,42.26785],[-83.16488,42.26516],[-83.16518,42.26492],[-83.16585,42.26403],[-83.16614,42.26383],[-83.16631,42.2635],[-83.16774,42.26179]]]}},{"type":"Feature","properties":{"agency":"ddot","agency_label":"DDOT","route":"2","name":"Michigan","route_type":3},"geometry":{"type":"MultiLineString","coordinates":[[[-83.05241,42.33262],[-83.05229,42.33198],[-83.05248,42.33187],[-83.05264,42.33201],[-83.05264,42.33324],[-83.05228,42.33368],[-83.05121,42.3337],[-83.0512,42.33172],[-83.05293,42.3317],[-83.0534,42.33179],[-83.05434,42.3317],[-83.05471,42.33182],[-83.05517,42.3317],[-83.05769,42.33169],[-83.05806,42.33178],[-83.05853,42.33168],[-83.06261,42.33152],[-83.06298,42.33163],[-83.06352,42.33148],[-83.06397,42.33146],[-83.06697,42.33144],[-83.06745,42.33153],[-83.06792,42.33144],[-83.06938,42.33143],[-83.06992,42.3315],[-83.07031,42.33143],[-83.07201,42.33142],[-83.07235,42.33154],[-83.07281,42.33142],[-83.07648,42.33137],[-83.07719,42.33149],[-83.07765,42.33138],[-83.07906,42.33138],[-83.07952,42.33149],[-83.07998,42.33138],[-83.08195,42.33137],[-83.08268,42.33142],[-83.08298,42.33157],[-83.08343,42.33148],[-83.08868,42.33148],[-83.08907,42.33159],[-83.0895,42.33147],[-83.09303,42.33145],[-83.09348,42.33157],[-83.09384,42.33145],[-83.09545,42.33137],[-83.09592,42.33148],[-83.09636,42.33133],[-83.09682,42.3313],[-83.09852,42.33129],[-83.09892,42.33143],[-83.09939,42.33134],[-83.10257,42.33132],[-83.10295,42.33139],[-83.10449,42.33123],[-83.10513,42.33136],[-83.10558,42.33123],[-83.10839,42.33122],[-83.10874,42.33135],[-83.10943,42.33121],[-83.11174,42.33119],[-83.11214,42.33129],[-83.11261,42.33119],[-83.11395,42.33118],[-83.11432,42.33129],[-83.11474,42.33118],[-83.11824,42.33115],[-83.11877,42.33129],[-83.1191,42.33114],[-83.12,42.33113],[-83.1206,42.33114],[-83.12105,42.33127],[-83.12175,42.33115],[-83.12332,42.33115],[-83.12373,42.33124],[-83.12421,42.33116],[-83.12782,42.33117],[-83.12835,42.33127],[-83.1293,42.33115],[-83.13129,42.33114],[-83.13172,42.33124],[-83.13216,42.33114],[-83.13331,42.33112],[-83.13373,42.33119],[-83.13421,42.33112],[-83.13732,42.33112],[-83.1381,42.33114],[-83.13851,42.33126],[-83.13896,42.33117],[-83.13999,42.3312],[-83.14035,42.33131],[-83.14168,42.33099],[-83.1422,42.33095],[-83.14254,42.33074],[-83.14471,42.33044],[-83.14517,42.3305],[-83.14547,42.33033],[-83.14744,42.33003],[-83.14785,42.33008],[-83.14827,42.3299],[-83.15097,42.32952],[-83.15137,42.32931],[-83.15343,42.3287],[-83.15383,42.32869],[-83.15423,42.32848],[-83.15681,42.32777],[-83.15725,42.32777],[-83.15762,42.32754],[-83.16062,42.32664],[-83.16648,42.32495],[-83.16698,42.32492],[-83.16737,42.32471],[-83.16882,42.32429],[-83.16941,42.3242],[-83.17004,42.32392],[-83.17153,42.32356],[-83.17185,42.32339],[-83.17446,42.32269],[-83.17619,42.32213],[-83.17696,42.32196],[-83.17989,42.32106],[-83.18031,42.321],[-83.18067,42.32083],[-83.18259,42.32028],[-83.18315,42.3202],[-83.18378,42.31993],[-83.18543,42.31945],[-83.18581,42.31943],[-83.18621,42.31923],[-83.18734,42.3189],[-83.18776,42.31887],[-83.18825,42.31864],[-83.18961,42.31824],[-83.18997,42.31822],[-83.19037,42.31802],[-83.19179,42.3176],[-83.19336,42.31726],[-83.19794,42.31591],[-83.19895,42.31548],[-83.19934,42.3155],[-83.19968,42.31531],[-83.20078,42.31502],[-83.20116,42.315],[-83.20153,42.3148],[-83.20313,42.31441],[-83.20354,42.31422],[-83.20737,42.31311],[-83.20786,42.31305],[-83.20849,42.31278],[-83.2136,42.31131],[-83.21817,42.31028],[-83.22448,42.30933],[-83.22538,42.30938],[-83.22595,42.30961],[-83.22627,42.30994],[-83.22645,42.31032],[-83.22664,42.31165],[-83.22641,42.31202],[-83.2245,42.31246],[-83.22413,42.31271],[-83.22381,42.31315],[-83.22309,42.31308],[-83.22195,42.3131],[-83.22103,42.31328],[-83.22046,42.31354],[-83.22006,42.31382],[-83.21918,42.31468],[-83.21861,42.31568],[-83.21837,42.31628],[-83.22071,42.31692],[-83.22099,42.31791],[-83.22012,42.31824],[-83.21966,42.31826]],[[-83.21966,42.31826],[-83.21923,42.31842],[-83.21854,42.31855],[-83.21835,42.31794],[-83.21825,42.31695],[-83.21834,42.31636],[-83.21859,42.31571],[-83.21916,42.31471],[-83.21987,42.31397],[-83.22044,42.31355],[-83.22131,42.31319],[-83.22259,42.31308],[-83.22381,42.31315],[-83.22413,42.31271],[-83.2245,42.31246],[-83.2249,42.31234],[-83.22646,42.31221],[-83.22671,42.3121],[-83.22692,42.31187],[-83.22701,42.31163],[-83.22683,42.31028],[-83.2259,42.30914],[-83.22534,42.3086],[-83.22127,42.30919],[-83.22002,42.30944],[-83.21601,42.31051],[-83.21228,42.31136],[-83.20918,42.31223],[-83.20864,42.31229],[-83.20825,42.31251],[-83.20357,42.31386],[-83.20277,42.31392],[-83.20235,42.31421],[-83.20043,42.31479],[-83.20002,42.31476],[-83.19976,42.31498],[-83.19922,42.31514],[-83.19716,42.31548],[-83.19405,42.31623],[-83.19364,42.31651],[-83.19187,42.31732],[-83.19151,42.31756],[-83.19101,42.31763],[-83.19069,42.3179],[-83.1898,42.31819],[-83.18852,42.31856],[-83.18798,42.31856],[-83.1874,42.31888],[-83.18214,42.32041],[-83.18155,42.32042],[-83.18126,42.32066],[-83.17714,42.32185],[-83.17671,42.32184],[-83.17612,42.32215],[-83.17452,42.32262],[-83.17399,42.32264],[-83.17362,42.32287],[-83.17162,42.32346],[-83.17125,42.32345],[-83.17095,42.32366],[-83.16948,42.32409],[-83.16902,42.32406],[-83.16869,42.32433],[-83.16755,42.32465],[-83.16707,42.32461],[-83.16651,42.32494],[-83.15683,42.32777],[-83.15615,42.3278],[-83.15589,42.32802],[-83.15364,42.32864],[-83.15308,42.32867],[-83.15265,42.32893],[-83.15189,42.32915],[-83.15133,42.32919],[-83.15095,42.32942],[-83.15057,42.32953],[-83.14959,42.32972],[-83.14916,42.32965],[-83.14874,42.32983],[-83.14703,42.3301],[-83.14652,42.33006],[-83.14601,42.33025],[-83.14452,42.33047],[-83.14335,42.33054],[-83.14115,42.33114],[-83.14072,42.33104],[-83.1403,42.3312],[-83.13762,42.33113],[-83.13722,42.33098],[-83.13659,42.33112],[-83.134,42.33112],[-83.1336,42.331],[-83.13314,42.33112],[-83.13193,42.33114],[-83.13142,42.33104],[-83.13095,42.33113],[-83.12739,42.33117],[-83.12695,42.33105],[-83.12661,42.33118],[-83.12371,42.33115],[-83.12329,42.33103],[-83.12283,42.33114],[-83.12015,42.33114],[-83.11973,42.33098],[-83.11904,42.33114],[-83.11586,42.33117],[-83.11569,42.33117],[-83.11531,42.331],[-83.11482,42.33118],[-83.1113,42.3312],[-83.11099,42.33105],[-83.11066,42.3312],[-83.10897,42.33121],[-83.10851,42.33105],[-83.10819,42.33122],[-83.10746,42.33123],[-83.10512,42.33122],[-83.10472,42.3311],[-83.10426,42.33122],[-83.10186,42.33109],[-83.10139,42.33117],[-83.09949,42.33119],[-83.09856,42.33129],[-83.09661,42.33131],[-83.09631,42.33115],[-83.09589,42.33134],[-83.09511,42.33139],[-83.09464,42.33127],[-83.09416,42.33144],[-83.09201,42.33145],[-83.09163,42.33132],[-83.09118,42.33145],[-83.08883,42.33148],[-83.08849,42.33133],[-83.08804,42.33147],[-83.08461,42.3315],[-83.08412,42.3315],[-83.08376,42.33134],[-83.08319,42.33146],[-83.08134,42.33137],[-83.08081,42.33122],[-83.08042,42.33137],[-83.0779,42.33139],[-83.07739,42.33122],[-83.0767,42.33137],[-83.07353,42.33141],[-83.0731,42.33126],[-83.07266,42.3314],[-83.07181,42.33142],[-83.07129,42.33126],[-83.07085,42.33141],[-83.06944,42.33143],[-83.06906,42.33127],[-83.06845,42.33143],[-83.06651,42.33145],[-83.06597,42.3313],[-83.06553,42.33144],[-83.06455,42.33146],[-83.06412,42.3313],[-83.06378,42.33147],[-83.06097,42.33162],[-83.06055,42.33152],[-83.06022,42.33165],[-83.0572,42.33169],[-83.05676,42.33155],[-83.05606,42.33169],[-83.05498,42.3317],[-83.05445,42.33157],[-83.0541,42.3317],[-83.05268,42.3317],[-83.05382,42.33358],[-83.0537,42.33362],[-83.05334,42.33409],[-83.05228,42.33368],[-83.05241,42.33326]]]}},{"type":"Feature","properties":{"agency":"ddot","agency_label":"DDOT","route":"23","name":"Hamilton","route_type":3},"geometry":{"type":"MultiLineString","coordinates":[[[-83.0524,42.33249],[-83.05229,42.33198],[-83.05248,42.33187],[-83.05264,42.33201],[-83.05264,42.33324],[-83.05228,42.33368],[-83.05082,42.3337],[-83.05084,42.33469],[-83.05205,42.33472],[-83.05346,42.33537],[-83.05617,42.33875],[-83.05654,42.33861],[-83.0565,42.33857],[-83.05668,42.33847],[-83.05775,42.34027],[-83.05772,42.34058],[-83.05805,42.34076],[-83.05858,42.34183],[-83.06306,42.34041],[-83.06406,42.34215],[-83.06417,42.34256],[-83.06445,42.34285],[-83.06523,42.34421],[-83.06526,42.34451],[-83.06555,42.34479],[-83.06666,42.34673],[-83.0667,42.34701],[-83.06702,42.34735],[-83.0683,42.34962],[-83.06836,42.34991],[-83.06864,42.35021],[-83.06936,42.35147],[-83.06942,42.35178],[-83.0698,42.35214],[-83.0711,42.35452],[-83.07118,42.35493],[-83.07148,42.35522],[-83.07295,42.35779],[-83.073,42.35814],[-83.07331,42.35842],[-83.07348,42.35871],[-83.07356,42.35904],[-83.07343,42.35954],[-83.07327,42.35977],[-83.07255,42.36032],[-83.07234,42.36057],[-83.07214,42.361],[-83.07238,42.36131],[-83.07274,42.36204],[-83.07277,42.36245],[-83.07332,42.36344],[-83.07341,42.36383],[-83.0737,42.36412],[-83.07441,42.36534],[-83.07449,42.36565],[-83.0751,42.36634],[-83.07595,42.36763],[-83.07605,42.36803],[-83.07634,42.36821],[-83.07677,42.36884],[-83.0765,42.36914],[-83.07645,42.36952],[-83.07675,42.3698],[-83.07708,42.37028],[-83.07722,42.37071],[-83.0775,42.37092],[-83.07787,42.37158],[-83.07814,42.37188],[-83.07959,42.37402],[-83.08293,42.37285],[-83.08459,42.37216],[-83.08477,42.37242],[-83.08468,42.37245],[-83.08477,42.37242],[-83.08601,42.37413],[-83.08614,42.37444],[-83.08647,42.37478],[-83.08713,42.37575],[-83.08722,42.37602],[-83.08773,42.37665],[-83.08917,42.37901],[-83.08982,42.37985],[-83.08993,42.38013],[-83.09098,42.38111],[-83.09172,42.38166],[-83.09217,42.38187],[-83.09268,42.38244],[-83.09309,42.38304],[-83.09321,42.38345],[-83.09355,42.3837],[-83.09388,42.38418],[-83.09397,42.38455],[-83.09437,42.3849],[-83.09515,42.38604],[-83.09524,42.38638],[-83.09559,42.38669],[-83.0958,42.3872],[-83.09616,42.38753],[-83.09633,42.38795],[-83.09662,42.3882],[-83.09775,42.38986],[-83.09776,42.39015],[-83.0981,42.39038],[-83.09908,42.39183],[-83.09907,42.39211],[-83.09948,42.39242],[-83.1002,42.39348],[-83.1002,42.39377],[-83.1006,42.39409],[-83.10208,42.39631],[-83.10207,42.39658],[-83.10237,42.39675],[-83.10351,42.39845],[-83.10354,42.39877],[-83.10388,42.39902],[-83.10458,42.40003],[-83.10473,42.40026],[-83.10482,42.40068],[-83.10515,42.40088],[-83.10618,42.40241],[-83.10623,42.40276],[-83.10663,42.40308],[-83.1071,42.40377],[-83.10714,42.40412],[-83.1076,42.40452],[-83.10949,42.40731],[-83.10949,42.40759],[-83.10996,42.408],[-83.11167,42.41052],[-83.11168,42.41082],[-83.11203,42.41107],[-83.11251,42.41176],[-83.11256,42.41212],[-83.11291,42.41235],[-83.11368,42.41349],[-83.11377,42.41389],[-83.11412,42.41415],[-83.11469,42.41498],[-83.11478,42.41537],[-83.11512,42.41563],[-83.11591,42.41679],[-83.11602,42.41721],[-83.11646,42.41761],[-83.11236,42.41768],[-83.11188,42.41759],[-83.11141,42.41769],[-83.10963,42.41772],[-83.10913,42.41763],[-83.10867,42.41774],[-83.10651,42.41776],[-83.10598,42.41768],[-83.10556,42.41777],[-83.10477,42.41779],[-83.10429,42.4177],[-83.10383,42.4178],[-83.10183,42.41785],[-83.10173,42.41841],[-83.10187,42.41867],[-83.10192,42.42004],[-83.10183,42.42035],[-83.10194,42.42077],[-83.102,42.42229],[-83.10189,42.42265],[-83.10202,42.423],[-83.10208,42.4245],[-83.10198,42.42483],[-83.1021,42.42518],[-83.10221,42.42761],[-83.10212,42.42793],[-83.10223,42.42828],[-83.1023,42.42977],[-83.1024,42.43219],[-83.10231,42.43251],[-83.10242,42.43286],[-83.10248,42.43482],[-83.10238,42.43509],[-83.10249,42.43544],[-83.10254,42.43697],[-83.10244,42.43729],[-83.10255,42.43764],[-83.10259,42.43954],[-83.11048,42.43951],[-83.11879,42.43933],[-83.11929,42.43938],[-83.11986,42.43929],[-83.12139,42.44156],[-83.12139,42.44185],[-83.12186,42.44226],[-83.12394,42.44539],[-83.12302,42.44565],[-83.12019,42.44574],[-83.1198,42.44568]],[[-83.1198,42.44568],[-83.11871,42.44577],[-83.1187,42.44655],[-83.11772,42.44658],[-83.11715,42.4465],[-83.11645,42.44665],[-83.10964,42.44685],[-83.10927,42.44673],[-83.10857,42.44688],[-83.10638,42.44694],[-83.10596,42.44684],[-83.1055,42.44695],[-83.1029,42.44701],[-83.10292,42.44625],[-83.10284,42.44572],[-83.10284,42.44414],[-83.10277,42.44379],[-83.10277,42.44242],[-83.10259,42.43901],[-83.10259,42.43677],[-83.10249,42.43515],[-83.10255,42.43483],[-83.10247,42.43447],[-83.1024,42.4323],[-83.10246,42.43188],[-83.10237,42.43153],[-83.10226,42.42891],[-83.10234,42.42852],[-83.10222,42.42799],[-83.10219,42.42709],[-83.10224,42.42673],[-83.10215,42.42638],[-83.10216,42.42496],[-83.10209,42.42467],[-83.10202,42.42303],[-83.10207,42.42261],[-83.102,42.42226],[-83.10183,42.41785],[-83.10232,42.4179],[-83.10398,42.4178],[-83.1058,42.41777],[-83.10622,42.41783],[-83.1067,42.41776],[-83.11267,42.41767],[-83.11318,42.41772],[-83.11646,42.41761],[-83.11635,42.41724],[-83.11603,42.41697],[-83.11517,42.41569],[-83.11512,42.4154],[-83.11484,42.41521],[-83.11392,42.41384],[-83.11379,42.41343],[-83.11346,42.41317],[-83.11298,42.41246],[-83.1129,42.41211],[-83.11258,42.41187],[-83.11168,42.41054],[-83.11157,42.41015],[-83.11128,42.40996],[-83.11053,42.40884],[-83.11042,42.40846],[-83.11009,42.40819],[-83.10917,42.40683],[-83.10908,42.40648],[-83.10875,42.40622],[-83.10777,42.40476],[-83.10762,42.40435],[-83.1073,42.40408],[-83.10675,42.40327],[-83.10667,42.40291],[-83.10631,42.40261],[-83.10596,42.40209],[-83.10578,42.40158],[-83.10545,42.40132],[-83.10458,42.40004],[-83.10452,42.39972],[-83.10407,42.39929],[-83.10319,42.39796],[-83.10317,42.39767],[-83.10278,42.39736],[-83.10216,42.39643],[-83.10206,42.39604],[-83.10173,42.39578],[-83.10009,42.39332],[-83.10001,42.39299],[-83.09969,42.39272],[-83.09911,42.39187],[-83.09901,42.39151],[-83.09857,42.39108],[-83.09744,42.38941],[-83.09735,42.38911],[-83.09709,42.3889],[-83.09579,42.38698],[-83.09572,42.38669],[-83.09529,42.38625],[-83.09516,42.38587],[-83.09485,42.3856],[-83.0939,42.38422],[-83.09381,42.38394],[-83.09355,42.3837],[-83.0931,42.38306],[-83.093,42.3827],[-83.09269,42.38244],[-83.09212,42.38089],[-83.09119,42.38015],[-83.09077,42.37956],[-83.08986,42.3799],[-83.08947,42.37994],[-83.08911,42.38017],[-83.08775,42.38065],[-83.08763,42.38047],[-83.08772,42.38044],[-83.08763,42.38047],[-83.08669,42.37905],[-83.08654,42.37868],[-83.08621,42.37833],[-83.08539,42.37711],[-83.08527,42.37682],[-83.08495,42.37646],[-83.08294,42.37349],[-83.08282,42.37311],[-83.08247,42.37277],[-83.08144,42.3712],[-83.08136,42.37088],[-83.08145,42.37062],[-83.08098,42.3704],[-83.08066,42.3701],[-83.08015,42.36934],[-83.08008,42.36907],[-83.07978,42.36879],[-83.0794,42.36823],[-83.07892,42.3679],[-83.07831,42.36699],[-83.07603,42.36782],[-83.07591,42.36762],[-83.076,42.36759],[-83.07591,42.36762],[-83.0751,42.36634],[-83.07496,42.36587],[-83.07458,42.36514],[-83.07275,42.36206],[-83.07232,42.36117],[-83.07226,42.36077],[-83.07276,42.36049],[-83.07391,42.35945],[-83.0737,42.35868],[-83.07318,42.35754],[-83.07292,42.35724],[-83.0712,42.35414],[-83.07075,42.3535],[-83.07008,42.35232],[-83.06936,42.35147],[-83.06842,42.34982],[-83.06833,42.34952],[-83.06808,42.34922],[-83.06658,42.34659],[-83.06645,42.34621],[-83.06619,42.3459],[-83.06523,42.34421],[-83.06512,42.34387],[-83.06486,42.34356],[-83.06358,42.34132],[-83.06348,42.34101],[-83.06306,42.34041],[-83.06117,42.34101],[-83.06074,42.34104],[-83.06036,42.34126],[-83.05858,42.34183],[-83.05777,42.34022],[-83.05756,42.33997],[-83.05588,42.33704],[-83.0558,42.33674],[-83.05557,42.33651],[-83.05448,42.3346],[-83.05228,42.33368],[-83.05241,42.33326]]]}},{"type":"Feature","properties":{"agency":"ddot","agency_label":"DDOT","route":"27","name":"Joy","route_type":3},"geometry":{"type":"MultiLineString","coordinates":[[[-83.27651,42.36333],[-83.27665,42.36333],[-83.27667,42.36383],[-83.27636,42.36387],[-83.2763,42.36406],[-83.27564,42.36407],[-83.27547,42.35899],[-83.27537,42.35826],[-83.27484,42.35686],[-83.27385,42.35689],[-83.27377,42.35677],[-83.27374,42.35689],[-83.27285,42.35695],[-83.26502,42.3571],[-83.26464,42.35701],[-83.26417,42.35711],[-83.26067,42.35717],[-83.25791,42.35752],[-83.25593,42.35727],[-83.25011,42.35734],[-83.24959,42.35722],[-83.24914,42.35735],[-83.24699,42.35739],[-83.24662,42.35726],[-83.24593,42.3574],[-83.24344,42.35745],[-83.24299,42.35732],[-83.24261,42.35746],[-83.24108,42.3575],[-83.24057,42.35736],[-83.23988,42.35752],[-83.23867,42.35755],[-83.23815,42.35742],[-83.2377,42.35755],[-83.23597,42.3576],[-83.2356,42.35748],[-83.2349,42.35761],[-83.23234,42.35765],[-83.23199,42.35754],[-83.23153,42.35766],[-83.2294,42.35769],[-83.22907,42.35756],[-83.22867,42.3577],[-83.22746,42.35772],[-83.22705,42.35757],[-83.22637,42.35773],[-83.22502,42.35775],[-83.22458,42.35764],[-83.22412,42.35776],[-83.22275,42.35778],[-83.22229,42.35766],[-83.22184,42.35779],[-83.21773,42.35785],[-83.2173,42.3577],[-83.21693,42.35786],[-83.21536,42.3579],[-83.21501,42.35777],[-83.21456,42.35791],[-83.2124,42.35795],[-83.21204,42.35782],[-83.21164,42.35797],[-83.20942,42.35801],[-83.20877,42.35798],[-83.20844,42.35784],[-83.208,42.35798],[-83.20764,42.358],[-83.20554,42.35802],[-83.20506,42.35791],[-83.20461,42.35803],[-83.20354,42.35806],[-83.20306,42.35794],[-83.20262,42.35809],[-83.20116,42.35816],[-83.20068,42.35804],[-83.20022,42.35816],[-83.19803,42.35816],[-83.19747,42.35803],[-83.19701,42.35816],[-83.19517,42.35819],[-83.19459,42.3581],[-83.19412,42.35821],[-83.19276,42.35825],[-83.19232,42.35817],[-83.19185,42.35827],[-83.19057,42.3583],[-83.19022,42.3582],[-83.18976,42.35831],[-83.1884,42.35835],[-83.18806,42.35824],[-83.18736,42.35837],[-83.18483,42.35842],[-83.18431,42.35834],[-83.18384,42.35844],[-83.18045,42.35853],[-83.18011,42.35842],[-83.17964,42.35853],[-83.17751,42.35857],[-83.1771,42.35847],[-83.1764,42.3586],[-83.17509,42.35862],[-83.17462,42.35854],[-83.17415,42.35864],[-83.17167,42.35869],[-83.17119,42.3586],[-83.17073,42.3587],[-83.16887,42.35875],[-83.16775,42.35876],[-83.16739,42.35867],[-83.16654,42.35878],[-83.1639,42.35871],[-83.16204,42.35881],[-83.16015,42.35879],[-83.15774,42.35892],[-83.1573,42.35886],[-83.15683,42.35894],[-83.15532,42.3589],[-83.15328,42.35903],[-83.15275,42.35897],[-83.15209,42.3591],[-83.15109,42.35912],[-83.15073,42.35902],[-83.15008,42.35914],[-83.14883,42.35917],[-83.14848,42.35906],[-83.14807,42.35918],[-83.14677,42.35921],[-83.14625,42.35913],[-83.14567,42.35923],[-83.14333,42.35929],[-83.14294,42.35922],[-83.14126,42.35933],[-83.14087,42.35925],[-83.14041,42.35935],[-83.13841,42.3594],[-83.13843,42.35968],[-83.13805,42.35972],[-83.1378,42.35993],[-83.1366,42.36042],[-83.13589,42.3607],[-83.13545,42.36077],[-83.1351,42.36102],[-83.13328,42.36174],[-83.13311,42.36193],[-83.13257,42.36193],[-83.13194,42.36227],[-83.13153,42.36233],[-83.13088,42.36315],[-83.13047,42.36326],[-83.13,42.36316],[-83.12664,42.36176],[-83.12635,42.36157],[-83.12579,42.36142],[-83.12505,42.36109],[-83.12492,42.3608],[-83.12465,42.36055],[-83.1238,42.35927],[-83.12291,42.35816],[-83.12165,42.35637],[-83.12154,42.35608],[-83.12127,42.3558],[-83.12055,42.35477],[-83.12044,42.35451],[-83.12016,42.35422],[-83.11937,42.3531],[-83.11891,42.35316],[-83.11856,42.3534],[-83.11755,42.35378],[-83.11707,42.35384],[-83.11672,42.35409],[-83.11503,42.35473],[-83.11449,42.35481],[-83.11406,42.35509],[-83.11366,42.35524],[-83.11327,42.35526],[-83.11294,42.35553],[-83.11252,42.3557],[-83.11246,42.35632],[-83.11214,42.3568],[-83.11095,42.35744],[-83.11047,42.35709],[-83.11005,42.35707],[-83.10962,42.3569],[-83.11069,42.35633],[-83.11087,42.3559],[-83.11092,42.35508],[-83.11063,42.34843],[-83.1103,42.34766],[-83.10945,42.34663],[-83.10831,42.34506],[-83.1079,42.34436],[-83.10614,42.34202],[-83.1058,42.3416],[-83.10551,42.34139],[-83.10377,42.339],[-83.10367,42.33869],[-83.10336,42.33842],[-83.10256,42.3373],[-83.10249,42.337],[-83.10168,42.33586],[-83.10121,42.33545],[-83.10109,42.33511],[-83.10077,42.33484],[-83.09978,42.33346],[-83.09911,42.33335],[-83.0982,42.33393],[-83.09752,42.33412],[-83.097,42.33405],[-83.09674,42.33382],[-83.09669,42.33353],[-83.09568,42.33228],[-83.09535,42.33107],[-83.09415,42.32939],[-83.09345,42.32877],[-83.09465,42.32828],[-83.09382,42.32697],[-83.09275,42.32546],[-83.0917,42.32586],[-83.0914,42.3257],[-83.09112,42.32541],[-83.08965,42.32334],[-83.08925,42.32289],[-83.08922,42.32254],[-83.08793,42.32085],[-83.08772,42.32045],[-83.0872,42.31986],[-83.08668,42.31904],[-83.0864,42.31875],[-83.08379,42.3151],[-83.08307,42.3154],[-83.0827,42.3154],[-83.08245,42.31567],[-83.0811,42.31626],[-83.08055,42.31633],[-83.08005,42.31671],[-83.07732,42.31789],[-83.0768,42.31793],[-83.07633,42.31832],[-83.07536,42.31874],[-83.07493,42.31874],[-83.07446,42.31912],[-83.0708,42.3207],[-83.07054,42.32104],[-83.0708,42.32126],[-83.07107,42.32174],[-83.06827,42.32294],[-83.06789,42.32298],[-83.0674,42.32332],[-83.06374,42.3249],[-83.06331,42.32494],[-83.06278,42.32531],[-83.06238,42.32549],[-83.06193,42.32554],[-83.06161,42.32581],[-83.06083,42.32602],[-83.06051,42.32629],[-83.05863,42.32709],[-83.05818,42.32715],[-83.05791,42.32739],[-83.05505,42.32863],[-83.0546,42.3287],[-83.05427,42.32896],[-83.05169,42.33007],[-83.05144,42.33033],[-83.05177,42.3306],[-83.05279,42.33181],[-83.05382,42.33358],[-83.0537,42.33362],[-83.05334,42.33409],[-83.05228,42.33368],[-83.05241,42.33326]],[[-83.05254,42.33215],[-83.05263,42.3325],[-83.05264,42.33324],[-83.05228,42.33368],[-83.05121,42.3337],[-83.05123,42.3314],[-83.05052,42.33057],[-83.05179,42.33009],[-83.05217,42.32987],[-83.05812,42.3273],[-83.05891,42.32703],[-83.06238,42.32549],[-83.06278,42.32537],[-83.06316,42.32515],[-83.06398,42.32486],[-83.06436,42.32463],[-83.0674,42.32332],[-83.06796,42.32314],[-83.06834,42.32292],[-83.07107,42.32174],[-83.07097,42.32142],[-83.07055,42.3208],[-83.07096,42.32071],[-83.07132,42.32047],[-83.07317,42.31967],[-83.07358,42.31958],[-83.07395,42.31934],[-83.07509,42.31885],[-83.07549,42.31878],[-83.07577,42.31855],[-83.07993,42.31676],[-83.08036,42.31666],[-83.08072,42.31642],[-83.08195,42.31589],[-83.0823,42.31583],[-83.08266,42.31558],[-83.08349,42.31522],[-83.08517,42.31758],[-83.08576,42.31823],[-83.08604,42.31878],[-83.08648,42.31927],[-83.08664,42.31969],[-83.08743,42.32056],[-83.08759,42.32091],[-83.08787,42.32113],[-83.08894,42.32274],[-83.08925,42.32289],[-83.08932,42.32318],[-83.08964,42.32331],[-83.0915,42.32594],[-83.09275,42.32546],[-83.09323,42.32612],[-83.09464,42.32826],[-83.09374,42.32865],[-83.09342,42.32896],[-83.09367,42.32919],[-83.09403,42.32984],[-83.09502,42.3312],[-83.09519,42.33179],[-83.09597,42.33259],[-83.09608,42.33288],[-83.09639,42.33316],[-83.09674,42.33382],[-83.097,42.33405],[-83.09752,42.33412],[-83.09807,42.33399],[-83.09922,42.33345],[-83.09978,42.33346],[-83.10114,42.33535],[-83.10118,42.33568],[-83.10246,42.3372],[-83.10257,42.33755],[-83.10291,42.33781],[-83.10377,42.339],[-83.10383,42.33927],[-83.10416,42.33954],[-83.10562,42.34155],[-83.1057,42.3419],[-83.10567,42.34217],[-83.10762,42.34483],[-83.10774,42.3451],[-83.10803,42.34539],[-83.11003,42.34813],[-83.11016,42.34876],[-83.1102,42.34983],[-83.11012,42.35026],[-83.11023,42.35061],[-83.11028,42.35187],[-83.11019,42.35223],[-83.1103,42.35258],[-83.11035,42.35384],[-83.11026,42.35412],[-83.11037,42.35448],[-83.11044,42.35592],[-83.11018,42.35635],[-83.10978,42.35658],[-83.1102,42.35667],[-83.11103,42.35598],[-83.11135,42.35582],[-83.1125,42.35571],[-83.11906,42.35322],[-83.11941,42.3533],[-83.11967,42.35352],[-83.12094,42.35533],[-83.12113,42.35573],[-83.12138,42.35596],[-83.12216,42.3571],[-83.12225,42.35739],[-83.1225,42.35759],[-83.12327,42.35862],[-83.12343,42.35894],[-83.12367,42.35917],[-83.12433,42.36009],[-83.12449,42.36046],[-83.12505,42.36109],[-83.12561,42.36139],[-83.1304,42.36332],[-83.13081,42.36332],[-83.13141,42.36248],[-83.13261,42.36202],[-83.13311,42.36193],[-83.13324,42.36177],[-83.13842,42.35968],[-83.13841,42.3594],[-83.14953,42.35915],[-83.14992,42.3592],[-83.15306,42.35906],[-83.15589,42.3591],[-83.16117,42.359],[-83.16654,42.35878],[-83.16803,42.35882],[-83.17245,42.35867],[-83.17295,42.35873],[-83.17343,42.35865],[-83.17541,42.35867],[-83.17752,42.35857],[-83.17799,42.35863],[-83.17847,42.35856],[-83.18166,42.35849],[-83.18205,42.35855],[-83.18247,42.35847],[-83.18463,42.35843],[-83.18505,42.35848],[-83.18699,42.35838],[-83.18752,42.35845],[-83.18824,42.35835],[-83.18973,42.35838],[-83.1913,42.35828],[-83.19179,42.35835],[-83.19227,42.35826],[-83.19373,42.35823],[-83.1941,42.35829],[-83.19458,42.35821],[-83.19702,42.35816],[-83.19744,42.35824],[-83.19816,42.35816],[-83.19937,42.35825],[-83.19973,42.35817],[-83.2007,42.35817],[-83.20108,42.35825],[-83.20163,42.35815],[-83.20309,42.35807],[-83.20356,42.35814],[-83.20403,42.35805],[-83.2053,42.35803],[-83.2057,42.35812],[-83.20617,42.35802],[-83.20837,42.35798],[-83.20889,42.3581],[-83.20925,42.358],[-83.21059,42.35798],[-83.21109,42.35807],[-83.21164,42.35797],[-83.2143,42.35792],[-83.21466,42.358],[-83.21512,42.3579],[-83.21759,42.35786],[-83.21805,42.35795],[-83.21852,42.35785],[-83.2211,42.35781],[-83.22161,42.35789],[-83.22208,42.3578],[-83.22353,42.35777],[-83.224,42.35787],[-83.22446,42.35776],[-83.22611,42.35774],[-83.22655,42.35781],[-83.22703,42.35773],[-83.22867,42.3577],[-83.22902,42.3578],[-83.22948,42.35769],[-83.23086,42.35767],[-83.2314,42.35777],[-83.2321,42.35765],[-83.23279,42.35773],[-83.23326,42.35764],[-83.23594,42.3576],[-83.23634,42.35766],[-83.23706,42.35757],[-83.23938,42.35753],[-83.23981,42.3576],[-83.24029,42.35752],[-83.24175,42.35748],[-83.24223,42.35757],[-83.24261,42.35746],[-83.24441,42.35743],[-83.2448,42.3575],[-83.24527,42.35742],[-83.24699,42.35739],[-83.24737,42.35746],[-83.24808,42.35737],[-83.25034,42.35733],[-83.25074,42.3574],[-83.25122,42.35732],[-83.25549,42.35727],[-83.25808,42.35752],[-83.26063,42.35717],[-83.27339,42.35692],[-83.27339,42.35698],[-83.27339,42.35692],[-83.27441,42.3569],[-83.27485,42.35799],[-83.27504,42.35887],[-83.27527,42.36561],[-83.27529,42.36581],[-83.27546,42.36595],[-83.27571,42.36589],[-83.27559,42.36296],[-83.27663,42.36297],[-83.27664,42.36318],[-83.27651,42.36333]]]}},{"type":"Feature","properties":{"agency":"ddot","agency_label":"DDOT","route":"29","name":"Linwood","route_type":3},"geometry":{"type":"MultiLineString","coordinates":[[[-83.05238,42.33216],[-83.05229,42.33207],[-83.0523,42.33196],[-83.05254,42.3319],[-83.05259,42.33198],[-83.05261,42.33323],[-83.05227,42.33364],[-83.05118,42.33367],[-83.05116,42.33141],[-83.05123,42.3314],[-83.05116,42.33141],[-83.05088,42.33091],[-83.05069,42.33081],[-83.05022,42.3302],[-83.05031,42.33016],[-83.05022,42.3302],[-83.04986,42.32969],[-83.0507,42.32933],[-83.05106,42.32928],[-83.05182,42.32884],[-83.05234,42.32873],[-83.05289,42.32838],[-83.05354,42.3282],[-83.0539,42.32795],[-83.05467,42.32769],[-83.05504,42.32746],[-83.05664,42.32677],[-83.05702,42.32668],[-83.05792,42.32621],[-83.05837,42.32612],[-83.05868,42.32588],[-83.05941,42.32557],[-83.05988,42.32546],[-83.06017,42.32524],[-83.06168,42.3246],[-83.06185,42.32497],[-83.06216,42.3252],[-83.0624,42.32567],[-83.06271,42.32591],[-83.06363,42.32708],[-83.06373,42.32744],[-83.06422,42.32783],[-83.06555,42.32953],[-83.0656,42.3298],[-83.06595,42.33005],[-83.06688,42.33125],[-83.06696,42.33142],[-83.06693,42.33171],[-83.06722,42.33192],[-83.06802,42.33334],[-83.06805,42.33364],[-83.06835,42.33393],[-83.06893,42.33495],[-83.06896,42.33524],[-83.06926,42.33552],[-83.07059,42.33786],[-83.0706,42.33814],[-83.0709,42.33842],[-83.07159,42.33962],[-83.07167,42.33999],[-83.07191,42.34019],[-83.07335,42.34263],[-83.07331,42.3429],[-83.07373,42.34333],[-83.07419,42.34417],[-83.07426,42.34455],[-83.07466,42.345],[-83.07639,42.34801],[-83.07643,42.3483],[-83.07672,42.34859],[-83.07745,42.34987],[-83.07752,42.35021],[-83.07781,42.35049],[-83.07875,42.35212],[-83.07884,42.35253],[-83.07924,42.35298],[-83.08036,42.35492],[-83.08044,42.35532],[-83.08072,42.35554],[-83.08187,42.35755],[-83.08191,42.35786],[-83.08218,42.35809],[-83.08364,42.36062],[-83.08376,42.36097],[-83.08377,42.36139],[-83.08349,42.36247],[-83.08341,42.36247],[-83.08349,42.36247],[-83.08337,42.363],[-83.08749,42.36353],[-83.09409,42.36112],[-83.09901,42.35922],[-83.09919,42.35943],[-83.09911,42.35947],[-83.09919,42.35943],[-83.0999,42.36023],[-83.10009,42.36067],[-83.10051,42.36111],[-83.10157,42.36269],[-83.10169,42.36308],[-83.10205,42.36341],[-83.10244,42.364],[-83.1025,42.36427],[-83.1028,42.36455],[-83.10317,42.36509],[-83.1033,42.36548],[-83.10366,42.36583],[-83.10524,42.36815],[-83.10532,42.36845],[-83.1056,42.36869],[-83.10655,42.3701],[-83.10661,42.37041],[-83.10693,42.37066],[-83.10809,42.3724],[-83.10811,42.37268],[-83.10839,42.37286],[-83.10932,42.37426],[-83.10961,42.37469],[-83.10966,42.37503],[-83.10997,42.37524],[-83.11092,42.37669],[-83.11099,42.37697],[-83.11129,42.37726],[-83.11225,42.37874],[-83.11233,42.37907],[-83.11267,42.3794],[-83.11418,42.38159],[-83.11431,42.382],[-83.11464,42.38225],[-83.11554,42.38352],[-83.11567,42.38394],[-83.11601,42.3842],[-83.1175,42.38631],[-83.11762,42.38673],[-83.11795,42.38696],[-83.11911,42.38868],[-83.11918,42.389],[-83.11958,42.38937],[-83.12,42.39],[-83.12009,42.39036],[-83.12053,42.39078],[-83.12115,42.39171],[-83.12125,42.39205],[-83.12156,42.39232],[-83.12216,42.39321],[-83.12223,42.39353],[-83.1226,42.39387],[-83.12304,42.39451],[-83.12317,42.39489],[-83.12347,42.39517],[-83.124,42.39595],[-83.12411,42.39629],[-83.12447,42.39664],[-83.12541,42.39804],[-83.12549,42.39838],[-83.12578,42.39859],[-83.12669,42.39996],[-83.12671,42.40032],[-83.1266,42.40074],[-83.12675,42.40109],[-83.12681,42.40249],[-83.12732,42.40295],[-83.12732,42.40324],[-83.12716,42.40324],[-83.12732,42.40324],[-83.12744,42.40542],[-83.12735,42.40584],[-83.12746,42.40619],[-83.12753,42.40763],[-83.12746,42.40806],[-83.12758,42.40841],[-83.12771,42.41018],[-83.14044,42.40991],[-83.14045,42.4101],[-83.14036,42.4101],[-83.14045,42.41011],[-83.14048,42.41068],[-83.14054,42.41238],[-83.14047,42.41271]],[[-83.14047,42.41271],[-83.14057,42.41306],[-83.14065,42.41468],[-83.14054,42.41503],[-83.14067,42.41537],[-83.14074,42.41717],[-83.14013,42.41708],[-83.13966,42.41719],[-83.13804,42.41721],[-83.13762,42.41712],[-83.13715,42.41722],[-83.13533,42.41725],[-83.13536,42.41675],[-83.13528,42.41621],[-83.13526,42.41456],[-83.13519,42.4142],[-83.13503,42.41067],[-83.13507,42.41024],[-83.13476,42.41004],[-83.1343,42.40997],[-83.1317,42.41008],[-83.13126,42.41001],[-83.13078,42.4101],[-83.12975,42.41013],[-83.12938,42.41004],[-83.12895,42.41015],[-83.12771,42.41018],[-83.12778,42.40985],[-83.12766,42.4095],[-83.12749,42.40673],[-83.12756,42.40633],[-83.12745,42.40582],[-83.12741,42.4048],[-83.12749,42.40448],[-83.12736,42.40413],[-83.12727,42.40298],[-83.12711,42.40258],[-83.12683,42.40233],[-83.12664,42.39969],[-83.12622,42.39925],[-83.12541,42.39804],[-83.12533,42.39777],[-83.12503,42.39748],[-83.1244,42.39654],[-83.12425,42.39616],[-83.124,42.39595],[-83.1235,42.3952],[-83.12333,42.3948],[-83.12304,42.39451],[-83.12195,42.3929],[-83.12187,42.39258],[-83.12152,42.39225],[-83.12115,42.39171],[-83.12101,42.3913],[-83.12064,42.39096],[-83.12002,42.39003],[-83.11991,42.3897],[-83.11962,42.38944],[-83.11905,42.38859],[-83.11893,42.38823],[-83.11862,42.38795],[-83.11797,42.38698],[-83.11788,42.38664],[-83.11755,42.38638],[-83.11623,42.38451],[-83.11617,42.38421],[-83.11584,42.38394],[-83.11464,42.38225],[-83.11448,42.38186],[-83.11417,42.38158],[-83.11341,42.38048],[-83.11328,42.38009],[-83.11301,42.3799],[-83.11282,42.37964],[-83.11194,42.37825],[-83.11188,42.37793],[-83.1116,42.37773],[-83.11083,42.37655],[-83.11075,42.37626],[-83.11045,42.37597],[-83.10975,42.37492],[-83.10962,42.37456],[-83.10929,42.37421],[-83.10839,42.37286],[-83.10824,42.37245],[-83.10798,42.37224],[-83.10694,42.37068],[-83.10689,42.37041],[-83.10658,42.37013],[-83.10608,42.36939],[-83.106,42.36909],[-83.10569,42.36882],[-83.10513,42.36799],[-83.10506,42.3677],[-83.10474,42.36743],[-83.10416,42.36659],[-83.10406,42.36629],[-83.10377,42.366],[-83.10276,42.36447],[-83.10264,42.36416],[-83.10235,42.36386],[-83.10173,42.36293],[-83.10165,42.36266],[-83.10136,42.36237],[-83.0997,42.35986],[-83.09908,42.35931],[-83.0987,42.35927],[-83.09832,42.35951],[-83.09643,42.36021],[-83.09605,42.36024],[-83.0957,42.36048],[-83.09375,42.3612],[-83.09328,42.36127],[-83.09292,42.36151],[-83.09031,42.36247],[-83.08989,42.36255],[-83.08943,42.36281],[-83.08751,42.36353],[-83.08718,42.36338],[-83.0867,42.36342],[-83.08514,42.36324],[-83.08464,42.36308],[-83.08415,42.36311],[-83.08343,42.36303],[-83.08366,42.36192],[-83.08378,42.36165],[-83.08375,42.36097],[-83.08363,42.36062],[-83.08199,42.35776],[-83.08191,42.35746],[-83.08165,42.35716],[-83.07875,42.35212],[-83.07869,42.35183],[-83.07841,42.35153],[-83.07751,42.34996],[-83.07745,42.34966],[-83.07717,42.34937],[-83.0765,42.34821],[-83.07644,42.3479],[-83.07616,42.34761],[-83.07437,42.34449],[-83.07426,42.34413],[-83.074,42.34382],[-83.07279,42.34174],[-83.07279,42.34146],[-83.07249,42.34118],[-83.07193,42.34021],[-83.07185,42.33989],[-83.0715,42.33946],[-83.07143,42.33912],[-83.07114,42.33882],[-83.0707,42.33804],[-83.07059,42.33771],[-83.07034,42.3374],[-83.06986,42.33657],[-83.06978,42.33621],[-83.0695,42.33591],[-83.06827,42.33377],[-83.06821,42.33343],[-83.06788,42.3331],[-83.06712,42.33175],[-83.06677,42.33092],[-83.06638,42.33059],[-83.06562,42.32962],[-83.06548,42.32928],[-83.06511,42.32897],[-83.06429,42.32791],[-83.06413,42.32753],[-83.06379,42.32728],[-83.06305,42.32634],[-83.06294,42.32607],[-83.06259,42.32575],[-83.06168,42.3246],[-83.0599,42.32536],[-83.05947,42.32537],[-83.0592,42.32566],[-83.05687,42.32667],[-83.05636,42.32672],[-83.05586,42.3271],[-83.05415,42.32784],[-83.05378,42.32784],[-83.05347,42.32812],[-83.05306,42.32831],[-83.05263,42.32831],[-83.05234,42.3286],[-83.05079,42.32929],[-83.05128,42.32996],[-83.05144,42.33033],[-83.05177,42.3306],[-83.05279,42.33181],[-83.05382,42.33358],[-83.0537,42.33362],[-83.05334,42.33409],[-83.05228,42.33368],[-83.05241,42.33326]]]}},{"type":"Feature","properties":{"agency":"ddot","agency_label":"DDOT","route":"30","name":"Livernois","route_type":3},"geometry":{"type":"MultiLineString","coordinates":[[[-83.12723,42.28202],[-83.12708,42.28234],[-83.12531,42.28383],[-83.12495,42.28399],[-83.12473,42.28431],[-83.12206,42.2866],[-83.12114,42.28787],[-83.12086,42.28805],[-83.12075,42.2884],[-83.12029,42.28904],[-83.1196,42.28963],[-83.1189,42.29001],[-83.1169,42.29086],[-83.11641,42.29096],[-83.11608,42.29122],[-83.11346,42.29235],[-83.11294,42.29247],[-83.11259,42.29273],[-83.11116,42.29339],[-83.11073,42.29342],[-83.11043,42.29371],[-83.10765,42.29493],[-83.10722,42.29498],[-83.10671,42.29534],[-83.10507,42.29606],[-83.10464,42.29615],[-83.10429,42.2964],[-83.10167,42.29755],[-83.10115,42.29766],[-83.10108,42.29793],[-83.09976,42.29931],[-83.09945,42.29947],[-83.09929,42.29981],[-83.09793,42.30121],[-83.09806,42.30152],[-83.09835,42.30179],[-83.099,42.3028],[-83.09929,42.30309],[-83.10225,42.30716],[-83.10237,42.30747],[-83.10267,42.30774],[-83.10346,42.30881],[-83.10374,42.30938],[-83.10406,42.30965],[-83.10486,42.31076],[-83.10497,42.31107],[-83.10528,42.31135],[-83.10609,42.31245],[-83.10625,42.31285],[-83.10657,42.31312],[-83.10726,42.31407],[-83.10742,42.31444],[-83.10854,42.31566],[-83.10868,42.31594],[-83.10949,42.31637],[-83.11035,42.31738],[-83.11092,42.31817],[-83.11092,42.31848],[-83.11135,42.31875],[-83.11212,42.3198],[-83.11212,42.32012],[-83.11262,42.3205],[-83.11309,42.32114],[-83.11315,42.32152],[-83.11365,42.32191],[-83.11553,42.32449],[-83.11562,42.32487],[-83.11598,42.32511],[-83.11677,42.3262],[-83.11679,42.32654],[-83.1173,42.32692],[-83.11877,42.32895],[-83.11875,42.32924],[-83.11913,42.32946],[-83.12036,42.33113],[-83.12027,42.33143],[-83.12073,42.33166],[-83.12116,42.33223],[-83.12127,42.33239],[-83.1213,42.33275],[-83.12169,42.33297],[-83.1237,42.33573],[-83.12373,42.33602],[-83.12409,42.33627],[-83.12572,42.33851],[-83.12571,42.33882],[-83.12622,42.3392],[-83.12733,42.34073],[-83.12735,42.34108],[-83.12773,42.34131],[-83.12855,42.34241],[-83.12859,42.34281],[-83.1291,42.34315],[-83.1304,42.34466],[-83.13048,42.34508],[-83.13099,42.34546],[-83.13134,42.34593],[-83.13141,42.34634],[-83.13191,42.34672],[-83.13248,42.34751],[-83.13266,42.3479],[-83.13297,42.34818],[-83.13382,42.34935],[-83.13378,42.34963],[-83.13424,42.34993],[-83.13546,42.35162],[-83.13569,42.35203],[-83.13565,42.35234],[-83.13597,42.35247],[-83.13717,42.35412],[-83.13716,42.35443],[-83.13754,42.35465],[-83.13825,42.35568],[-83.13828,42.35635],[-83.13806,42.35659],[-83.13831,42.35695],[-83.13834,42.35765],[-83.13814,42.3579],[-83.13835,42.35822],[-83.13843,42.35968],[-83.13822,42.35994],[-83.13846,42.36031],[-83.13848,42.36087],[-83.13855,42.36245],[-83.13834,42.36274],[-83.13855,42.36306],[-83.13858,42.36324],[-83.13862,42.36414],[-83.13843,42.3645],[-83.13864,42.36482],[-83.13872,42.36618],[-83.13851,42.36654],[-83.13875,42.36679],[-83.13879,42.36778],[-83.13882,42.36868],[-83.13861,42.36899],[-83.13877,42.36926],[-83.13875,42.37152],[-83.13892,42.37356],[-83.13896,42.37435],[-83.13887,42.37463],[-83.13897,42.37498],[-83.13901,42.37617],[-83.13893,42.37655],[-83.13904,42.3769],[-83.13911,42.37868],[-83.13905,42.37906],[-83.13915,42.37933],[-83.13919,42.38075],[-83.13911,42.38114],[-83.13923,42.38156],[-83.13929,42.38301],[-83.13921,42.38327],[-83.13931,42.38363],[-83.13941,42.38576],[-83.13934,42.38613],[-83.13956,42.38651],[-83.13957,42.38669],[-83.13938,42.38697],[-83.13953,42.38731],[-83.13949,42.38965],[-83.13961,42.39012],[-83.13967,42.39149],[-83.13959,42.39185],[-83.1397,42.39219],[-83.13974,42.39335],[-83.13966,42.39368],[-83.13977,42.39403],[-83.13981,42.39454],[-83.13985,42.39564],[-83.13977,42.396],[-83.13989,42.39635],[-83.13999,42.39879],[-83.13991,42.39907],[-83.14002,42.39942],[-83.14007,42.40032],[-83.13998,42.40078],[-83.14008,42.40113],[-83.14012,42.40194],[-83.14014,42.40266],[-83.14007,42.40301],[-83.14018,42.40336],[-83.14029,42.4062],[-83.14019,42.40655],[-83.14032,42.40697],[-83.14035,42.40758],[-83.14045,42.40972],[-83.14036,42.4101],[-83.14047,42.4105],[-83.14054,42.41238],[-83.14047,42.41271],[-83.14057,42.41306],[-83.14065,42.41468],[-83.14054,42.41503],[-83.14067,42.41537],[-83.14074,42.41699],[-83.14064,42.41742],[-83.14077,42.41774],[-83.14081,42.41864],[-83.14083,42.41899],[-83.14073,42.41929],[-83.14086,42.41964],[-83.14088,42.42018],[-83.14091,42.42082],[-83.14083,42.42117],[-83.14094,42.42152],[-83.14094,42.42282],[-83.14106,42.42426],[-83.14099,42.42464],[-83.1411,42.42499],[-83.14116,42.42625],[-83.14107,42.42662],[-83.14118,42.42697],[-83.14125,42.42826],[-83.14116,42.42827],[-83.14125,42.42826],[-83.14144,42.4296],[-83.14151,42.43196],[-83.14141,42.43196],[-83.14152,42.43202],[-83.14161,42.43477],[-83.14151,42.43478],[-83.14161,42.43477],[-83.14176,42.43867],[-83.14175,42.43926],[-83.14166,42.43926],[-83.14175,42.43926],[-83.1418,42.43995],[-83.14185,42.44166],[-83.14175,42.44166],[-83.14185,42.44166],[-83.14196,42.44481],[-83.14179,42.44492],[-83.14199,42.44525],[-83.14205,42.44611],[-83.13888,42.44618],[-83.13856,42.44605],[-83.13787,42.4462],[-83.13523,42.44625],[-83.13477,42.44615],[-83.1343,42.44626],[-83.1302,42.44636],[-83.12966,42.44627],[-83.1292,42.44638],[-83.12733,42.44623],[-83.12662,42.44634],[-83.12398,42.44635],[-83.12355,42.44644],[-83.12131,42.44657],[-83.11751,42.44662],[-83.11715,42.4465],[-83.11669,42.44663],[-83.11612,42.44665],[-83.11604,42.44365],[-83.11668,42.44366],[-83.11662,42.44425]],[[-83.11662,42.44425],[-83.11674,42.44506],[-83.11687,42.4451],[-83.11688,42.44527],[-83.11729,42.44529],[-83.1174,42.44539],[-83.11747,42.44662],[-83.11657,42.44664],[-83.11634,42.44683],[-83.11651,42.44697],[-83.1209,42.44684],[-83.12154,42.44689],[-83.12525,42.44681],[-83.13161,42.44658],[-83.13203,42.44667],[-83.13249,42.44656],[-83.13322,42.44654],[-83.13367,42.44663],[-83.13414,42.44653],[-83.13511,42.44651],[-83.13579,42.44657],[-83.13772,42.44648],[-83.13773,42.44659],[-83.13772,42.44648],[-83.1421,42.44639],[-83.142,42.44578],[-83.14198,42.44522],[-83.14209,42.44526],[-83.14198,42.44522],[-83.14183,42.44124],[-83.14183,42.44109],[-83.14194,42.44109],[-83.14183,42.44109],[-83.14175,42.4392],[-83.14176,42.43867],[-83.14187,42.43867],[-83.14176,42.43867],[-83.14169,42.43735],[-83.1416,42.43464],[-83.14171,42.43464],[-83.1416,42.43464],[-83.14148,42.43153],[-83.14163,42.4313],[-83.14148,42.43096],[-83.14141,42.42956],[-83.14151,42.42781],[-83.14143,42.42745],[-83.14071,42.40956],[-83.14043,42.40453],[-83.14048,42.40406],[-83.14041,42.4037],[-83.1404,42.40236],[-83.14017,42.39816],[-83.14024,42.39778],[-83.14013,42.39724],[-83.1398,42.38843],[-83.13957,42.3872],[-83.13956,42.38654],[-83.13969,42.38611],[-83.13944,42.3812],[-83.13949,42.3809],[-83.13941,42.38036],[-83.13943,42.37906],[-83.13935,42.3787],[-83.13926,42.37586],[-83.13916,42.37528],[-83.1392,42.37416],[-83.13912,42.3738],[-83.1391,42.37227],[-83.13899,42.37165],[-83.13901,42.36982],[-83.13878,42.36908],[-83.13881,42.36854],[-83.13897,42.36815],[-83.1388,42.36781],[-83.13873,42.36643],[-83.13886,42.36615],[-83.13871,42.36581],[-83.13862,42.36419],[-83.13875,42.36376],[-83.13858,42.36324],[-83.13841,42.3594],[-83.13856,42.35912],[-83.13839,42.35887],[-83.13836,42.35809],[-83.13849,42.35767],[-83.13833,42.35733],[-83.13828,42.35635],[-83.13842,42.35601],[-83.1382,42.35554],[-83.13732,42.35432],[-83.13721,42.35394],[-83.13675,42.35353],[-83.13579,42.35221],[-83.13579,42.35188],[-83.13551,42.3517],[-83.13484,42.35075],[-83.1348,42.35043],[-83.13444,42.35019],[-83.13371,42.34919],[-83.13365,42.34883],[-83.13316,42.34844],[-83.13269,42.34781],[-83.13262,42.34743],[-83.13214,42.34704],[-83.13159,42.34627],[-83.13147,42.34588],[-83.13113,42.34563],[-83.13028,42.34451],[-83.13023,42.34423],[-83.12985,42.34401],[-83.1291,42.34315],[-83.12856,42.34242],[-83.12851,42.34211],[-83.12816,42.34186],[-83.12742,42.34085],[-83.12739,42.34057],[-83.12704,42.34032],[-83.12641,42.33946],[-83.12632,42.33908],[-83.12584,42.33868],[-83.12465,42.33703],[-83.12453,42.33663],[-83.12423,42.33647],[-83.12386,42.33595],[-83.12374,42.33562],[-83.12342,42.33534],[-83.12275,42.33442],[-83.12271,42.33411],[-83.12223,42.33371],[-83.12158,42.33281],[-83.12154,42.33252],[-83.12124,42.33235],[-83.12036,42.33114],[-83.12027,42.33084],[-83.11983,42.33041],[-83.11877,42.32895],[-83.11868,42.32867],[-83.11837,42.32839],[-83.11677,42.3262],[-83.11671,42.32591],[-83.11638,42.32565],[-83.11526,42.32412],[-83.11523,42.32379],[-83.11486,42.32355],[-83.11312,42.32118],[-83.11307,42.32083],[-83.11258,42.32044],[-83.11223,42.31996],[-83.11215,42.31959],[-83.11179,42.31935],[-83.11117,42.31851],[-83.11112,42.31819],[-83.11081,42.31802],[-83.11003,42.31694],[-83.10992,42.31659],[-83.11002,42.31573],[-83.10994,42.31543],[-83.10953,42.31499],[-83.10873,42.31387],[-83.10858,42.31355],[-83.10829,42.31326],[-83.10748,42.31215],[-83.10735,42.31187],[-83.10618,42.31037],[-83.10607,42.31009],[-83.10578,42.30981],[-83.10498,42.30871],[-83.10485,42.30839],[-83.10456,42.30814],[-83.10352,42.30668],[-83.10333,42.3063],[-83.10305,42.30604],[-83.10121,42.3035],[-83.10106,42.30316],[-83.10076,42.30288],[-83.1003,42.30225],[-83.10012,42.30187],[-83.09982,42.30159],[-83.09956,42.30111],[-83.09888,42.3003],[-83.10136,42.29769],[-83.10671,42.29534],[-83.10716,42.29521],[-83.10754,42.29498],[-83.11044,42.2937],[-83.11093,42.29355],[-83.11455,42.29187],[-83.11696,42.29084],[-83.11748,42.29068],[-83.1196,42.28963],[-83.1205,42.28888],[-83.12065,42.28854],[-83.12227,42.28639],[-83.12413,42.28482],[-83.12454,42.28457],[-83.12479,42.28426],[-83.12768,42.28184],[-83.12719,42.28167],[-83.12709,42.28173],[-83.12723,42.28202]]]}},{"type":"Feature","properties":{"agency":"ddot","agency_label":"DDOT","route":"3","name":"Grand River","route_type":3},"geometry":{"type":"MultiLineString","coordinates":[[[-83.04005,42.33102],[-83.04028,42.33072],[-83.04815,42.32738],[-83.04825,42.3277],[-83.04858,42.32796],[-83.04923,42.32877],[-83.05052,42.33057],[-83.05067,42.33096],[-83.05087,42.33121],[-83.05083,42.3317],[-83.05293,42.3317],[-83.0534,42.33179],[-83.05434,42.3317],[-83.05564,42.33399],[-83.05568,42.33426],[-83.05596,42.33455],[-83.05585,42.33515],[-83.05628,42.33532],[-83.05665,42.33561],[-83.05735,42.33575],[-83.05798,42.33601],[-83.05839,42.33632],[-83.05886,42.3364],[-83.05944,42.33663],[-83.05996,42.33684],[-83.06031,42.33709],[-83.06093,42.33723],[-83.06443,42.33865],[-83.06478,42.33891],[-83.06515,42.33895],[-83.068,42.34011],[-83.06842,42.34036],[-83.06884,42.34045],[-83.07031,42.34105],[-83.07069,42.34132],[-83.07109,42.34137],[-83.07322,42.34222],[-83.07366,42.34251],[-83.07402,42.34255],[-83.07702,42.34376],[-83.07727,42.34397],[-83.07796,42.34414],[-83.07964,42.34481],[-83.08009,42.3451],[-83.08056,42.34519],[-83.0825,42.34597],[-83.08282,42.34621],[-83.0833,42.34629],[-83.08554,42.34719],[-83.08598,42.34748],[-83.08645,42.34757],[-83.08937,42.34874],[-83.08961,42.34896],[-83.09019,42.34907],[-83.09274,42.3501],[-83.09312,42.35036],[-83.09359,42.35045],[-83.09736,42.35196],[-83.09767,42.35221],[-83.09814,42.35227],[-83.09857,42.35244],[-83.10095,42.3534],[-83.10117,42.35361],[-83.10163,42.35367],[-83.10607,42.35546],[-83.10635,42.3557],[-83.10704,42.35586],[-83.10958,42.35688],[-83.10985,42.35711],[-83.11032,42.35719],[-83.11349,42.35846],[-83.11374,42.35868],[-83.11465,42.35892],[-83.1161,42.35952],[-83.11653,42.3598],[-83.117,42.35989],[-83.11812,42.36033],[-83.1184,42.36056],[-83.11887,42.36064],[-83.12132,42.36162],[-83.12168,42.36189],[-83.12238,42.36205],[-83.12497,42.3631],[-83.12535,42.36336],[-83.12582,42.36345],[-83.12837,42.36447],[-83.12865,42.36468],[-83.12912,42.36478],[-83.13106,42.36556],[-83.1313,42.36577],[-83.13185,42.36588],[-83.13327,42.36645],[-83.1336,42.3667],[-83.13402,42.36676],[-83.13558,42.36738],[-83.13591,42.3676],[-83.13637,42.36771],[-83.13925,42.36886],[-83.13951,42.36909],[-83.14006,42.36919],[-83.14143,42.36974],[-83.14186,42.37003],[-83.14244,42.37015],[-83.14309,42.37041],[-83.14339,42.37064],[-83.14386,42.37072],[-83.14954,42.37301],[-83.14984,42.37324],[-83.15031,42.37333],[-83.15138,42.37375],[-83.15171,42.37401],[-83.15219,42.37408],[-83.15347,42.37459],[-83.15388,42.37488],[-83.15433,42.37494],[-83.15569,42.37549],[-83.15598,42.37572],[-83.15654,42.37583],[-83.15892,42.37679],[-83.15916,42.377],[-83.15964,42.37708],[-83.16087,42.37758],[-83.16128,42.37787],[-83.16175,42.37794],[-83.16325,42.37853],[-83.16357,42.37881],[-83.16426,42.37893],[-83.16545,42.37942],[-83.16575,42.37965],[-83.16622,42.37973],[-83.16837,42.38058],[-83.16866,42.38082],[-83.16914,42.3809],[-83.171,42.38165],[-83.17145,42.38193],[-83.1721,42.3821],[-83.17296,42.38244],[-83.1733,42.38269],[-83.17383,42.3828],[-83.17767,42.38432],[-83.17843,42.38464],[-83.17874,42.38485],[-83.1792,42.38496],[-83.18204,42.3861],[-83.18237,42.38634],[-83.18284,42.38643],[-83.18414,42.38694],[-83.18449,42.3872],[-83.18497,42.38728],[-83.18861,42.38875],[-83.18896,42.38897],[-83.19035,42.38944],[-83.19079,42.38977],[-83.19127,42.38982],[-83.1917,42.38999],[-83.19241,42.39027],[-83.19268,42.39049],[-83.19316,42.39058],[-83.1946,42.39116],[-83.19502,42.39143],[-83.19542,42.39149],[-83.1986,42.39277],[-83.19885,42.39299],[-83.19945,42.39311],[-83.20206,42.39416],[-83.20239,42.39441],[-83.20286,42.39449],[-83.20506,42.39537],[-83.20641,42.39592],[-83.20673,42.39616],[-83.20721,42.39625],[-83.20892,42.39693],[-83.20922,42.39716],[-83.20969,42.39725],[-83.21153,42.39799],[-83.21186,42.39825],[-83.21227,42.39829],[-83.21436,42.39913],[-83.21454,42.39938],[-83.2152,42.39947],[-83.21605,42.39981],[-83.21638,42.40005],[-83.21737,42.40035],[-83.21761,42.40057],[-83.21801,42.40061],[-83.21933,42.40113],[-83.21967,42.40139],[-83.22014,42.40147],[-83.22158,42.40204],[-83.22181,42.40226],[-83.22251,42.40241],[-83.22465,42.40328],[-83.22508,42.40356],[-83.22555,42.40364],[-83.22862,42.40487],[-83.2289,42.40513],[-83.22928,42.40514],[-83.23261,42.40648],[-83.23283,42.4067],[-83.23353,42.40684],[-83.23633,42.40797],[-83.2366,42.4082],[-83.23707,42.40828],[-83.23781,42.40857],[-83.23819,42.40882],[-83.23874,42.40894],[-83.24085,42.40979],[-83.24123,42.41008],[-83.24193,42.41022],[-83.24531,42.41155],[-83.24524,42.41165],[-83.24531,42.41155],[-83.24905,42.41308],[-83.24928,42.41331],[-83.2499,42.41342],[-83.25198,42.41425],[-83.25232,42.41452],[-83.2527,42.41454],[-83.25508,42.41552],[-83.25536,42.41575],[-83.25615,42.41591],[-83.25767,42.41651],[-83.25814,42.41679],[-83.25852,42.41686],[-83.26114,42.41791],[-83.26138,42.41816],[-83.26208,42.41829],[-83.26433,42.41919],[-83.26462,42.41942],[-83.26543,42.41963],[-83.26989,42.42166],[-83.27248,42.42265],[-83.27292,42.4229],[-83.27382,42.42317],[-83.27522,42.42374],[-83.27549,42.42392],[-83.27596,42.42403],[-83.27777,42.42473],[-83.27815,42.42498],[-83.27921,42.4253],[-83.28068,42.42592],[-83.28104,42.42615],[-83.28169,42.42633],[-83.28313,42.42699],[-83.28413,42.42733],[-83.28444,42.42753],[-83.28491,42.42764],[-83.28703,42.4285],[-83.28699,42.42859],[-83.28537,42.42865],[-83.28538,42.4281]],[[-83.28538,42.4281],[-83.28533,42.4278],[-83.28588,42.42786],[-83.28595,42.42778],[-83.28589,42.42766],[-83.28285,42.42643],[-83.2825,42.42621],[-83.28131,42.42583],[-83.28014,42.42534],[-83.27982,42.42512],[-83.27944,42.42506],[-83.27698,42.42409],[-83.27674,42.42387],[-83.27633,42.4238],[-83.27558,42.42349],[-83.27518,42.42341],[-83.27116,42.42181],[-83.2708,42.42157],[-83.27033,42.42148],[-83.26695,42.42012],[-83.26543,42.41963],[-83.26496,42.41929],[-83.26448,42.41924],[-83.26197,42.41825],[-83.26173,42.41797],[-83.26103,42.41787],[-83.25724,42.41635],[-83.257,42.41607],[-83.25651,42.41604],[-83.25411,42.41514],[-83.25306,42.4147],[-83.25275,42.41443],[-83.25221,42.41435],[-83.25147,42.41405],[-83.25113,42.41378],[-83.25057,42.41368],[-83.24885,42.413],[-83.24849,42.41269],[-83.24801,42.41265],[-83.24649,42.41206],[-83.24406,42.41108],[-83.24366,42.41077],[-83.24296,42.41063],[-83.24178,42.41016],[-83.24157,42.40994],[-83.24087,42.4098],[-83.23696,42.40822],[-83.23663,42.40793],[-83.23619,42.40791],[-83.23526,42.40754],[-83.23501,42.40732],[-83.23454,42.40725],[-83.23205,42.40625],[-83.2318,42.40601],[-83.23133,42.40596],[-83.22877,42.40493],[-83.22842,42.40465],[-83.22794,42.40459],[-83.22754,42.40445],[-83.22535,42.40356],[-83.2251,42.4033],[-83.22439,42.40317],[-83.22226,42.40231],[-83.22187,42.40203],[-83.22147,42.402],[-83.22035,42.40154],[-83.21997,42.40126],[-83.2195,42.40119],[-83.21801,42.40061],[-83.21764,42.40034],[-83.21716,42.40026],[-83.21498,42.39939],[-83.21476,42.39913],[-83.21428,42.39909],[-83.21329,42.3987],[-83.21231,42.3983],[-83.21193,42.39801],[-83.21153,42.39799],[-83.20871,42.39685],[-83.20836,42.3966],[-83.20789,42.39651],[-83.20584,42.39569],[-83.20556,42.39543],[-83.20496,42.39534],[-83.2027,42.39442],[-83.20244,42.39417],[-83.20174,42.39404],[-83.20052,42.39354],[-83.20019,42.39328],[-83.19963,42.39318],[-83.19817,42.3926],[-83.19785,42.39237],[-83.19738,42.39227],[-83.19614,42.39178],[-83.19583,42.39154],[-83.1952,42.3914],[-83.19377,42.39082],[-83.19352,42.39061],[-83.19296,42.39049],[-83.19013,42.38936],[-83.18982,42.38911],[-83.18943,42.38907],[-83.1884,42.38866],[-83.18806,42.38837],[-83.18757,42.38832],[-83.18712,42.38815],[-83.18544,42.38747],[-83.18518,42.38722],[-83.18477,42.3872],[-83.1827,42.38637],[-83.18247,42.38614],[-83.18204,42.3861],[-83.17935,42.38502],[-83.17893,42.38473],[-83.17845,42.38464],[-83.17456,42.38309],[-83.17421,42.38281],[-83.17383,42.3828],[-83.17062,42.3815],[-83.17039,42.38127],[-83.16991,42.38121],[-83.16805,42.38045],[-83.16766,42.38018],[-83.16719,42.38011],[-83.16426,42.37893],[-83.164,42.37868],[-83.16358,42.37866],[-83.16209,42.37806],[-83.16175,42.37779],[-83.16127,42.37773],[-83.15832,42.37655],[-83.15799,42.37627],[-83.15729,42.37613],[-83.15665,42.37574],[-83.15611,42.37566],[-83.15412,42.37485],[-83.15389,42.37463],[-83.15351,42.37461],[-83.15223,42.37409],[-83.15195,42.37385],[-83.15155,42.37382],[-83.15054,42.37342],[-83.15018,42.37313],[-83.14949,42.37299],[-83.14724,42.37209],[-83.14691,42.37182],[-83.14621,42.37167],[-83.14367,42.37064],[-83.14325,42.37034],[-83.14256,42.37019],[-83.14125,42.36967],[-83.14092,42.36942],[-83.14044,42.36934],[-83.1384,42.36852],[-83.13818,42.36828],[-83.13748,42.36815],[-83.13381,42.36667],[-83.1335,42.3664],[-83.13306,42.36637],[-83.13051,42.36533],[-83.13021,42.36508],[-83.12973,42.36501],[-83.12871,42.36461],[-83.12829,42.36429],[-83.12765,42.36418],[-83.12501,42.36312],[-83.12474,42.36288],[-83.12433,42.36284],[-83.12139,42.36165],[-83.1211,42.36145],[-83.12056,42.36132],[-83.11818,42.36036],[-83.11782,42.36009],[-83.11735,42.36001],[-83.11615,42.35954],[-83.11472,42.35895],[-83.11449,42.35872],[-83.11379,42.35858],[-83.11078,42.35737],[-83.11047,42.35709],[-83.11005,42.35707],[-83.10901,42.35666],[-83.1087,42.35641],[-83.10814,42.3563],[-83.10619,42.35551],[-83.10583,42.35529],[-83.10537,42.35518],[-83.10095,42.3534],[-83.10068,42.35316],[-83.09999,42.35301],[-83.09835,42.35235],[-83.09805,42.35211],[-83.09758,42.35204],[-83.09444,42.35079],[-83.09405,42.35049],[-83.09335,42.35035],[-83.09274,42.3501],[-83.09242,42.34984],[-83.09194,42.34977],[-83.08916,42.34866],[-83.08887,42.34839],[-83.0884,42.34835],[-83.0872,42.34786],[-83.08682,42.34756],[-83.08612,42.34743],[-83.08511,42.34702],[-83.08483,42.34678],[-83.08435,42.34671],[-83.08311,42.34621],[-83.08278,42.34595],[-83.08219,42.34584],[-83.07965,42.34482],[-83.07922,42.34453],[-83.07878,42.34447],[-83.07814,42.34421],[-83.0768,42.34367],[-83.07651,42.3434],[-83.07603,42.34335],[-83.07402,42.34255],[-83.07239,42.34189],[-83.07219,42.34166],[-83.07171,42.34161],[-83.06991,42.34089],[-83.06966,42.34065],[-83.06918,42.34059],[-83.06842,42.34028],[-83.06809,42.34002],[-83.0674,42.33986],[-83.06494,42.33886],[-83.06467,42.33864],[-83.0641,42.33852],[-83.06072,42.33715],[-83.06033,42.33685],[-83.05996,42.33684],[-83.05915,42.33651],[-83.05798,42.33601],[-83.05774,42.33579],[-83.05727,42.33572],[-83.05588,42.33516],[-83.05557,42.33491],[-83.0551,42.33484],[-83.05203,42.33363],[-83.05126,42.3337],[-83.05123,42.3314],[-83.05052,42.33057],[-83.05031,42.33016],[-83.04994,42.32981],[-83.04862,42.32801],[-83.04708,42.32867],[-83.04655,42.32877],[-83.04621,42.32903],[-83.04486,42.32963],[-83.04439,42.32964],[-83.04416,42.32993],[-83.04172,42.33098],[-83.04119,42.3311],[-83.04084,42.33136],[-83.04031,42.33159],[-83.04005,42.33102]]]}},{"type":"Feature","properties":{"agency":"ddot","agency_label":"DDOT","route":"31","name":"Mack","route_type":3},"geometry":{"type":"MultiLineString","coordinates":[[[-83.05241,42.33234],[-83.0523,42.33199],[-83.05248,42.33187],[-83.05264,42.33201],[-83.05264,42.33324],[-83.05228,42.33368],[-83.05082,42.3337],[-83.05084,42.33469],[-83.05205,42.33472],[-83.05267,42.33498],[-83.05369,42.33364],[-83.05382,42.33358],[-83.05425,42.33418],[-83.05536,42.33614],[-83.05545,42.33653],[-83.05574,42.33682],[-83.05775,42.34027],[-83.05772,42.34058],[-83.05805,42.34076],[-83.05858,42.34183],[-83.05986,42.34405],[-83.05988,42.34434],[-83.06021,42.34468],[-83.06055,42.34528],[-83.06037,42.34559],[-83.06006,42.34587],[-83.05834,42.34716],[-83.05596,42.34826],[-83.05555,42.34832],[-83.05522,42.34858],[-83.05363,42.34926],[-83.05243,42.34961],[-83.05206,42.34961],[-83.05169,42.34983],[-83.05067,42.3502],[-83.05019,42.35028],[-83.04981,42.35051],[-83.04784,42.35124],[-83.04545,42.35204],[-83.04524,42.35231],[-83.04472,42.35261],[-83.04422,42.35273],[-83.04385,42.35296],[-83.04288,42.35335],[-83.04251,42.35339],[-83.04225,42.3536],[-83.04139,42.35394],[-83.04053,42.3544],[-83.03829,42.35523],[-83.03791,42.35527],[-83.03761,42.35548],[-83.03472,42.35653],[-83.03428,42.3566],[-83.03382,42.35686],[-83.03102,42.35788],[-83.0305,42.35797],[-83.03013,42.3582],[-83.0293,42.35851],[-83.02875,42.3586],[-83.02838,42.35884],[-83.0274,42.35922],[-83.02688,42.35929],[-83.02652,42.35953],[-83.02434,42.36033],[-83.02387,42.36039],[-83.02351,42.36063],[-83.02163,42.36132],[-83.02122,42.36134],[-83.02097,42.36156],[-83.01905,42.36226],[-83.01867,42.36229],[-83.01833,42.36252],[-83.01557,42.36353],[-83.01515,42.36355],[-83.01458,42.36389],[-83.01308,42.36444],[-83.01269,42.36445],[-83.01242,42.36469],[-83.00976,42.36566],[-83.00937,42.36566],[-83.00903,42.36592],[-83.00613,42.367],[-83.00575,42.36703],[-83.0054,42.36729],[-83.00434,42.36772],[-83.00382,42.36782],[-83.00346,42.36807],[-83.00195,42.36868],[-83.00145,42.36874],[-83.00103,42.36905],[-82.99815,42.37021],[-82.99772,42.37031],[-82.99738,42.37056],[-82.99602,42.3712],[-82.99548,42.37131],[-82.99516,42.37159],[-82.99414,42.37207],[-82.99378,42.3721],[-82.99326,42.37248],[-82.99087,42.37358],[-82.99048,42.37364],[-82.99005,42.37395],[-82.98894,42.37446],[-82.98848,42.37454],[-82.98816,42.37481],[-82.98656,42.37555],[-82.98616,42.37559],[-82.98565,42.37597],[-82.98408,42.37669],[-82.9837,42.37672],[-82.98339,42.377],[-82.98201,42.37765],[-82.98147,42.37776],[-82.98115,42.37803],[-82.98046,42.37835],[-82.97862,42.37916],[-82.97821,42.37915],[-82.97808,42.37949],[-82.97679,42.38035],[-82.97235,42.38282],[-82.97129,42.38329],[-82.9705,42.38351],[-82.96944,42.38366],[-82.96765,42.38373],[-82.9672,42.38358],[-82.96673,42.38378],[-82.96522,42.38386],[-82.96429,42.38408],[-82.96379,42.38403],[-82.96343,42.38427],[-82.96309,42.38437],[-82.96102,42.38487],[-82.96054,42.38482],[-82.95996,42.38513],[-82.95788,42.38564],[-82.95745,42.38561],[-82.95682,42.38586],[-82.95564,42.38606],[-82.95513,42.38599],[-82.9545,42.38625],[-82.95298,42.3865],[-82.95255,42.38641],[-82.95215,42.38662],[-82.95097,42.38681],[-82.95046,42.38674],[-82.95006,42.38695],[-82.9485,42.38721],[-82.94799,42.38714],[-82.94772,42.38733],[-82.94426,42.38792],[-82.94378,42.38785],[-82.94339,42.38806],[-82.94091,42.38851],[-82.94051,42.38844],[-82.94011,42.38865],[-82.93767,42.38921],[-82.93728,42.38918],[-82.937,42.38938],[-82.93466,42.3901],[-82.93424,42.39012],[-82.93367,42.39045],[-82.93224,42.39098],[-82.9317,42.39106],[-82.93147,42.39127],[-82.93061,42.39161],[-82.93017,42.39166],[-82.92983,42.39192],[-82.92802,42.39268],[-82.92753,42.39274],[-82.92728,42.39298],[-82.92516,42.39381],[-82.92463,42.39389],[-82.92408,42.39423],[-82.92188,42.39501],[-82.92118,42.3959],[-82.92084,42.39618],[-82.92073,42.39653],[-82.92005,42.39752],[-82.91956,42.398],[-82.9195,42.39827],[-82.91909,42.39888],[-82.91878,42.39911],[-82.91872,42.39942],[-82.91778,42.40137],[-82.91748,42.40171],[-82.91744,42.40207],[-82.91712,42.40275],[-82.9163,42.40432],[-82.916,42.40464],[-82.91594,42.405],[-82.91558,42.40575],[-82.91533,42.40597],[-82.91523,42.4065],[-82.91487,42.40727],[-82.91457,42.40759],[-82.91447,42.40812],[-82.91329,42.4106],[-82.91305,42.41085],[-82.91302,42.4112],[-82.91258,42.41215],[-82.91236,42.41242],[-82.91228,42.41283],[-82.911,42.41555],[-82.91056,42.4171],[-82.91165,42.41753],[-82.91207,42.41779]],[[-82.91207,42.41779],[-82.91251,42.4179],[-82.9133,42.41829],[-82.91357,42.41817],[-82.91362,42.41806],[-82.91083,42.41701],[-82.91126,42.41563],[-82.91292,42.41204],[-82.91315,42.41137],[-82.91395,42.40963],[-82.91415,42.40935],[-82.91424,42.409],[-82.91612,42.40501],[-82.91796,42.40153],[-82.91895,42.39939],[-82.92103,42.39641],[-82.92132,42.39609],[-82.92155,42.39568],[-82.9222,42.39498],[-82.9224,42.39487],[-82.92286,42.39477],[-82.92325,42.39455],[-82.92499,42.39394],[-82.92669,42.39321],[-82.92706,42.39313],[-82.92745,42.39291],[-82.92928,42.39216],[-82.92968,42.39206],[-82.93035,42.39172],[-82.93147,42.39127],[-82.9319,42.39118],[-82.93345,42.39053],[-82.93383,42.39047],[-82.93422,42.39026],[-82.93635,42.38956],[-82.93836,42.38904],[-82.93912,42.38894],[-82.93963,42.38875],[-82.94162,42.38838],[-82.94202,42.38844],[-82.94276,42.38818],[-82.94328,42.3882],[-82.94361,42.38803],[-82.94544,42.38771],[-82.94592,42.38773],[-82.94649,42.38752],[-82.94772,42.38733],[-82.94823,42.38736],[-82.94874,42.38717],[-82.94969,42.38701],[-82.95005,42.38706],[-82.95048,42.38689],[-82.95194,42.38664],[-82.95344,42.3864],[-82.95342,42.38656],[-82.95344,42.3864],[-82.95548,42.38609],[-82.95588,42.38612],[-82.95631,42.38595],[-82.95776,42.38567],[-82.95814,42.38569],[-82.95877,42.38542],[-82.96195,42.38465],[-82.96246,42.38464],[-82.96286,42.38443],[-82.96423,42.38409],[-82.96466,42.3841],[-82.96522,42.38386],[-82.96811,42.38371],[-82.96846,42.38379],[-82.9705,42.38351],[-82.97127,42.3833],[-82.97235,42.38282],[-82.97679,42.38035],[-82.97859,42.37917],[-82.97896,42.37911],[-82.97924,42.37888],[-82.98202,42.37769],[-82.98356,42.37693],[-82.98403,42.3768],[-82.98447,42.37651],[-82.98759,42.37508],[-82.98802,42.37495],[-82.98839,42.37471],[-82.99068,42.37367],[-82.9912,42.3735],[-82.99164,42.37323],[-82.99463,42.37191],[-82.99507,42.37164],[-82.99836,42.37013],[-83.00062,42.36928],[-83.00101,42.36906],[-83.00273,42.36843],[-83.00302,42.36825],[-83.00613,42.367],[-83.00661,42.3669],[-83.00732,42.36656],[-83.01307,42.36445],[-83.01361,42.36433],[-83.01399,42.36411],[-83.01545,42.36357],[-83.01581,42.36351],[-83.01641,42.36321],[-83.02413,42.36041],[-83.02454,42.36032],[-83.02647,42.35956],[-83.02684,42.3595],[-83.02778,42.35906],[-83.04241,42.35375],[-83.04511,42.35264],[-83.04603,42.35207],[-83.05203,42.34985],[-83.05305,42.34964],[-83.05379,42.34937],[-83.0565,42.34826],[-83.0585,42.34731],[-83.06013,42.34601],[-83.06078,42.34567],[-83.05986,42.34405],[-83.05977,42.34377],[-83.05952,42.34346],[-83.05858,42.34183],[-83.05777,42.34022],[-83.05756,42.33997],[-83.05588,42.33704],[-83.0558,42.33674],[-83.05557,42.33651],[-83.05448,42.3346],[-83.05228,42.33368],[-83.05241,42.33326]]]}},{"type":"Feature","properties":{"agency":"ddot","agency_label":"DDOT","route":"32","name":"McNichols","route_type":3},"geometry":{"type":"MultiLineString","coordinates":[[[-82.91207,42.41779],[-82.91251,42.4179],[-82.9133,42.41829],[-82.91357,42.41817],[-82.91362,42.41806],[-82.91083,42.41701],[-82.91126,42.41563],[-82.91395,42.40963],[-82.91415,42.40935],[-82.91419,42.40905],[-82.9158,42.40562],[-82.91587,42.40563],[-82.9158,42.40562],[-82.91584,42.40553],[-82.91703,42.40331],[-82.91785,42.40156],[-82.91796,42.40153],[-82.91788,42.40151],[-82.91798,42.40127],[-82.91895,42.39939],[-82.92103,42.39641],[-82.92132,42.39609],[-82.92155,42.39568],[-82.9222,42.39498],[-82.9224,42.39487],[-82.92265,42.39539],[-82.92295,42.39567],[-82.92387,42.39706],[-82.92402,42.39746],[-82.92432,42.39775],[-82.92617,42.40054],[-82.9263,42.40093],[-82.92661,42.40121],[-82.92853,42.40412],[-82.92864,42.40447],[-82.92894,42.40475],[-82.92985,42.4061],[-82.92993,42.40648],[-82.93022,42.40666],[-82.9317,42.40892],[-82.93179,42.40929],[-82.93222,42.40972],[-82.93313,42.41111],[-82.93323,42.41146],[-82.93366,42.4119],[-82.93512,42.41412],[-82.93524,42.4145],[-82.9356,42.41485],[-82.93666,42.41646],[-82.93711,42.41633],[-82.93743,42.41606],[-82.93817,42.41564],[-82.93938,42.41472],[-82.93974,42.41457],[-82.94001,42.41427],[-82.94236,42.41248],[-82.94264,42.41262],[-82.94254,42.41266],[-82.94264,42.41262],[-82.94284,42.4127],[-82.94531,42.41381],[-82.94577,42.41393],[-82.94767,42.41479],[-82.94967,42.41555],[-82.94999,42.41577],[-82.95042,42.41586],[-82.9521,42.41661],[-82.95368,42.41721],[-82.9541,42.41746],[-82.95571,42.41805],[-82.95609,42.4183],[-82.95648,42.41837],[-82.9579,42.41895],[-82.95826,42.41918],[-82.95872,42.41929],[-82.96009,42.41986],[-82.96051,42.42012],[-82.96097,42.42023],[-82.96261,42.42088],[-82.96348,42.42084],[-82.96305,42.42122],[-82.96295,42.42154],[-82.96201,42.4228],[-82.96163,42.42312],[-82.9615,42.42347],[-82.95955,42.42606],[-82.95917,42.42634],[-82.95907,42.42669],[-82.95886,42.42694],[-82.95916,42.42711],[-82.95974,42.42727],[-82.96576,42.42725],[-82.97486,42.42707],[-82.98011,42.42708],[-82.98357,42.42698],[-82.98509,42.42683],[-82.98548,42.42661],[-82.98714,42.4261],[-82.98754,42.42589],[-82.99076,42.42473],[-82.99132,42.42459],[-82.99162,42.42442],[-82.99293,42.42395],[-82.99342,42.42386],[-82.99381,42.42365],[-82.99558,42.42301],[-82.99597,42.42293],[-82.99634,42.42274],[-82.99995,42.42144],[-83.00042,42.42133],[-83.00082,42.42112],[-83.00259,42.42048],[-83.00298,42.42043],[-83.00402,42.41997],[-83.00557,42.42003],[-83.00605,42.41994],[-83.00805,42.41995],[-83.01013,42.41982],[-83.01053,42.41987],[-83.011,42.41979],[-83.01362,42.4197],[-83.01368,42.41988],[-83.01362,42.42014],[-83.01376,42.42065],[-83.01404,42.42695],[-83.01393,42.42724],[-83.01407,42.42758],[-83.01412,42.42866],[-83.01402,42.42896],[-83.01414,42.42931],[-83.01418,42.43021],[-83.01409,42.4308],[-83.01422,42.43114],[-83.01427,42.43222],[-83.0142,42.4325],[-83.0143,42.43285],[-83.01436,42.4342],[-83.02428,42.434],[-83.02436,42.43362],[-83.02425,42.43327],[-83.02422,42.43237],[-83.02435,42.43202],[-83.02419,42.4316],[-83.02415,42.43052],[-83.02425,42.43009],[-83.02412,42.42974],[-83.02408,42.42881],[-83.02419,42.42847],[-83.02406,42.42812],[-83.02399,42.4264],[-83.02414,42.42606],[-83.02397,42.42578],[-83.02395,42.42519],[-83.02408,42.42486],[-83.02393,42.42452],[-83.02389,42.42363],[-83.02402,42.42333],[-83.02387,42.42299],[-83.02374,42.41957],[-83.02398,42.41954],[-83.02444,42.41959],[-83.02491,42.41951],[-83.02972,42.4194],[-83.03016,42.41946],[-83.03063,42.41938],[-83.03376,42.41935],[-83.03562,42.41926],[-83.03598,42.41934],[-83.03645,42.41924],[-83.03742,42.41922],[-83.04521,42.41905],[-83.04567,42.41909],[-83.04757,42.419],[-83.04806,42.41905],[-83.04966,42.41896],[-83.05019,42.419],[-83.05064,42.41894],[-83.06139,42.41871],[-83.06172,42.41871],[-83.06173,42.41877],[-83.06172,42.41871],[-83.0636,42.41867],[-83.06442,42.41867],[-83.06442,42.41877],[-83.06442,42.41867],[-83.07099,42.41864],[-83.07152,42.4187],[-83.072,42.41863],[-83.07773,42.41863],[-83.08617,42.41838],[-83.08962,42.41818],[-83.0916,42.41816],[-83.09211,42.41823],[-83.09246,42.41815],[-83.09465,42.41813],[-83.09509,42.41805],[-83.09801,42.41802],[-83.10532,42.41777],[-83.10622,42.41783],[-83.1067,42.41776],[-83.11318,42.41772],[-83.11366,42.41765],[-83.12162,42.41756],[-83.12699,42.4174],[-83.12745,42.41752],[-83.12815,42.41738],[-83.13088,42.41732],[-83.13126,42.41738],[-83.13166,42.41731],[-83.13508,42.41725],[-83.13565,42.41731],[-83.13623,42.41724],[-83.1386,42.41725],[-83.13957,42.41719],[-83.1401,42.41727],[-83.14074,42.41718],[-83.14634,42.41716],[-83.14673,42.41727],[-83.14719,42.41715],[-83.15167,42.41716],[-83.1558,42.41704],[-83.15625,42.41711],[-83.15672,42.41703],[-83.16025,42.41696],[-83.16067,42.41702],[-83.16114,42.41694],[-83.16323,42.41688],[-83.1638,42.41693],[-83.16427,42.41685],[-83.1669,42.41677],[-83.16727,42.41683],[-83.16775,42.41675],[-83.17015,42.41668],[-83.17087,42.41676],[-83.17123,42.41667],[-83.17248,42.41667],[-83.17288,42.41675],[-83.17326,42.41666],[-83.17476,42.41665],[-83.17517,42.41673],[-83.17575,42.41664],[-83.17728,42.41662],[-83.17772,42.41672],[-83.17819,42.41662],[-83.17959,42.41661],[-83.18049,42.4167],[-83.18089,42.4166],[-83.18218,42.41659],[-83.18258,42.41667],[-83.18299,42.41658],[-83.18375,42.41664],[-83.18412,42.41656],[-83.18592,42.41654],[-83.18633,42.41661],[-83.18681,42.41653],[-83.18958,42.41649],[-83.18995,42.41654],[-83.19042,42.41645],[-83.19206,42.41636],[-83.19242,42.41642],[-83.19289,42.41632],[-83.19411,42.41626],[-83.19462,42.4163],[-83.19521,42.4162],[-83.19685,42.41612],[-83.19722,42.41617],[-83.19794,42.41606],[-83.19934,42.41601],[-83.19981,42.41612],[-83.20022,42.41598],[-83.20199,42.41594],[-83.20337,42.41591],[-83.20386,42.41598],[-83.20434,42.41589],[-83.2069,42.41583],[-83.20731,42.41591],[-83.20778,42.41582],[-83.20979,42.41577],[-83.21037,42.41585],[-83.21103,42.41575],[-83.21309,42.4157],[-83.21352,42.41578],[-83.21423,42.41568],[-83.2166,42.41563],[-83.21705,42.41569],[-83.21752,42.41561],[-83.21925,42.41556],[-83.2196,42.41564],[-83.22028,42.41555],[-83.22268,42.4155],[-83.22315,42.41558],[-83.22386,42.41548],[-83.22675,42.41542],[-83.22721,42.4155],[-83.22768,42.41541],[-83.23021,42.41535],[-83.23069,42.41543],[-83.23176,42.41532],[-83.23297,42.4153],[-83.23347,42.41538],[-83.23393,42.41528],[-83.23642,42.41518],[-83.23643,42.41532],[-83.23642,42.41518],[-83.23689,42.41515],[-83.23853,42.41525],[-83.23994,42.41516],[-83.24032,42.41522],[-83.24104,42.41513],[-83.24355,42.41506],[-83.24399,42.41511],[-83.24444,42.41503],[-83.24746,42.415],[-83.24897,42.41491],[-83.24884,42.41299],[-83.25155,42.41408],[-83.252,42.41345],[-83.25146,42.41318],[-83.25151,42.41352]],[[-82.91207,42.41779],[-82.91251,42.4179],[-82.9133,42.41829],[-82.91357,42.41817],[-82.91362,42.41806],[-82.91083,42.41701],[-82.91126,42.41563],[-82.91395,42.40963],[-82.91415,42.40935],[-82.91419,42.40905],[-82.9158,42.40562],[-82.91587,42.40563],[-82.9158,42.40562],[-82.91584,42.40553],[-82.91703,42.40331],[-82.91785,42.40156],[-82.91796,42.40153],[-82.91788,42.40151],[-82.91798,42.40127],[-82.91895,42.39939],[-82.92103,42.39641],[-82.92132,42.39609],[-82.92155,42.39568],[-82.9222,42.39498],[-82.9224,42.39487],[-82.92265,42.39539],[-82.92295,42.39567],[-82.92387,42.39706],[-82.92402,42.39746],[-82.92432,42.39775],[-82.92617,42.40054],[-82.9263,42.40093],[-82.92661,42.40121],[-82.92853,42.40412],[-82.92864,42.40447],[-82.92894,42.40475],[-82.92985,42.4061],[-82.92993,42.40648],[-82.93022,42.40666],[-82.9317,42.40892],[-82.93179,42.40929],[-82.93222,42.40972],[-82.93313,42.41111],[-82.93323,42.41146],[-82.93366,42.4119],[-82.93512,42.41412],[-82.93524,42.4145],[-82.9356,42.41485],[-82.93666,42.41646],[-82.93711,42.41633],[-82.93743,42.41606],[-82.93817,42.41564],[-82.93938,42.41472],[-82.93974,42.41457],[-82.94001,42.41427],[-82.94201,42.41277],[-82.94254,42.41266],[-82.94321,42.41287],[-82.94531,42.41381],[-82.94577,42.41393],[-82.94767,42.41479],[-82.94967,42.41555],[-82.94999,42.41577],[-82.95042,42.41586],[-82.9521,42.41661],[-82.95325,42.41703],[-82.9541,42.41746],[-82.95571,42.41805],[-82.95609,42.4183],[-82.95648,42.41837],[-82.9579,42.41895],[-82.95826,42.41918],[-82.95872,42.41929],[-82.96009,42.41986],[-82.96051,42.42012],[-82.96097,42.42023],[-82.96261,42.42088],[-82.96348,42.42084],[-82.96305,42.42122],[-82.96295,42.42154],[-82.96201,42.4228],[-82.96163,42.42312],[-82.9615,42.42347],[-82.95955,42.42606],[-82.95917,42.42634],[-82.95896,42.42685],[-82.95916,42.42711],[-82.95974,42.42727],[-82.96576,42.42725],[-82.97486,42.42707],[-82.98011,42.42708],[-82.98357,42.42698],[-82.98509,42.42683],[-82.98548,42.42661],[-82.98714,42.4261],[-82.98754,42.42589],[-82.99076,42.42473],[-82.99132,42.42459],[-82.99162,42.42442],[-82.99293,42.42395],[-82.99342,42.42386],[-82.99381,42.42365],[-82.99558,42.42301],[-82.99597,42.42293],[-82.99634,42.42274],[-82.99995,42.42144],[-83.00042,42.42133],[-83.00082,42.42112],[-83.00259,42.42048],[-83.00298,42.42043],[-83.00402,42.41997],[-83.00557,42.42003],[-83.00605,42.41994],[-83.00805,42.41995],[-83.01013,42.41982],[-83.01053,42.41987],[-83.011,42.41979],[-83.01374,42.41971],[-83.01362,42.42014],[-83.01376,42.42065],[-83.01404,42.42695],[-83.01393,42.42724],[-83.01407,42.42758],[-83.01412,42.42866],[-83.01402,42.42896],[-83.01414,42.42931],[-83.01419,42.43039],[-83.01409,42.4308],[-83.01422,42.43114],[-83.01427,42.43222],[-83.0142,42.4325],[-83.0143,42.43285],[-83.01436,42.4342],[-83.02428,42.434],[-83.02436,42.43362],[-83.02425,42.43327],[-83.02422,42.43237],[-83.02435,42.43202],[-83.02419,42.4316],[-83.02415,42.43052],[-83.02425,42.43009],[-83.02412,42.42974],[-83.02408,42.42881],[-83.02419,42.42847],[-83.02406,42.42812],[-83.02399,42.4264],[-83.02414,42.42606],[-83.02397,42.42578],[-83.02395,42.42519],[-83.02408,42.42486],[-83.02393,42.42452],[-83.02389,42.42363],[-83.02402,42.42333],[-83.02387,42.42299],[-83.02374,42.41957],[-83.02398,42.41954],[-83.02444,42.41959],[-83.02491,42.41951],[-83.02972,42.4194],[-83.03016,42.41946],[-83.03063,42.41938],[-83.03376,42.41935],[-83.03562,42.41926],[-83.03598,42.41934],[-83.03645,42.41924],[-83.03742,42.41922],[-83.06363,42.41868],[-83.06442,42.41877],[-83.065,42.41867],[-83.07099,42.41864],[-83.07152,42.4187],[-83.072,42.41863],[-83.07773,42.41863],[-83.08617,42.41838],[-83.08962,42.41818],[-83.0916,42.41816],[-83.09211,42.41823],[-83.09246,42.41815],[-83.09465,42.41813],[-83.09509,42.41805],[-83.09801,42.41802],[-83.10532,42.41777],[-83.10622,42.41783],[-83.1067,42.41776],[-83.11318,42.41772],[-83.11366,42.41765],[-83.12162,42.41756],[-83.12699,42.4174],[-83.12745,42.41752],[-83.12815,42.41738],[-83.13088,42.41732],[-83.13126,42.41738],[-83.13166,42.41731],[-83.13508,42.41725],[-83.13565,42.41731],[-83.13623,42.41724],[-83.1386,42.41725],[-83.13957,42.41719],[-83.1401,42.41727],[-83.14074,42.41718],[-83.14634,42.41716],[-83.14673,42.41727],[-83.14719,42.41715],[-83.15167,42.41716],[-83.1558,42.41704],[-83.15625,42.41711],[-83.15672,42.41703],[-83.16025,42.41696],[-83.16067,42.41702],[-83.16114,42.41694],[-83.16323,42.41688],[-83.1638,42.41693],[-83.16427,42.41685],[-83.1669,42.41677],[-83.16727,42.41683],[-83.16775,42.41675],[-83.17015,42.41668],[-83.17087,42.41676],[-83.17123,42.41667],[-83.17248,42.41667],[-83.17288,42.41675],[-83.17326,42.41666],[-83.17476,42.41665],[-83.17517,42.41673],[-83.17575,42.41664],[-83.17728,42.41662],[-83.17772,42.41672],[-83.17819,42.41662],[-83.17959,42.41661],[-83.18049,42.4167],[-83.18089,42.4166],[-83.18218,42.41659],[-83.18258,42.41667],[-83.18299,42.41658],[-83.18375,42.41664],[-83.18412,42.41656],[-83.18592,42.41654],[-83.18633,42.41661],[-83.18681,42.41653],[-83.18958,42.41649],[-83.18995,42.41654],[-83.19042,42.41645],[-83.19206,42.41636],[-83.19242,42.41642],[-83.19289,42.41632],[-83.19411,42.41626],[-83.19462,42.4163],[-83.19521,42.4162],[-83.19685,42.41612],[-83.19722,42.41617],[-83.19794,42.41606],[-83.19934,42.41601],[-83.19981,42.41612],[-83.20022,42.41598],[-83.20199,42.41594],[-83.20337,42.41591],[-83.20386,42.41598],[-83.20434,42.41589],[-83.2069,42.41583],[-83.20731,42.41591],[-83.20778,42.41582],[-83.20979,42.41577],[-83.21037,42.41585],[-83.21103,42.41575],[-83.21309,42.4157],[-83.21352,42.41578],[-83.21423,42.41568],[-83.2166,42.41563],[-83.21705,42.41569],[-83.21752,42.41561],[-83.21925,42.41556],[-83.2196,42.41564],[-83.22028,42.41555],[-83.22268,42.4155],[-83.22315,42.41558],[-83.22386,42.41548],[-83.22675,42.41542],[-83.22721,42.4155],[-83.22768,42.41541],[-83.23021,42.41535],[-83.23069,42.41543],[-83.23176,42.41532],[-83.23297,42.4153],[-83.23347,42.41538],[-83.23393,42.41528],[-83.23607,42.41523],[-83.23643,42.41532],[-83.23705,42.41517],[-83.23853,42.41525],[-83.23994,42.41516],[-83.24032,42.41522],[-83.24104,42.41513],[-83.24355,42.41506],[-83.24399,42.41511],[-83.24444,42.41503],[-83.24746,42.415],[-83.24875,42.41492],[-83.25423,42.41488],[-83.25723,42.41477],[-83.25776,42.41483],[-83.25824,42.41477],[-83.2618,42.41476],[-83.26265,42.41483],[-83.26571,42.41479],[-83.26609,42.41485],[-83.26671,42.41475],[-83.27212,42.41466],[-83.27247,42.41473],[-83.27294,42.41464],[-83.27514,42.4146],[-83.27573,42.41468]],[[-82.91207,42.41779],[-82.91251,42.4179],[-82.9133,42.41829],[-82.91357,42.41817],[-82.91362,42.41806],[-82.91083,42.41701],[-82.91126,42.41563],[-82.91395,42.40963],[-82.91415,42.40935],[-82.91419,42.40905],[-82.9158,42.40562],[-82.91587,42.40563],[-82.9158,42.40562],[-82.91584,42.40553],[-82.91703,42.40331],[-82.91785,42.40156],[-82.91796,42.40153],[-82.91788,42.40151],[-82.91798,42.40127],[-82.91895,42.39939],[-82.92103,42.39641],[-82.92132,42.39609],[-82.92155,42.39568],[-82.9222,42.39498],[-82.9224,42.39487],[-82.92265,42.39539],[-82.92295,42.39567],[-82.92387,42.39706],[-82.92402,42.39746],[-82.92432,42.39775],[-82.92617,42.40054],[-82.9263,42.40093],[-82.92661,42.40121],[-82.92853,42.40412],[-82.92864,42.40447],[-82.92894,42.40475],[-82.92985,42.4061],[-82.92993,42.40648],[-82.93022,42.40666],[-82.9317,42.40892],[-82.93179,42.40929],[-82.93222,42.40972],[-82.93313,42.41111],[-82.93323,42.41146],[-82.93366,42.4119],[-82.93512,42.41412],[-82.93524,42.4145],[-82.9356,42.41485],[-82.93666,42.41646],[-82.93711,42.41633],[-82.93743,42.41606],[-82.93817,42.41564],[-82.93938,42.41472],[-82.93974,42.41457],[-82.94001,42.41427],[-82.94201,42.41277],[-82.94254,42.41266],[-82.94321,42.41287],[-82.94531,42.41381],[-82.94577,42.41393],[-82.94767,42.41479],[-82.94967,42.41555],[-82.94999,42.41577],[-82.95042,42.41586],[-82.9521,42.41661],[-82.95325,42.41703],[-82.9541,42.41746],[-82.95571,42.41805],[-82.95609,42.4183],[-82.95648,42.41837],[-82.9579,42.41895],[-82.95826,42.41918],[-82.95872,42.41929],[-82.96009,42.41986],[-82.96051,42.42012],[-82.96097,42.42023],[-82.96261,42.42088],[-82.96348,42.42084],[-82.96305,42.42122],[-82.96295,42.42154],[-82.96201,42.4228],[-82.96163,42.42312],[-82.9615,42.42347],[-82.95955,42.42606],[-82.95917,42.42634],[-82.95896,42.42685],[-82.95916,42.42711],[-82.95974,42.42727],[-82.96576,42.42725],[-82.97486,42.42707],[-82.98011,42.42708],[-82.98357,42.42698],[-82.98509,42.42683],[-82.98548,42.42661],[-82.98714,42.4261],[-82.98754,42.42589],[-82.99076,42.42473],[-82.99132,42.42459],[-82.99162,42.42442],[-82.99293,42.42395],[-82.99342,42.42386],[-82.99381,42.42365],[-82.99558,42.42301],[-82.99597,42.42293],[-82.99634,42.42274],[-82.99995,42.42144],[-83.00042,42.42133],[-83.00082,42.42112],[-83.00259,42.42048],[-83.00298,42.42043],[-83.00402,42.41997],[-83.00557,42.42003],[-83.00605,42.41994],[-83.00805,42.41995],[-83.01013,42.41982],[-83.01053,42.41987],[-83.011,42.41979],[-83.01374,42.41971],[-83.01362,42.42014],[-83.01376,42.42065],[-83.01404,42.42695],[-83.01393,42.42724],[-83.01407,42.42758],[-83.01412,42.42866],[-83.01402,42.42896],[-83.01414,42.42931],[-83.01419,42.43039],[-83.01409,42.4308],[-83.01422,42.43114],[-83.01427,42.43222],[-83.0142,42.4325],[-83.0143,42.43285],[-83.01436,42.4342],[-83.02428,42.434],[-83.02436,42.43362],[-83.02425,42.43327],[-83.02422,42.43237],[-83.02435,42.43202],[-83.02419,42.4316],[-83.02415,42.43052],[-83.02425,42.43009],[-83.02412,42.42974],[-83.02408,42.42881],[-83.02419,42.42847],[-83.02406,42.42812],[-83.02399,42.4264],[-83.02414,42.42606],[-83.02397,42.42578],[-83.02395,42.42519],[-83.02408,42.42486],[-83.02393,42.42452],[-83.02389,42.42363],[-83.02402,42.42333],[-83.02387,42.42299],[-83.02374,42.41957],[-83.02398,42.41954],[-83.02444,42.41959],[-83.02491,42.41951],[-83.02972,42.4194],[-83.03016,42.41946],[-83.03063,42.41938],[-83.03376,42.41935],[-83.03562,42.41926],[-83.03598,42.41934],[-83.03645,42.41924],[-83.03742,42.41922],[-83.06363,42.41868],[-83.06442,42.41877],[-83.065,42.41867],[-83.07099,42.41864],[-83.07152,42.4187],[-83.072,42.41863],[-83.07773,42.41863],[-83.08617,42.41838],[-83.08962,42.41818],[-83.0916,42.41816],[-83.09211,42.41823],[-83.09246,42.41815],[-83.09465,42.41813],[-83.09509,42.41805],[-83.09801,42.41802],[-83.10532,42.41777],[-83.10622,42.41783],[-83.1067,42.41776],[-83.11318,42.41772],[-83.11366,42.41765],[-83.12162,42.41756],[-83.12699,42.4174],[-83.12745,42.41752],[-83.12815,42.41738],[-83.13088,42.41732],[-83.13126,42.41738],[-83.13166,42.41731],[-83.13508,42.41725],[-83.13565,42.41731],[-83.13623,42.41724],[-83.1386,42.41725],[-83.13957,42.41719],[-83.1401,42.41727],[-83.14074,42.41718],[-83.14634,42.41716],[-83.14673,42.41727],[-83.14719,42.41715],[-83.15167,42.41716],[-83.1558,42.41704],[-83.15625,42.41711],[-83.15672,42.41703],[-83.16025,42.41696],[-83.16067,42.41702],[-83.16114,42.41694],[-83.16323,42.41688],[-83.1638,42.41693],[-83.16427,42.41685],[-83.1669,42.41677],[-83.16727,42.41683],[-83.16775,42.41675],[-83.17015,42.41668],[-83.17087,42.41676],[-83.17123,42.41667],[-83.17248,42.41667],[-83.17288,42.41675],[-83.17326,42.41666],[-83.17476,42.41665],[-83.17517,42.41673],[-83.17575,42.41664],[-83.17728,42.41662],[-83.17772,42.41672],[-83.17819,42.41662],[-83.17959,42.41661],[-83.18049,42.4167],[-83.18089,42.4166],[-83.18218,42.41659],[-83.18258,42.41667],[-83.18299,42.41658],[-83.18375,42.41664],[-83.18412,42.41656],[-83.18592,42.41654],[-83.18633,42.41661],[-83.18681,42.41653],[-83.18958,42.41649],[-83.18995,42.41654],[-83.19042,42.41645],[-83.19206,42.41636],[-83.19242,42.41642],[-83.19289,42.41632],[-83.19411,42.41626],[-83.19462,42.4163],[-83.19521,42.4162],[-83.19685,42.41612],[-83.19722,42.41617],[-83.19794,42.41606],[-83.19934,42.41601],[-83.19981,42.41612],[-83.20022,42.41598],[-83.20199,42.41594],[-83.20337,42.41591],[-83.20386,42.41598],[-83.20434,42.41589],[-83.2069,42.41583],[-83.20731,42.41591],[-83.20778,42.41582],[-83.20979,42.41577],[-83.21037,42.41585],[-83.21103,42.41575],[-83.21309,42.4157],[-83.21352,42.41578],[-83.21423,42.41568],[-83.2166,42.41563],[-83.21705,42.41569],[-83.21752,42.41561],[-83.21925,42.41556],[-83.2196,42.41564],[-83.22028,42.41555],[-83.22268,42.4155],[-83.22315,42.41558],[-83.22386,42.41548],[-83.22675,42.41542],[-83.22721,42.4155],[-83.22768,42.41541],[-83.23021,42.41535],[-83.23069,42.41543],[-83.23176,42.41532],[-83.23297,42.4153],[-83.23347,42.41538],[-83.23393,42.41528],[-83.23607,42.41523],[-83.23643,42.41532],[-83.23705,42.41517],[-83.23853,42.41525],[-83.23994,42.41516],[-83.24032,42.41522],[-83.24104,42.41513],[-83.24355,42.41506],[-83.24399,42.41511],[-83.24444,42.41503],[-83.24746,42.415],[-83.24897,42.41491],[-83.24884,42.41299],[-83.25155,42.41408],[-83.252,42.41345],[-83.25146,42.41318],[-83.25151,42.41352]],[[-83.27612,42.41447],[-83.27541,42.41459],[-83.27237,42.41465],[-83.27187,42.41456],[-83.27141,42.41467],[-83.26687,42.41475],[-83.26634,42.41475],[-83.26598,42.41461],[-83.26551,42.41471],[-83.26336,42.41468],[-83.26239,42.41464],[-83.26198,42.41453],[-83.2615,42.41461],[-83.25749,42.41462],[-83.25713,42.41455],[-83.25665,42.41463],[-83.25248,42.41471],[-83.2521,42.41462],[-83.25162,42.4147],[-83.24897,42.41475],[-83.24856,42.41468],[-83.24809,42.41477],[-83.24555,42.41484],[-83.24516,42.41478],[-83.24478,42.41486],[-83.2423,42.41493],[-83.2419,42.41487],[-83.24142,42.41495],[-83.2394,42.41501],[-83.23887,42.41494],[-83.23715,42.41517],[-83.23576,42.41524],[-83.23523,42.41516],[-83.23476,42.41526],[-83.23153,42.41533],[-83.2311,42.41523],[-83.23064,42.41534],[-83.22796,42.4154],[-83.22755,42.4153],[-83.22708,42.41541],[-83.22458,42.41547],[-83.22407,42.41537],[-83.22361,42.41548],[-83.22151,42.41553],[-83.22102,42.41543],[-83.22056,42.41554],[-83.21842,42.41559],[-83.21807,42.41547],[-83.21737,42.41561],[-83.21563,42.41565],[-83.21525,42.41556],[-83.21479,42.41566],[-83.21188,42.41573],[-83.21147,42.41562],[-83.21103,42.41575],[-83.20908,42.41579],[-83.20871,42.41569],[-83.20825,42.4158],[-83.20617,42.41585],[-83.20566,42.41574],[-83.2052,42.41586],[-83.20216,42.41593],[-83.20181,42.41582],[-83.20135,42.41595],[-83.19934,42.41601],[-83.19892,42.41585],[-83.19839,42.41604],[-83.19572,42.41618],[-83.19533,42.41608],[-83.19497,42.41621],[-83.1933,42.4163],[-83.19292,42.41621],[-83.19247,42.41634],[-83.19075,42.41643],[-83.1903,42.41635],[-83.18958,42.41649],[-83.18845,42.41651],[-83.18802,42.4164],[-83.18756,42.41651],[-83.1852,42.41655],[-83.18482,42.41643],[-83.18446,42.41656],[-83.1822,42.41659],[-83.18171,42.41648],[-83.18125,42.41659],[-83.17984,42.41662],[-83.17931,42.41647],[-83.17885,42.4166],[-83.17658,42.41663],[-83.17615,42.4165],[-83.1755,42.41665],[-83.17447,42.41665],[-83.17395,42.41654],[-83.17356,42.41666],[-83.17163,42.41667],[-83.17117,42.41655],[-83.17047,42.41668],[-83.16976,42.41658],[-83.1693,42.4167],[-83.16808,42.41674],[-83.16771,42.41662],[-83.16726,42.41676],[-83.16467,42.41684],[-83.16421,42.41674],[-83.16375,42.41686],[-83.16262,42.41689],[-83.16218,42.41678],[-83.16148,42.41693],[-83.16084,42.41684],[-83.16014,42.41696],[-83.15744,42.41701],[-83.15704,42.41692],[-83.15658,42.41702],[-83.15435,42.41707],[-83.15396,42.41699],[-83.15361,42.41708],[-83.15264,42.4171],[-83.15094,42.41713],[-83.15056,42.41705],[-83.15014,42.41714],[-83.14634,42.41716],[-83.14593,42.41706],[-83.14546,42.41716],[-83.14205,42.41717],[-83.14163,42.41708],[-83.1405,42.41718],[-83.14013,42.41708],[-83.13966,42.41719],[-83.13804,42.41721],[-83.13762,42.41712],[-83.13715,42.41722],[-83.13509,42.41725],[-83.13473,42.41715],[-83.13411,42.41727],[-83.13167,42.41731],[-83.13124,42.4172],[-83.13088,42.41732],[-83.12817,42.41737],[-83.12778,42.4173],[-83.12731,42.41739],[-83.12439,42.41745],[-83.12402,42.41736],[-83.12355,42.41747],[-83.1228,42.4174],[-83.12233,42.4175],[-83.12082,42.41753],[-83.11912,42.41756],[-83.11866,42.41747],[-83.11795,42.41758],[-83.11597,42.41761],[-83.11544,42.41754],[-83.11496,42.41763],[-83.11236,42.41768],[-83.11188,42.41759],[-83.11141,42.41769],[-83.10963,42.41772],[-83.10913,42.41763],[-83.10867,42.41774],[-83.10651,42.41776],[-83.10598,42.41768],[-83.10556,42.41777],[-83.10477,42.41779],[-83.10429,42.4177],[-83.10383,42.4178],[-83.10183,42.41785],[-83.10131,42.41777],[-83.10086,42.41788],[-83.09771,42.41799],[-83.09717,42.41792],[-83.09622,42.41804],[-83.09485,42.41805],[-83.09376,42.41788],[-83.09332,42.41798],[-83.09246,42.418],[-83.09189,42.41792],[-83.09148,42.41802],[-83.08766,42.41813],[-83.08628,42.41808],[-83.08593,42.41819],[-83.0852,42.41822],[-83.08463,42.41816],[-83.08347,42.41842],[-83.08227,42.41846],[-83.08179,42.41839],[-83.08132,42.41848],[-83.07922,42.41854],[-83.07873,42.41846],[-83.07827,42.41856],[-83.0762,42.41862],[-83.07582,42.41854],[-83.07536,42.41864],[-83.07261,42.41862],[-83.07215,42.41853],[-83.07168,42.41862],[-83.07099,42.41864],[-83.07062,42.41857],[-83.06881,42.41866],[-83.06773,42.41866],[-83.06726,42.41859],[-83.06679,42.41867],[-83.0659,42.41866],[-83.06554,42.41859],[-83.06506,42.41867],[-83.06339,42.41869],[-83.06296,42.4186],[-83.06252,42.41871],[-83.06034,42.41875],[-83.05987,42.41868],[-83.05939,42.41876],[-83.05817,42.41879],[-83.05782,42.41871],[-83.05735,42.4188],[-83.05613,42.41883],[-83.0557,42.41876],[-83.05523,42.41884],[-83.05425,42.41886],[-83.05378,42.41877],[-83.05332,42.41888],[-83.0508,42.41893],[-83.05037,42.41885],[-83.0499,42.41895],[-83.04675,42.41902],[-83.04639,42.41891],[-83.04575,42.41903],[-83.04476,42.41906],[-83.04436,42.41897],[-83.04389,42.41907],[-83.04207,42.41911],[-83.04155,42.41903],[-83.04108,42.41913],[-83.03951,42.41917],[-83.03911,42.41907],[-83.0384,42.41919],[-83.03764,42.41913],[-83.03717,42.41922],[-83.0365,42.41924],[-83.03611,42.41916],[-83.03567,42.41926],[-83.03299,42.41932],[-83.03257,42.41924],[-83.0321,42.41934],[-83.031,42.41937],[-83.03062,42.41928],[-83.02998,42.41939],[-83.02684,42.41947],[-83.02632,42.41938],[-83.02586,42.41948],[-83.02374,42.41953],[-83.02375,42.41989],[-83.02356,42.42014],[-83.02376,42.42047],[-83.02378,42.42065],[-83.02392,42.42442],[-83.02376,42.4247],[-83.02393,42.42503],[-83.02399,42.42632],[-83.0238,42.42665],[-83.02401,42.42694],[-83.02408,42.42872],[-83.0239,42.42902],[-83.02411,42.4295],[-83.02414,42.43032],[-83.02397,42.43059],[-83.02415,42.43093],[-83.02422,42.43237],[-83.02403,42.43269],[-83.02423,42.43301],[-83.02428,42.434],[-83.02343,42.43401],[-83.02305,42.43393],[-83.02234,42.43403],[-83.02137,42.43405],[-83.02081,42.43397],[-83.02034,42.43407],[-83.0184,42.43411],[-83.01784,42.43404],[-83.01737,42.43412],[-83.01465,42.43418],[-83.01478,42.43384],[-83.0146,42.43356],[-83.01454,42.43067],[-83.01447,42.4304],[-83.01445,42.42867],[-83.0143,42.42665],[-83.01435,42.42638],[-83.01426,42.42602],[-83.01416,42.42426],[-83.01402,42.42008],[-83.01393,42.41988],[-83.01374,42.41971],[-83.01304,42.41961],[-83.01234,42.41975],[-83.01045,42.41981],[-83.00995,42.41971],[-83.0094,42.41984],[-83.00848,42.41987],[-83.00798,42.41977],[-83.00753,42.41989],[-83.00655,42.41993],[-83.00558,42.41995],[-83.00499,42.41985],[-83.00452,42.41996],[-83.00404,42.41996],[-83.00318,42.42027],[-83.00276,42.42028],[-83.0022,42.42062],[-83.00139,42.42092],[-83.00099,42.42094],[-83.00063,42.42118],[-82.9991,42.42174],[-82.99865,42.42177],[-82.99815,42.42208],[-82.99689,42.42254],[-82.99649,42.42256],[-82.99613,42.42281],[-82.99539,42.42308],[-82.99499,42.42309],[-82.99467,42.42333],[-82.99326,42.42384],[-82.99283,42.42388],[-82.99249,42.42411],[-82.99118,42.42458],[-82.99076,42.4246],[-82.99019,42.42493],[-82.9889,42.4254],[-82.98852,42.4254],[-82.98795,42.42574],[-82.98698,42.42608],[-82.98653,42.4261],[-82.98619,42.42636],[-82.98558,42.42658],[-82.98508,42.42662],[-82.98482,42.42684],[-82.98465,42.42688],[-82.98335,42.4269],[-82.98288,42.42699],[-82.98252,42.42692],[-82.98214,42.42701],[-82.97989,42.42703],[-82.97953,42.42698],[-82.97735,42.42705],[-82.9769,42.42697],[-82.97643,42.42705],[-82.97472,42.42701],[-82.97303,42.4271],[-82.97244,42.42704],[-82.97196,42.42712],[-82.97026,42.42715],[-82.96981,42.42708],[-82.96933,42.42716],[-82.96774,42.42718],[-82.96738,42.42709],[-82.96692,42.42719],[-82.96529,42.42721],[-82.96484,42.42712],[-82.96448,42.42722],[-82.96302,42.42723],[-82.96261,42.42717],[-82.96214,42.42724],[-82.95974,42.42727],[-82.95888,42.42696],[-82.96348,42.42084],[-82.96244,42.42083],[-82.96222,42.42074],[-82.9601,42.41987],[-82.95982,42.41966],[-82.95936,42.41956],[-82.95764,42.41885],[-82.95728,42.41861],[-82.95683,42.41851],[-82.9555,42.41796],[-82.95522,42.41777],[-82.95468,42.41762],[-82.95344,42.41711],[-82.95307,42.41686],[-82.95262,42.41677],[-82.95139,42.41626],[-82.95114,42.41606],[-82.95046,42.41587],[-82.94921,42.41528],[-82.94875,42.41517],[-82.94749,42.41465],[-82.94723,42.41445],[-82.94676,42.41434],[-82.9457,42.4139],[-82.94535,42.41368],[-82.9449,42.41357],[-82.94303,42.4128],[-82.94242,42.41247],[-82.94193,42.41267],[-82.94171,42.41299],[-82.94042,42.41397],[-82.94007,42.41407],[-82.93983,42.41438],[-82.93818,42.41563],[-82.93666,42.41646],[-82.93638,42.4159],[-82.9361,42.41561],[-82.93539,42.41453],[-82.9352,42.41411],[-82.93492,42.41381],[-82.93304,42.41097],[-82.93297,42.41069],[-82.93268,42.41041],[-82.93196,42.4092],[-82.93168,42.4089],[-82.92985,42.4061],[-82.92971,42.40569],[-82.9293,42.40527],[-82.92869,42.40424],[-82.92842,42.40396],[-82.92669,42.40133],[-82.92656,42.40102],[-82.92629,42.40073],[-82.92388,42.39707],[-82.92372,42.39669],[-82.92345,42.39642],[-82.92242,42.39486],[-82.92188,42.39501],[-82.92118,42.3959],[-82.92084,42.39618],[-82.92073,42.39653],[-82.92005,42.39752],[-82.91956,42.398],[-82.9195,42.39827],[-82.91909,42.39888],[-82.91878,42.39911],[-82.91872,42.39942],[-82.91778,42.40137],[-82.91748,42.40171],[-82.91744,42.40207],[-82.91712,42.40275],[-82.9163,42.40432],[-82.916,42.40464],[-82.91594,42.405],[-82.91558,42.40575],[-82.91533,42.40597],[-82.91523,42.4065],[-82.91487,42.40727],[-82.91457,42.40759],[-82.91454,42.40795],[-82.91329,42.4106],[-82.91305,42.41085],[-82.91302,42.4112],[-82.91258,42.41215],[-82.91236,42.41242],[-82.91228,42.41283],[-82.91093,42.41572],[-82.91056,42.4171],[-82.91165,42.41753],[-82.91207,42.41779]],[[-83.25151,42.41352],[-83.2518,42.41335],[-83.25199,42.41345],[-83.25155,42.41408],[-83.24884,42.41299],[-83.24897,42.41475],[-83.24856,42.41468],[-83.24809,42.41477],[-83.24555,42.41484],[-83.24516,42.41478],[-83.24478,42.41486],[-83.2423,42.41493],[-83.2419,42.41487],[-83.24142,42.41495],[-83.2394,42.41501],[-83.23887,42.41494],[-83.23715,42.41517],[-83.23576,42.41524],[-83.23523,42.41516],[-83.23428,42.41528],[-83.23153,42.41533],[-83.2311,42.41523],[-83.2304,42.41535],[-83.22796,42.4154],[-83.22755,42.4153],[-83.22708,42.41541],[-83.22458,42.41547],[-83.22407,42.41537],[-83.22361,42.41548],[-83.22151,42.41553],[-83.22102,42.41543],[-83.22056,42.41554],[-83.21842,42.41559],[-83.21807,42.41547],[-83.21737,42.41561],[-83.21563,42.41565],[-83.21525,42.41556],[-83.21479,42.41566],[-83.21188,42.41573],[-83.21147,42.41562],[-83.21103,42.41575],[-83.20908,42.41579],[-83.20871,42.41569],[-83.20825,42.4158],[-83.20617,42.41585],[-83.20566,42.41574],[-83.2052,42.41586],[-83.20216,42.41593],[-83.20181,42.41582],[-83.20135,42.41595],[-83.19934,42.41601],[-83.19892,42.41585],[-83.19839,42.41604],[-83.19572,42.41618],[-83.19533,42.41608],[-83.19497,42.41621],[-83.1933,42.4163],[-83.19292,42.41621],[-83.19247,42.41634],[-83.19075,42.41643],[-83.1903,42.41635],[-83.18958,42.41649],[-83.18845,42.41651],[-83.18802,42.4164],[-83.18756,42.41651],[-83.1852,42.41655],[-83.18482,42.41643],[-83.18446,42.41656],[-83.1822,42.41659],[-83.18171,42.41648],[-83.18125,42.41659],[-83.17984,42.41662],[-83.17931,42.41647],[-83.17885,42.4166],[-83.17658,42.41663],[-83.17615,42.4165],[-83.1755,42.41665],[-83.17447,42.41665],[-83.17395,42.41654],[-83.17356,42.41666],[-83.17163,42.41667],[-83.17117,42.41655],[-83.17047,42.41668],[-83.16976,42.41658],[-83.1693,42.4167],[-83.16808,42.41674],[-83.16771,42.41662],[-83.16726,42.41676],[-83.16467,42.41684],[-83.16421,42.41674],[-83.16375,42.41686],[-83.16262,42.41689],[-83.16218,42.41678],[-83.16148,42.41693],[-83.16084,42.41684],[-83.16014,42.41696],[-83.15744,42.41701],[-83.15704,42.41692],[-83.15658,42.41702],[-83.15435,42.41707],[-83.15396,42.41699],[-83.15361,42.41708],[-83.15264,42.4171],[-83.15094,42.41713],[-83.15056,42.41705],[-83.15014,42.41714],[-83.14634,42.41716],[-83.14593,42.41706],[-83.14546,42.41716],[-83.14205,42.41717],[-83.14163,42.41708],[-83.1405,42.41718],[-83.14013,42.41708],[-83.13966,42.41719],[-83.13804,42.41721],[-83.13762,42.41712],[-83.13715,42.41722],[-83.13509,42.41725],[-83.13473,42.41715],[-83.13411,42.41727],[-83.13167,42.41731],[-83.13124,42.4172],[-83.13088,42.41732],[-83.12817,42.41737],[-83.12778,42.4173],[-83.12731,42.41739],[-83.12439,42.41745],[-83.12402,42.41736],[-83.12355,42.41747],[-83.1228,42.4174],[-83.12233,42.4175],[-83.12082,42.41753],[-83.11912,42.41756],[-83.11866,42.41747],[-83.11795,42.41758],[-83.11597,42.41761],[-83.11544,42.41754],[-83.11496,42.41763],[-83.11236,42.41768],[-83.11188,42.41759],[-83.11141,42.41769],[-83.10963,42.41772],[-83.10913,42.41763],[-83.10867,42.41774],[-83.10651,42.41776],[-83.10598,42.41768],[-83.10556,42.41777],[-83.10477,42.41779],[-83.10429,42.4177],[-83.10383,42.4178],[-83.10183,42.41785],[-83.10131,42.41777],[-83.10086,42.41788],[-83.09771,42.41799],[-83.09717,42.41792],[-83.09622,42.41804],[-83.09485,42.41805],[-83.09376,42.41788],[-83.09332,42.41798],[-83.09246,42.418],[-83.09189,42.41792],[-83.09148,42.41802],[-83.08766,42.41813],[-83.08628,42.41808],[-83.08593,42.41819],[-83.0852,42.41822],[-83.08463,42.41816],[-83.08347,42.41842],[-83.08227,42.41846],[-83.08179,42.41839],[-83.08132,42.41848],[-83.07922,42.41854],[-83.07873,42.41846],[-83.07827,42.41856],[-83.0762,42.41862],[-83.07582,42.41854],[-83.07536,42.41864],[-83.07261,42.41862],[-83.07215,42.41853],[-83.07168,42.41862],[-83.07099,42.41864],[-83.07062,42.41857],[-83.06881,42.41866],[-83.06773,42.41866],[-83.06726,42.41859],[-83.06679,42.41867],[-83.0659,42.41866],[-83.06554,42.41859],[-83.06506,42.41867],[-83.06339,42.41869],[-83.06296,42.4186],[-83.06252,42.41871],[-83.06034,42.41875],[-83.05987,42.41868],[-83.05939,42.41876],[-83.05817,42.41879],[-83.05782,42.41871],[-83.05735,42.4188],[-83.05613,42.41883],[-83.0557,42.41876],[-83.05523,42.41884],[-83.05425,42.41886],[-83.05378,42.41877],[-83.05332,42.41888],[-83.0508,42.41893],[-83.05037,42.41885],[-83.0499,42.41895],[-83.04675,42.41902],[-83.04639,42.41891],[-83.04575,42.41903],[-83.04476,42.41906],[-83.04436,42.41897],[-83.04389,42.41907],[-83.04207,42.41911],[-83.04155,42.41903],[-83.04108,42.41913],[-83.03951,42.41917],[-83.03911,42.41907],[-83.0384,42.41919],[-83.03764,42.41913],[-83.03717,42.41922],[-83.0365,42.41924],[-83.03611,42.41916],[-83.03567,42.41926],[-83.03299,42.41932],[-83.03257,42.41924],[-83.0321,42.41934],[-83.031,42.41937],[-83.03062,42.41928],[-83.02998,42.41939],[-83.02684,42.41947],[-83.02632,42.41938],[-83.02586,42.41948],[-83.02374,42.41953],[-83.02375,42.41989],[-83.02356,42.42014],[-83.02376,42.42047],[-83.02378,42.42065],[-83.02392,42.42442],[-83.02376,42.4247],[-83.02393,42.42503],[-83.02399,42.42632],[-83.0238,42.42665],[-83.02401,42.42694],[-83.02408,42.42872],[-83.0239,42.42902],[-83.02411,42.4295],[-83.02414,42.43032],[-83.02397,42.43059],[-83.02415,42.43093],[-83.02422,42.43237],[-83.02403,42.43269],[-83.02423,42.43301],[-83.02428,42.434],[-83.02343,42.43401],[-83.02305,42.43393],[-83.02234,42.43403],[-83.02137,42.43405],[-83.02081,42.43397],[-83.02034,42.43407],[-83.0184,42.43411],[-83.01784,42.43404],[-83.01737,42.43412],[-83.01465,42.43418],[-83.01478,42.43384],[-83.0146,42.43356],[-83.01454,42.43067],[-83.01447,42.4304],[-83.01445,42.42867],[-83.0143,42.42665],[-83.01435,42.42638],[-83.01426,42.42602],[-83.01416,42.42426],[-83.01402,42.42008],[-83.01393,42.41988],[-83.01374,42.41971],[-83.01304,42.41961],[-83.01234,42.41975],[-83.01045,42.41981],[-83.00995,42.41971],[-83.0094,42.41984],[-83.00848,42.41987],[-83.00798,42.41977],[-83.00753,42.41989],[-83.00655,42.41993],[-83.00558,42.41995],[-83.00499,42.41985],[-83.00452,42.41996],[-83.00404,42.41996],[-83.00318,42.42027],[-83.00276,42.42028],[-83.0022,42.42062],[-83.00139,42.42092],[-83.00099,42.42094],[-83.00063,42.42118],[-82.9991,42.42174],[-82.99865,42.42177],[-82.99815,42.42208],[-82.99689,42.42254],[-82.99649,42.42256],[-82.99613,42.42281],[-82.99539,42.42308],[-82.99499,42.42309],[-82.99467,42.42333],[-82.99326,42.42384],[-82.99283,42.42388],[-82.99249,42.42411],[-82.99118,42.42458],[-82.99076,42.4246],[-82.99019,42.42493],[-82.9889,42.4254],[-82.98852,42.4254],[-82.98795,42.42574],[-82.98698,42.42608],[-82.98653,42.4261],[-82.98619,42.42636],[-82.98558,42.42658],[-82.98508,42.42662],[-82.98482,42.42684],[-82.98465,42.42688],[-82.98335,42.4269],[-82.98288,42.42699],[-82.98252,42.42692],[-82.98214,42.42701],[-82.97989,42.42703],[-82.97953,42.42698],[-82.97735,42.42705],[-82.9769,42.42697],[-82.97643,42.42705],[-82.97472,42.42701],[-82.97303,42.4271],[-82.97244,42.42704],[-82.97196,42.42712],[-82.97026,42.42715],[-82.96981,42.42708],[-82.96933,42.42716],[-82.96774,42.42718],[-82.96738,42.42709],[-82.96692,42.42719],[-82.96529,42.42721],[-82.96484,42.42712],[-82.96448,42.42722],[-82.96302,42.42723],[-82.96261,42.42717],[-82.96214,42.42724],[-82.95974,42.42727],[-82.95888,42.42696],[-82.96348,42.42084],[-82.96244,42.42083],[-82.96222,42.42074],[-82.9601,42.41987],[-82.95982,42.41966],[-82.95936,42.41956],[-82.95764,42.41885],[-82.95728,42.41861],[-82.95683,42.41851],[-82.9555,42.41796],[-82.95522,42.41777],[-82.95468,42.41762],[-82.95344,42.41711],[-82.95307,42.41686],[-82.95262,42.41677],[-82.95139,42.41626],[-82.95114,42.41606],[-82.95046,42.41587],[-82.94921,42.41528],[-82.94875,42.41517],[-82.94749,42.41465],[-82.94723,42.41445],[-82.94676,42.41434],[-82.9457,42.4139],[-82.94535,42.41368],[-82.9449,42.41357],[-82.94303,42.4128],[-82.94242,42.41247],[-82.94193,42.41267],[-82.94171,42.41299],[-82.94042,42.41397],[-82.94007,42.41407],[-82.93983,42.41438],[-82.93818,42.41563],[-82.93666,42.41646],[-82.93638,42.4159],[-82.9361,42.41561],[-82.93539,42.41453],[-82.9352,42.41411],[-82.93492,42.41381],[-82.93304,42.41097],[-82.93297,42.41069],[-82.93268,42.41041],[-82.93196,42.4092],[-82.93168,42.4089],[-82.92985,42.4061],[-82.92971,42.40569],[-82.9293,42.40527],[-82.92869,42.40424],[-82.92842,42.40396],[-82.92669,42.40133],[-82.92656,42.40102],[-82.92629,42.40073],[-82.92388,42.39707],[-82.92372,42.39669],[-82.92345,42.39642],[-82.92242,42.39486],[-82.92188,42.39501],[-82.92118,42.3959],[-82.92084,42.39618],[-82.92073,42.39653],[-82.92005,42.39752],[-82.91956,42.398],[-82.9195,42.39827],[-82.91909,42.39888],[-82.91878,42.39911],[-82.91872,42.39942],[-82.91778,42.40137],[-82.91748,42.40171],[-82.91744,42.40207],[-82.91712,42.40275],[-82.9163,42.40432],[-82.916,42.40464],[-82.91594,42.405],[-82.91558,42.40575],[-82.91533,42.40597],[-82.91523,42.4065],[-82.91487,42.40727],[-82.91457,42.40759],[-82.91454,42.40795],[-82.91329,42.4106],[-82.91305,42.41085],[-82.91302,42.4112],[-82.91258,42.41215],[-82.91236,42.41242],[-82.91228,42.41283],[-82.91093,42.41572],[-82.91056,42.4171],[-82.91165,42.41753],[-82.91207,42.41779]]]}},{"type":"Feature","properties":{"agency":"ddot","agency_label":"DDOT","route":"38","name":"Plymouth","route_type":3},"geometry":{"type":"MultiLineString","coordinates":[[[-83.33029,42.38079],[-83.33022,42.38082],[-83.33008,42.3807],[-83.33056,42.38048],[-83.33236,42.38042],[-83.33287,42.38022],[-83.33354,42.3802],[-83.33345,42.37812],[-83.33354,42.37794],[-83.33349,42.37663],[-83.3334,42.37485],[-83.33331,42.37467],[-83.33308,42.36917],[-83.33238,42.36919],[-83.33237,42.36908],[-83.33238,42.36919],[-83.33124,42.36923],[-83.32849,42.3693],[-83.3285,42.3692],[-83.32849,42.3693],[-83.323,42.36944],[-83.323,42.36934],[-83.323,42.36944],[-83.31713,42.36959],[-83.31567,42.36966],[-83.31049,42.37017],[-83.30953,42.37021],[-83.30952,42.3701],[-83.30953,42.37021],[-83.30418,42.37043],[-83.30417,42.37031],[-83.30418,42.37043],[-83.30091,42.37056],[-83.30074,42.37056],[-83.30073,42.37045],[-83.30074,42.37056],[-83.29821,42.37066],[-83.29821,42.37058],[-83.29821,42.37066],[-83.29491,42.3708],[-83.29422,42.37081],[-83.29421,42.3707],[-83.29422,42.37081],[-83.29409,42.37082],[-83.29087,42.37088],[-83.29086,42.37078],[-83.29087,42.37088],[-83.28608,42.37099],[-83.28607,42.37089],[-83.28608,42.37099],[-83.28275,42.37106],[-83.28254,42.37106],[-83.28254,42.37096],[-83.28254,42.37106],[-83.27834,42.37118],[-83.27509,42.3712],[-83.27509,42.37114],[-83.27509,42.3712],[-83.2732,42.37125],[-83.2725,42.37136],[-83.27149,42.37137],[-83.27149,42.37125],[-83.27149,42.37137],[-83.26784,42.37147],[-83.26783,42.37133],[-83.26784,42.37147],[-83.26568,42.37152],[-83.26533,42.37152],[-83.26533,42.37139],[-83.26533,42.37152],[-83.26288,42.37156],[-83.26287,42.37143],[-83.26288,42.37156],[-83.26044,42.3716],[-83.26043,42.37151],[-83.26044,42.3716],[-83.26016,42.37161],[-83.25883,42.37164],[-83.25883,42.37154],[-83.25883,42.37164],[-83.25303,42.37173],[-83.25302,42.37159],[-83.25303,42.37173],[-83.24669,42.37182],[-83.24577,42.37183],[-83.24575,42.37168],[-83.24576,42.37183],[-83.24342,42.37187],[-83.24341,42.37174],[-83.24342,42.37187],[-83.23926,42.37186],[-83.23926,42.37173],[-83.23926,42.37186],[-83.23718,42.37188],[-83.23717,42.37175],[-83.23718,42.37188],[-83.23692,42.37189],[-83.23578,42.3719],[-83.23577,42.37178],[-83.23578,42.3719],[-83.23338,42.37193],[-83.23337,42.37182],[-83.23338,42.37193],[-83.23319,42.37194],[-83.2299,42.37199],[-83.2299,42.37188],[-83.2299,42.37199],[-83.2272,42.37205],[-83.22724,42.37195],[-83.2272,42.37205],[-83.22261,42.37214],[-83.2226,42.37202],[-83.22261,42.37214],[-83.22011,42.37208],[-83.21741,42.37225],[-83.21741,42.37214],[-83.21741,42.37225],[-83.21677,42.37226],[-83.21597,42.37226],[-83.21596,42.37215],[-83.21597,42.37226],[-83.21585,42.37227],[-83.21402,42.3723],[-83.21402,42.37223],[-83.21402,42.3723],[-83.21155,42.37235],[-83.21155,42.37228],[-83.21155,42.37235],[-83.21137,42.37236],[-83.20934,42.3724],[-83.20934,42.37235],[-83.20783,42.37243],[-83.20685,42.37244],[-83.20684,42.37239],[-83.20685,42.37244],[-83.20451,42.37247],[-83.20451,42.37241],[-83.20451,42.37247],[-83.20189,42.3725],[-83.20189,42.37242],[-83.20189,42.3725],[-83.19932,42.37254],[-83.19932,42.37245],[-83.19932,42.37254],[-83.197,42.37258],[-83.197,42.3725],[-83.197,42.37258],[-83.19506,42.37263],[-83.19505,42.37256],[-83.19506,42.37263],[-83.19288,42.37269],[-83.19288,42.37263],[-83.19288,42.37269],[-83.191,42.37275],[-83.1907,42.37275],[-83.19069,42.37269],[-83.1907,42.37275],[-83.18844,42.37282],[-83.18744,42.37284],[-83.18744,42.37277],[-83.18744,42.37284],[-83.18504,42.37289],[-83.18504,42.37276],[-83.18504,42.37289],[-83.1821,42.37296],[-83.1821,42.37289],[-83.1821,42.37296],[-83.17759,42.37305],[-83.17759,42.37299],[-83.17759,42.37305],[-83.17406,42.37311],[-83.17405,42.37306],[-83.17406,42.37311],[-83.17155,42.37316],[-83.17155,42.37309],[-83.17155,42.37316],[-83.16961,42.3732],[-83.16934,42.3732],[-83.16935,42.37314],[-83.16934,42.3732],[-83.16671,42.37328],[-83.16671,42.37322],[-83.16671,42.37328],[-83.16435,42.37336],[-83.16434,42.37327],[-83.16435,42.37336],[-83.16174,42.37342],[-83.16174,42.37335],[-83.16174,42.37342],[-83.15961,42.37348],[-83.15822,42.37351],[-83.15822,42.37343],[-83.15822,42.37351],[-83.15625,42.37355],[-83.15624,42.37347],[-83.15625,42.37355],[-83.15393,42.3736],[-83.15393,42.37351],[-83.1535,42.37361],[-83.15241,42.3736],[-83.15241,42.37355],[-83.15241,42.3736],[-83.15173,42.37367],[-83.15149,42.37378],[-83.15144,42.37389],[-83.15148,42.37406],[-83.15139,42.37406],[-83.15148,42.37406],[-83.15154,42.37593],[-83.14934,42.3759],[-83.13949,42.37615],[-83.13868,42.37614],[-83.13868,42.37606],[-83.13868,42.37614],[-83.13757,42.37615],[-83.13576,42.37684],[-83.13572,42.37678],[-83.13576,42.37684],[-83.13403,42.37748],[-83.13399,42.37743],[-83.13403,42.37748],[-83.13313,42.37783],[-83.13317,42.3779],[-83.13282,42.37797],[-83.13285,42.37801],[-83.12908,42.37939],[-83.12557,42.38078],[-83.12545,42.38077],[-83.12501,42.38103],[-83.12453,42.38034],[-83.12423,42.38041],[-83.11539,42.38376],[-83.11525,42.38375],[-83.11496,42.38395],[-83.11228,42.38494],[-83.11075,42.38445],[-83.11053,42.38429],[-83.1107,42.38419],[-83.11058,42.38426],[-83.11049,42.38419],[-83.10971,42.3831],[-83.10958,42.38282],[-83.10975,42.38284],[-83.10958,42.38282],[-83.10959,42.38238],[-83.10968,42.38214],[-83.11025,42.38138],[-83.1102,42.38116],[-83.10989,42.38068],[-83.10967,42.38076],[-83.10964,42.38071],[-83.10967,42.38076],[-83.10393,42.3829],[-83.10079,42.38404],[-83.10075,42.38399],[-83.10079,42.38404],[-83.09771,42.3851],[-83.09774,42.38514],[-83.09184,42.38734],[-83.08617,42.38943],[-83.08574,42.38955],[-83.08571,42.3895],[-83.08574,42.38955],[-83.08289,42.39058],[-83.08292,42.39062],[-83.07724,42.3928],[-83.07727,42.39299],[-83.07718,42.39304],[-83.07699,42.39304],[-83.07702,42.39308],[-83.07643,42.3933],[-83.07344,42.39433],[-83.07231,42.39494],[-83.07226,42.3949],[-83.07231,42.39494],[-83.07205,42.39512],[-83.07118,42.39561],[-83.07015,42.39599],[-83.0701,42.39592],[-83.07015,42.39599],[-83.06826,42.39671],[-83.06752,42.39698],[-83.06748,42.39692],[-83.06752,42.39698],[-83.06554,42.39771],[-83.0655,42.39767],[-83.06554,42.39771],[-83.05961,42.39989],[-83.0594,42.3999],[-83.05944,42.39995],[-83.056,42.40121],[-83.05595,42.40114],[-83.056,42.40121],[-83.05237,42.40254],[-83.05233,42.40248],[-83.05237,42.40254],[-83.04382,42.40575],[-83.04377,42.40569],[-83.04382,42.40575],[-83.0428,42.40619],[-83.04281,42.40657],[-83.04276,42.40657],[-83.04281,42.40657],[-83.04283,42.40712],[-83.04272,42.40727],[-83.04252,42.40733],[-83.04219,42.40723],[-83.03906,42.40564],[-83.03844,42.4051],[-83.03815,42.40451],[-83.03794,42.40175],[-83.03777,42.40144],[-83.0377,42.40086],[-83.03767,42.40023],[-83.03778,42.40023],[-83.03767,42.40023],[-83.03761,42.3988],[-83.03773,42.3988],[-83.03761,42.3988],[-83.03756,42.39727],[-83.03768,42.39727],[-83.03756,42.39727],[-83.0375,42.39578],[-83.03762,42.39577],[-83.0375,42.39578],[-83.03741,42.39361],[-83.03752,42.39361],[-83.03741,42.39361],[-83.03739,42.3934],[-83.03734,42.39193],[-83.03743,42.39193],[-83.03734,42.39193],[-83.03733,42.39034],[-83.0369,42.39036],[-83.03689,42.39028],[-83.0369,42.39036],[-83.03189,42.39041],[-83.03151,42.39041],[-83.03151,42.39035],[-83.03151,42.39041],[-83.02873,42.39045],[-83.02872,42.39037],[-83.02826,42.39047],[-83.02753,42.39048],[-83.02675,42.39047],[-83.02675,42.39038],[-83.02675,42.39047],[-83.02643,42.39047],[-83.02703,42.39235],[-83.02729,42.39439],[-83.0268,42.39592],[-83.02674,42.39591],[-83.0268,42.39592],[-83.02641,42.39715],[-83.02605,42.39869],[-83.02464,42.40003],[-83.02345,42.40097],[-83.02266,42.40094],[-83.02259,42.40087],[-83.02259,42.40093],[-83.02113,42.40084],[-83.01737,42.40092],[-83.01737,42.40084],[-83.01737,42.40092],[-83.01467,42.40101],[-83.01467,42.40093],[-83.01467,42.40101],[-83.01022,42.40117],[-83.01022,42.40108],[-83.01022,42.40117],[-83.00838,42.40124],[-83.00838,42.40115],[-83.00792,42.40127],[-83.00409,42.40139],[-83.004,42.40054],[-83.00376,42.40054],[-83.00375,42.40048],[-83.00376,42.40053],[-83.00135,42.40062],[-83.00108,42.40057]],[[-83.00083,42.40089],[-83.00155,42.40146],[-83.01738,42.40095],[-83.01825,42.40099],[-83.01893,42.40091],[-83.02133,42.40088],[-83.02336,42.40107],[-83.02526,42.39952],[-83.02562,42.3993],[-83.02613,42.39863],[-83.02643,42.39726],[-83.02679,42.39609],[-83.02703,42.39574],[-83.02703,42.39538],[-83.02735,42.39438],[-83.02726,42.39366],[-83.02733,42.39327],[-83.02716,42.39293],[-83.02707,42.3924],[-83.0266,42.39091],[-83.02672,42.39053],[-83.03736,42.39038],[-83.03736,42.3909],[-83.03724,42.39131],[-83.03737,42.39157],[-83.0374,42.39252],[-83.03726,42.39279],[-83.03743,42.39331],[-83.03747,42.39424],[-83.03734,42.3945],[-83.03749,42.39485],[-83.03753,42.39574],[-83.0374,42.39604],[-83.03755,42.39639],[-83.0376,42.39746],[-83.03746,42.3979],[-83.03763,42.39824],[-83.03773,42.40065],[-83.03757,42.40097],[-83.03785,42.40119],[-83.03812,42.40451],[-83.03833,42.405],[-83.03874,42.40547],[-83.04187,42.40711],[-83.04241,42.40757],[-83.04253,42.4078],[-83.04252,42.40816],[-83.04271,42.40832],[-83.04288,42.40832],[-83.04302,42.40821],[-83.04304,42.40759],[-83.04291,42.40619],[-83.04401,42.40572],[-83.05629,42.40114],[-83.06615,42.39752],[-83.06658,42.39742],[-83.07205,42.39529],[-83.07278,42.39488],[-83.07388,42.39442],[-83.07676,42.39336],[-83.07712,42.3933],[-83.07743,42.39305],[-83.0775,42.39324],[-83.0779,42.39368],[-83.09869,42.38592],[-83.09809,42.38505],[-83.10966,42.38083],[-83.11002,42.38087],[-83.11029,42.3814],[-83.11025,42.38155],[-83.1097,42.3822],[-83.10961,42.38254],[-83.10963,42.3829],[-83.10949,42.38319],[-83.10992,42.38345],[-83.11038,42.38407],[-83.11115,42.38474],[-83.11164,42.38476],[-83.11227,42.38493],[-83.11287,42.38575],[-83.12485,42.38133],[-83.1253,42.38091],[-83.13137,42.37864],[-83.13309,42.37796],[-83.13326,42.3778],[-83.13767,42.37618],[-83.13956,42.37622],[-83.15157,42.37595],[-83.15155,42.37382],[-83.15204,42.37366],[-83.15238,42.37376],[-83.15277,42.37365],[-83.15536,42.3736],[-83.15581,42.37365],[-83.15832,42.37354],[-83.15882,42.3736],[-83.1593,42.37351],[-83.16063,42.37348],[-83.16104,42.37355],[-83.16151,42.37346],[-83.16321,42.37341],[-83.16358,42.37347],[-83.16398,42.37339],[-83.16541,42.37335],[-83.16599,42.37342],[-83.16646,42.37332],[-83.1683,42.37323],[-83.16844,42.37323],[-83.16844,42.37331],[-83.16844,42.37323],[-83.16961,42.3732],[-83.17087,42.37318],[-83.17089,42.37325],[-83.1709,42.37318],[-83.17321,42.37314],[-83.17344,42.37321],[-83.17392,42.37314],[-83.17602,42.37315],[-83.17796,42.37306],[-83.17842,42.37314],[-83.17882,42.37305],[-83.18223,42.37298],[-83.18263,42.37305],[-83.18299,42.37296],[-83.18511,42.37291],[-83.1856,42.37301],[-83.18607,42.3729],[-83.18777,42.37286],[-83.18826,42.37292],[-83.18887,42.37283],[-83.19038,42.37285],[-83.19085,42.37278],[-83.19238,42.37279],[-83.19418,42.37268],[-83.19456,42.37274],[-83.19647,42.37261],[-83.19697,42.37268],[-83.19758,42.37259],[-83.19822,42.37267],[-83.19877,42.37257],[-83.20096,42.37254],[-83.20152,42.37263],[-83.20199,42.37253],[-83.20357,42.37251],[-83.20404,42.3726],[-83.20451,42.3725],[-83.20573,42.37248],[-83.20627,42.37258],[-83.20673,42.37247],[-83.20818,42.37245],[-83.20868,42.37253],[-83.20915,42.37243],[-83.2106,42.3724],[-83.211,42.3725],[-83.21146,42.37239],[-83.21301,42.37234],[-83.21353,42.37244],[-83.21399,42.37233],[-83.21543,42.3723],[-83.21592,42.37242],[-83.21629,42.37229],[-83.21712,42.37228],[-83.21759,42.37239],[-83.21805,42.37226],[-83.21902,42.37224],[-83.21941,42.37235],[-83.22012,42.37221],[-83.22145,42.37219],[-83.22197,42.37228],[-83.22244,42.37217],[-83.22387,42.37215],[-83.22437,42.37224],[-83.22484,42.37213],[-83.22845,42.37204],[-83.22903,42.37214],[-83.22949,42.37203],[-83.2302,42.37201],[-83.23118,42.372],[-83.23169,42.37209],[-83.23216,42.37199],[-83.23359,42.37196],[-83.23405,42.37207],[-83.23451,42.37195],[-83.23622,42.37192],[-83.23671,42.37204],[-83.23717,42.37192],[-83.23876,42.3719],[-83.23909,42.37203],[-83.23954,42.3719],[-83.241,42.3719],[-83.24124,42.3719],[-83.2416,42.37204],[-83.24229,42.3719],[-83.2437,42.37189],[-83.24407,42.37201],[-83.24452,42.37188],[-83.24623,42.37185],[-83.24658,42.37199],[-83.24728,42.37184],[-83.25204,42.37177],[-83.25255,42.37188],[-83.25325,42.37175],[-83.25942,42.37164],[-83.25975,42.37177],[-83.26021,42.37164],[-83.26089,42.37162],[-83.26144,42.37176],[-83.26189,42.37161],[-83.2631,42.37158],[-83.26363,42.37171],[-83.26408,42.37157],[-83.26573,42.37153],[-83.26621,42.37167],[-83.26665,42.37152],[-83.26811,42.37147],[-83.2685,42.37161],[-83.26894,42.37147],[-83.26941,42.37144],[-83.27039,42.37142],[-83.27091,42.37154],[-83.27136,42.3714],[-83.27185,42.37138],[-83.27277,42.37144],[-83.27704,42.37137],[-83.27776,42.37121],[-83.28225,42.37109],[-83.28273,42.37119],[-83.2832,42.37108],[-83.28636,42.37101],[-83.28695,42.37109],[-83.28742,42.37099],[-83.29101,42.37091],[-83.29156,42.37101],[-83.29202,42.37089],[-83.29517,42.37081],[-83.29569,42.37089],[-83.29616,42.37077],[-83.29786,42.37071],[-83.29835,42.37077],[-83.29882,42.37067],[-83.30118,42.37057],[-83.30163,42.37065],[-83.3021,42.37054],[-83.30428,42.37045],[-83.30483,42.37056],[-83.30552,42.3704],[-83.30999,42.37021],[-83.31036,42.37028],[-83.31075,42.37018],[-83.31375,42.36989],[-83.31415,42.36992],[-83.3146,42.3698],[-83.31611,42.36966],[-83.31886,42.36957],[-83.31933,42.36963],[-83.3198,42.36955],[-83.32289,42.36947],[-83.32343,42.36954],[-83.3239,42.36944],[-83.32852,42.36932],[-83.3289,42.36941],[-83.32936,42.3693],[-83.33313,42.3692],[-83.33315,42.36945],[-83.33294,42.36973],[-83.33315,42.37006],[-83.33318,42.37024],[-83.33358,42.38018],[-83.33296,42.38018],[-83.33233,42.38041],[-83.3306,42.38044],[-83.3303,42.38058],[-83.33017,42.38085]]]}},{"type":"Feature","properties":{"agency":"ddot","agency_label":"DDOT","route":"39","name":"Puritan","route_type":3},"geometry":{"type":"MultiLineString","coordinates":[[[-83.21782,42.40164],[-83.21789,42.40167],[-83.21794,42.40229],[-83.21805,42.40475],[-83.21805,42.40489],[-83.21797,42.40489],[-83.21805,42.40489],[-83.21814,42.40656],[-83.21814,42.40675],[-83.21807,42.40676],[-83.21814,42.40675],[-83.21822,42.40834],[-83.21419,42.40843],[-83.21424,42.40837],[-83.21419,42.40843],[-83.21272,42.40846],[-83.21271,42.40839],[-83.21272,42.40846],[-83.21032,42.40851],[-83.21032,42.40845],[-83.21032,42.40851],[-83.20845,42.40856],[-83.20843,42.40849],[-83.20845,42.40856],[-83.20804,42.40859],[-83.20624,42.40862],[-83.20623,42.40855],[-83.20624,42.40862],[-83.2055,42.40864],[-83.20408,42.40866],[-83.20408,42.40861],[-83.20408,42.40866],[-83.20143,42.4087],[-83.20143,42.40865],[-83.20143,42.4087],[-83.19857,42.40877],[-83.19857,42.40871],[-83.19857,42.40877],[-83.19255,42.40895],[-83.19254,42.40888],[-83.19255,42.40895],[-83.19234,42.40896],[-83.18873,42.40907],[-83.18873,42.40902],[-83.18873,42.40907],[-83.18124,42.40931],[-83.18124,42.40925],[-83.18124,42.40931],[-83.17928,42.40937],[-83.17916,42.40932],[-83.17917,42.40937],[-83.17589,42.40943],[-83.17589,42.40937],[-83.17589,42.40943],[-83.17408,42.40946],[-83.17371,42.40946],[-83.1737,42.40938],[-83.17371,42.40946],[-83.17186,42.40951],[-83.17154,42.40951],[-83.17152,42.40944],[-83.17154,42.40951],[-83.16931,42.40954],[-83.16934,42.40948],[-83.16931,42.40954],[-83.16733,42.40958],[-83.16733,42.40951],[-83.16733,42.40958],[-83.16445,42.40963],[-83.16445,42.40956],[-83.16445,42.40963],[-83.16178,42.40968],[-83.16178,42.40962],[-83.16178,42.40968],[-83.16,42.40971],[-83.15966,42.40971],[-83.15966,42.40965],[-83.15966,42.40971],[-83.15893,42.40973],[-83.15617,42.40975],[-83.15617,42.40968],[-83.15617,42.40975],[-83.15564,42.40976],[-83.15431,42.40977],[-83.15431,42.40969],[-83.15431,42.40977],[-83.15222,42.40978],[-83.15222,42.40972],[-83.15222,42.40978],[-83.1483,42.40982],[-83.1483,42.40975],[-83.1483,42.40982],[-83.14576,42.40986],[-83.14576,42.4098],[-83.14576,42.40986],[-83.14418,42.40987],[-83.14341,42.40987],[-83.14341,42.4098],[-83.14341,42.40987],[-83.14145,42.40984],[-83.14043,42.40991],[-83.14002,42.40991],[-83.14002,42.40983],[-83.14002,42.40991],[-83.13722,42.40996],[-83.13721,42.40991],[-83.13722,42.40996],[-83.13322,42.41004],[-83.13322,42.40997],[-83.13322,42.41004],[-83.13126,42.41007],[-83.13126,42.41001],[-83.13126,42.41007],[-83.1297,42.41011],[-83.12938,42.41011],[-83.12938,42.41004],[-83.12938,42.41011],[-83.12892,42.41013],[-83.12728,42.41011],[-83.12483,42.41022],[-83.12483,42.41016],[-83.12483,42.41022],[-83.12275,42.41027],[-83.1224,42.41027],[-83.1224,42.41017],[-83.1224,42.41027],[-83.12007,42.41033],[-83.12007,42.41025],[-83.12007,42.41033],[-83.11826,42.41037],[-83.11826,42.41029],[-83.11826,42.41037],[-83.11626,42.41041],[-83.11626,42.41034],[-83.11626,42.41041],[-83.11396,42.41047],[-83.11396,42.41039],[-83.11396,42.41047],[-83.11165,42.41052],[-83.11144,42.4102],[-83.11157,42.41015],[-83.11144,42.4102],[-83.11029,42.40851],[-83.11042,42.40846],[-83.11029,42.40851],[-83.10895,42.40653],[-83.10908,42.40648],[-83.10894,42.40653],[-83.1075,42.40439],[-83.10762,42.40435],[-83.1075,42.40439],[-83.10694,42.40355],[-83.10652,42.4037],[-83.10593,42.40376],[-83.10592,42.40371],[-83.10593,42.40376],[-83.10338,42.40465],[-83.10075,42.40569],[-83.10075,42.40563],[-83.10075,42.40569],[-83.09951,42.40644],[-83.09946,42.40639]],[[-83.09887,42.40692],[-83.09885,42.40682],[-83.09958,42.40658],[-83.10072,42.40587],[-83.10183,42.40546],[-83.10187,42.40551],[-83.10183,42.40546],[-83.10444,42.40447],[-83.10449,42.40454],[-83.10444,42.40447],[-83.10556,42.40404],[-83.10699,42.40362],[-83.10727,42.40407],[-83.10714,42.40412],[-83.10749,42.40437],[-83.10949,42.40731],[-83.10949,42.40759],[-83.10963,42.40754],[-83.11065,42.40903],[-83.11051,42.40908],[-83.11065,42.40903],[-83.11165,42.41052],[-83.11226,42.41051],[-83.11226,42.41063],[-83.11226,42.41051],[-83.11555,42.41042],[-83.11551,42.41049],[-83.11555,42.41042],[-83.1189,42.41035],[-83.1189,42.41041],[-83.1189,42.41035],[-83.12434,42.41023],[-83.12434,42.41029],[-83.12434,42.41023],[-83.12541,42.4102],[-83.12683,42.41017],[-83.12683,42.41024],[-83.12683,42.41017],[-83.13064,42.41015],[-83.13324,42.41005],[-83.13765,42.41002],[-83.13993,42.40997],[-83.13993,42.40991],[-83.14097,42.4099],[-83.14095,42.40999],[-83.14097,42.4099],[-83.14304,42.40988],[-83.14305,42.40994],[-83.14304,42.40988],[-83.14515,42.40986],[-83.14515,42.40995],[-83.14515,42.40986],[-83.14721,42.40984],[-83.14722,42.40993],[-83.14721,42.40984],[-83.1475,42.40983],[-83.14906,42.40982],[-83.14906,42.40987],[-83.14906,42.40982],[-83.15154,42.40979],[-83.15154,42.40985],[-83.15154,42.40979],[-83.15362,42.40977],[-83.15363,42.40984],[-83.15362,42.40977],[-83.15588,42.40975],[-83.15588,42.40983],[-83.15588,42.40975],[-83.15812,42.40973],[-83.15812,42.4098],[-83.15812,42.40973],[-83.16035,42.4097],[-83.16035,42.40977],[-83.16035,42.4097],[-83.16324,42.40965],[-83.1636,42.40965],[-83.1636,42.40973],[-83.1636,42.40965],[-83.16507,42.40961],[-83.16603,42.4096],[-83.16603,42.40967],[-83.16603,42.4096],[-83.16728,42.40958],[-83.16729,42.40965],[-83.16728,42.40958],[-83.16764,42.40957],[-83.17011,42.40953],[-83.17011,42.4096],[-83.17011,42.40953],[-83.17319,42.40947],[-83.17319,42.40955],[-83.17319,42.40947],[-83.1755,42.40943],[-83.1755,42.40949],[-83.1755,42.40943],[-83.17729,42.4094],[-83.17754,42.4094],[-83.17754,42.40947],[-83.17754,42.4094],[-83.17981,42.40935],[-83.17982,42.40944],[-83.17981,42.40935],[-83.18295,42.40925],[-83.18296,42.40933],[-83.18295,42.40925],[-83.18508,42.40919],[-83.18509,42.40925],[-83.18508,42.40919],[-83.18727,42.40912],[-83.18727,42.40919],[-83.18727,42.40912],[-83.18831,42.40908],[-83.19206,42.40897],[-83.19207,42.40904],[-83.19206,42.40897],[-83.19451,42.40889],[-83.19451,42.40897],[-83.19451,42.40889],[-83.19701,42.40882],[-83.19701,42.40889],[-83.19701,42.40882],[-83.19946,42.40874],[-83.19947,42.4088],[-83.19946,42.40874],[-83.19977,42.40873],[-83.20079,42.40871],[-83.20079,42.40877],[-83.20079,42.40871],[-83.20292,42.40867],[-83.20293,42.40873],[-83.20292,42.40867],[-83.20503,42.40864],[-83.20571,42.40864],[-83.20571,42.40871],[-83.20571,42.40864],[-83.20658,42.40861],[-83.20802,42.40859],[-83.20802,42.40866],[-83.20802,42.40859],[-83.2086,42.40854],[-83.21202,42.40852],[-83.21419,42.40843],[-83.21445,42.40843],[-83.21444,42.40849],[-83.21445,42.40843],[-83.21673,42.40837],[-83.21673,42.40845],[-83.21673,42.40837],[-83.21779,42.40835],[-83.21779,42.40843],[-83.21779,42.40835],[-83.21899,42.40833],[-83.21897,42.40812],[-83.21904,42.40812],[-83.21897,42.40812],[-83.21892,42.40635],[-83.21876,42.40456],[-83.21886,42.40456],[-83.21876,42.40456],[-83.21859,42.40199],[-83.2186,42.40171],[-83.21866,42.40172]]]}},{"type":"Feature","properties":{"agency":"ddot","agency_label":"DDOT","route":"40","name":"Russell","route_type":3},"geometry":{"type":"MultiLineString","coordinates":[[[-83.02496,42.44141],[-83.02544,42.44134],[-83.03466,42.44116],[-83.03502,42.44104],[-83.03678,42.44095],[-83.03824,42.44094],[-83.03968,42.44107],[-83.04148,42.441],[-83.04205,42.44105],[-83.04277,42.44097],[-83.04908,42.44084],[-83.04957,42.44089],[-83.05029,42.44082],[-83.05403,42.4408],[-83.0545,42.44074],[-83.06359,42.44056],[-83.06349,42.43789],[-83.06341,42.43754],[-83.06333,42.43553],[-83.06313,42.43297],[-83.06317,42.43264],[-83.06305,42.43156],[-83.0631,42.43119],[-83.06301,42.43086],[-83.06275,42.42624],[-83.06304,42.42597],[-83.06745,42.42586],[-83.06914,42.4259],[-83.07091,42.42583],[-83.07137,42.42589],[-83.07192,42.42582],[-83.078,42.42574],[-83.07846,42.42579],[-83.0805,42.4257],[-83.08257,42.42537],[-83.0826,42.42494],[-83.0825,42.42386],[-83.08256,42.42355],[-83.08247,42.42315],[-83.08245,42.4209],[-83.08236,42.42055],[-83.08227,42.41846],[-83.08232,42.41814],[-83.08223,42.41747],[-83.08229,42.41719],[-83.08215,42.41644],[-83.08115,42.41497],[-83.08104,42.41465],[-83.08074,42.41436],[-83.08041,42.41388],[-83.07796,42.41026],[-83.07785,42.40995],[-83.07735,42.40937],[-83.07634,42.40785],[-83.07619,42.40751],[-83.07557,42.40681],[-83.07482,42.40615],[-83.07439,42.40599],[-83.0736,42.40542],[-83.07216,42.40347],[-83.07273,42.40289],[-83.07286,42.40263],[-83.07253,42.40201],[-83.0722,42.40168],[-83.07048,42.39914],[-83.07039,42.39886],[-83.06957,42.39775],[-83.06905,42.39686],[-83.06886,42.396],[-83.06801,42.39536],[-83.06763,42.39494],[-83.067,42.39389],[-83.06591,42.39237],[-83.06573,42.39196],[-83.06517,42.39202],[-83.06407,42.39241],[-83.06365,42.39249],[-83.06265,42.39294],[-83.06157,42.39124],[-83.06107,42.391],[-83.06196,42.39044],[-83.06154,42.38968],[-83.06125,42.38939],[-83.0606,42.38844],[-83.06048,42.38811],[-83.06018,42.38782],[-83.0583,42.38507],[-83.0582,42.38473],[-83.05784,42.38439],[-83.05585,42.38148],[-83.05594,42.38121],[-83.0564,42.38071],[-83.06126,42.37891],[-83.06164,42.37883],[-83.06307,42.37824],[-83.06321,42.3779],[-83.06296,42.37763],[-83.06146,42.37538],[-83.06119,42.37474],[-83.0613,42.37434],[-83.06057,42.37427],[-83.05959,42.37454],[-83.05921,42.37443],[-83.05896,42.37415],[-83.057,42.37111],[-83.05509,42.36838],[-83.05502,42.36811],[-83.05472,42.36783],[-83.05376,42.36638],[-83.05363,42.36602],[-83.05333,42.36574],[-83.05263,42.36471],[-83.05256,42.36437],[-83.05228,42.36416],[-83.04939,42.35962],[-83.04834,42.35815],[-83.04843,42.35783],[-83.04883,42.35762],[-83.05215,42.35641],[-83.05202,42.35612],[-83.04862,42.35115],[-83.04751,42.35153],[-83.04777,42.3521],[-83.04877,42.35326],[-83.0492,42.3539],[-83.04789,42.35438],[-83.04734,42.35449],[-83.04697,42.35471],[-83.04624,42.35498],[-83.04472,42.35261],[-83.04465,42.35223],[-83.04431,42.35197],[-83.04337,42.35056],[-83.04281,42.34986],[-83.04263,42.34943],[-83.0423,42.34909],[-83.04196,42.34849],[-83.04154,42.34796],[-83.041,42.34716],[-83.04091,42.34685],[-83.04064,42.34662],[-83.0398,42.34537],[-83.03936,42.34447],[-83.03886,42.34382],[-83.03922,42.34297],[-83.03958,42.3425],[-83.03994,42.34225],[-83.04016,42.34174],[-83.0428,42.33832],[-83.04312,42.33809],[-83.04331,42.33765],[-83.04379,42.33702],[-83.04416,42.33674],[-83.04431,42.33634],[-83.04524,42.33514],[-83.04525,42.33484],[-83.04488,42.33423],[-83.04486,42.33401],[-83.04376,42.33254],[-83.04354,42.33193],[-83.04346,42.33139],[-83.0422,42.3299],[-83.04419,42.32911],[-83.04482,42.32876],[-83.04815,42.32738],[-83.04825,42.3277],[-83.04858,42.32796],[-83.04923,42.32877],[-83.05052,42.33057],[-83.05067,42.33096],[-83.05087,42.33121],[-83.05083,42.3317],[-83.05268,42.3317],[-83.05382,42.33358],[-83.0537,42.33362],[-83.05334,42.33409],[-83.05228,42.33368],[-83.05241,42.33326]],[[-83.05257,42.33236],[-83.05264,42.33324],[-83.05228,42.33368],[-83.05121,42.3337],[-83.05123,42.3314],[-83.05052,42.33057],[-83.05031,42.33016],[-83.04994,42.32981],[-83.04862,42.32801],[-83.04708,42.32867],[-83.04655,42.32877],[-83.04621,42.32903],[-83.04486,42.32963],[-83.04439,42.32964],[-83.04416,42.32993],[-83.04252,42.33063],[-83.04328,42.33174],[-83.04342,42.33208],[-83.0443,42.33331],[-83.04433,42.3336],[-83.04471,42.33383],[-83.04493,42.33423],[-83.04542,42.33469],[-83.04482,42.33546],[-83.04466,42.33552],[-83.04467,42.33585],[-83.04408,42.33664],[-83.04364,42.33688],[-83.0436,42.33724],[-83.0428,42.33832],[-83.04236,42.33854],[-83.04232,42.33894],[-83.04166,42.33982],[-83.04103,42.34062],[-83.04066,42.34078],[-83.04069,42.34106],[-83.03873,42.34361],[-83.03885,42.34396],[-83.03912,42.34421],[-83.04012,42.34584],[-83.04021,42.34618],[-83.04058,42.34652],[-83.04067,42.3469],[-83.041,42.34716],[-83.04147,42.34786],[-83.04147,42.34815],[-83.04194,42.34855],[-83.04237,42.3492],[-83.04243,42.34951],[-83.04275,42.34978],[-83.04337,42.35056],[-83.04417,42.35177],[-83.04422,42.35207],[-83.04454,42.35234],[-83.04479,42.35273],[-83.04509,42.35256],[-83.04511,42.35264],[-83.04515,42.35252],[-83.04603,42.35207],[-83.04621,42.35244],[-83.04648,42.35274],[-83.04755,42.35435],[-83.04795,42.35439],[-83.0492,42.3539],[-83.04928,42.35421],[-83.04966,42.3546],[-83.05102,42.35682],[-83.05051,42.35688],[-83.05021,42.35711],[-83.04812,42.35784],[-83.0482,42.35807],[-83.04848,42.35836],[-83.04907,42.35923],[-83.04921,42.3596],[-83.04963,42.36004],[-83.05074,42.36171],[-83.051,42.36221],[-83.05102,42.36249],[-83.05135,42.36275],[-83.05184,42.36348],[-83.05245,42.36445],[-83.05253,42.3648],[-83.05296,42.36519],[-83.05353,42.36604],[-83.05363,42.36641],[-83.05395,42.36668],[-83.05492,42.36813],[-83.05499,42.36849],[-83.05531,42.3687],[-83.05589,42.36954],[-83.05651,42.37046],[-83.05667,42.37084],[-83.05695,42.37113],[-83.05895,42.37414],[-83.05904,42.37443],[-83.05933,42.37472],[-83.05957,42.37513],[-83.0601,42.3754],[-83.06097,42.37669],[-83.06106,42.37707],[-83.0614,42.37733],[-83.06222,42.37854],[-83.06164,42.37865],[-83.06133,42.37888],[-83.06004,42.37936],[-83.05961,42.37942],[-83.05924,42.37966],[-83.05642,42.38069],[-83.05594,42.38121],[-83.05585,42.38148],[-83.05812,42.38481],[-83.05822,42.38509],[-83.05851,42.38537],[-83.06048,42.38826],[-83.06058,42.38859],[-83.06089,42.38887],[-83.06196,42.39044],[-83.06107,42.391],[-83.0614,42.39117],[-83.06155,42.39147],[-83.06185,42.39174],[-83.06263,42.39292],[-83.06351,42.39268],[-83.06391,42.39247],[-83.06548,42.39192],[-83.06601,42.39252],[-83.06677,42.39365],[-83.06691,42.39402],[-83.0672,42.39431],[-83.06775,42.39508],[-83.06756,42.39564],[-83.06772,42.39594],[-83.06784,42.39663],[-83.06818,42.39769],[-83.06849,42.39796],[-83.06896,42.39871],[-83.06905,42.399],[-83.06934,42.39929],[-83.07032,42.40074],[-83.07043,42.4011],[-83.07072,42.40134],[-83.07223,42.40368],[-83.07274,42.40429],[-83.07296,42.40461],[-83.07306,42.40495],[-83.07448,42.40614],[-83.07508,42.40644],[-83.07577,42.40703],[-83.07625,42.40785],[-83.07682,42.40858],[-83.07695,42.40899],[-83.07725,42.40921],[-83.07762,42.40973],[-83.07981,42.41299],[-83.0799,42.41328],[-83.08016,42.4135],[-83.08101,42.41488],[-83.08126,42.41513],[-83.08215,42.41644],[-83.08219,42.41655],[-83.08206,42.41692],[-83.08221,42.41727],[-83.08227,42.41831],[-83.08214,42.41871],[-83.0823,42.41905],[-83.08237,42.4208],[-83.08231,42.42113],[-83.0824,42.42148],[-83.08247,42.4231],[-83.08238,42.42354],[-83.0825,42.42382],[-83.08257,42.42537],[-83.08205,42.42533],[-83.08153,42.42551],[-83.08082,42.42561],[-83.08028,42.4256],[-83.07958,42.42573],[-83.07873,42.42574],[-83.07823,42.42564],[-83.07777,42.42574],[-83.07673,42.42576],[-83.07615,42.42568],[-83.07576,42.42577],[-83.0745,42.42579],[-83.07407,42.4257],[-83.07349,42.4258],[-83.07219,42.42582],[-83.07183,42.42572],[-83.07143,42.42583],[-83.0701,42.42585],[-83.06973,42.42576],[-83.06935,42.42585],[-83.06864,42.42586],[-83.06814,42.42575],[-83.06777,42.42586],[-83.06672,42.42587],[-83.06624,42.42578],[-83.06577,42.42588],[-83.06474,42.4259],[-83.06437,42.42582],[-83.0639,42.42591],[-83.06276,42.42593],[-83.06264,42.42622],[-83.06276,42.42657],[-83.06282,42.42759],[-83.06273,42.42793],[-83.06285,42.42828],[-83.06293,42.42953],[-83.06284,42.42985],[-83.06297,42.43019],[-83.06301,42.43091],[-83.0629,42.43122],[-83.06306,42.43174],[-83.0631,42.43246],[-83.06301,42.43289],[-83.06314,42.43315],[-83.06328,42.43549],[-83.0632,42.43586],[-83.06332,42.4362],[-83.06342,42.43782],[-83.06334,42.43825],[-83.06347,42.43859],[-83.06358,42.44035],[-83.06298,42.44026],[-83.06253,42.44037],[-83.06156,42.44039],[-83.06108,42.44033],[-83.0605,42.44042],[-83.05929,42.44044],[-83.05891,42.44037],[-83.05844,42.44046],[-83.05746,42.44048],[-83.0569,42.44038],[-83.05646,42.4405],[-83.05427,42.44053],[-83.05384,42.44045],[-83.05342,42.44055],[-83.05191,42.44058],[-83.05153,42.4405],[-83.05106,42.4406],[-83.0505,42.44061],[-83.05014,42.44053],[-83.04967,42.44062],[-83.04869,42.44065],[-83.04811,42.44058],[-83.04763,42.44067],[-83.04657,42.44069],[-83.04602,42.4406],[-83.0452,42.44072],[-83.04372,42.44075],[-83.04325,42.44067],[-83.04254,42.44077],[-83.04175,42.44079],[-83.04133,42.44072],[-83.04089,42.44081],[-83.03886,42.44079],[-83.03842,42.44095],[-83.03504,42.44104],[-83.03397,42.44085],[-83.03327,42.44097],[-83.03238,42.44099],[-83.03184,42.4409],[-83.03113,42.44102],[-83.02982,42.44097],[-83.02935,42.44105],[-83.02672,42.44111],[-83.02625,42.44104],[-83.02584,42.44112],[-83.02427,42.44117],[-83.02386,42.44109],[-83.02307,42.44123],[-83.0208,42.44134],[-83.02042,42.44123],[-83.01987,42.44136],[-83.01909,42.44134],[-83.01851,42.44119],[-83.01793,42.44089],[-83.01771,42.44057],[-83.01739,42.44032],[-83.0151,42.4374],[-83.01502,42.43712],[-83.01477,42.43688],[-83.01456,42.4362],[-83.01465,42.43558],[-83.01462,42.43418],[-83.01478,42.43384],[-83.0146,42.43344],[-83.01432,42.43333],[-83.01438,42.43456],[-83.01421,42.43486],[-83.01441,42.43518],[-83.01469,42.43704],[-83.01507,42.43736],[-83.01736,42.44028],[-83.0175,42.4407],[-83.01848,42.44118],[-83.01923,42.44135],[-83.02052,42.44142],[-83.021,42.44136],[-83.02496,42.44141]]]}},{"type":"Feature","properties":{"agency":"ddot","agency_label":"DDOT","route":"4","name":"Woodward","route_type":3},"geometry":{"type":"MultiLineString","coordinates":[[[-83.05279,42.3329],[-83.05264,42.33324],[-83.05228,42.33368],[-83.05121,42.3337],[-83.05116,42.33141],[-83.05123,42.3314],[-83.05116,42.33141],[-83.05088,42.33091],[-83.05069,42.33081],[-83.05022,42.3302],[-83.05031,42.33016],[-83.05022,42.3302],[-83.04982,42.32969],[-83.04923,42.32877],[-83.04862,42.32801],[-83.04507,42.32954],[-83.0452,42.32983],[-83.04551,42.33011],[-83.04627,42.33113],[-83.04622,42.33138],[-83.04626,42.33204],[-83.04633,42.33211],[-83.04726,42.33217],[-83.04755,42.33255],[-83.04762,42.33286],[-83.04798,42.33311],[-83.05006,42.33574],[-83.05052,42.33643],[-83.05047,42.33672],[-83.05084,42.33689],[-83.05175,42.33827],[-83.05177,42.33858],[-83.05212,42.33883],[-83.05324,42.34045],[-83.05319,42.34073],[-83.05354,42.3409],[-83.05396,42.34151],[-83.05479,42.34277],[-83.0548,42.3431],[-83.05517,42.34333],[-83.05639,42.34516],[-83.05648,42.34547],[-83.05684,42.34582],[-83.0579,42.34741],[-83.05798,42.34775],[-83.0583,42.34802],[-83.06004,42.3506],[-83.06,42.3509],[-83.06049,42.35128],[-83.06139,42.35261],[-83.06147,42.353],[-83.06185,42.35322],[-83.06224,42.35368],[-83.06302,42.35477],[-83.06305,42.35515],[-83.06342,42.35539],[-83.06379,42.35592],[-83.0644,42.35698],[-83.0644,42.35737],[-83.06475,42.35755],[-83.066,42.35937],[-83.06596,42.35967],[-83.06631,42.35982],[-83.06782,42.36215],[-83.0678,42.36244],[-83.06816,42.36268],[-83.06934,42.36432],[-83.06936,42.36462],[-83.06972,42.36484],[-83.0708,42.36639],[-83.07084,42.3668],[-83.07131,42.3672],[-83.07212,42.36844],[-83.07211,42.36874],[-83.07247,42.36898],[-83.07351,42.37053],[-83.07349,42.37086],[-83.07387,42.37109],[-83.07475,42.37243],[-83.07482,42.37279],[-83.07528,42.37321],[-83.0758,42.37399],[-83.07594,42.37436],[-83.07624,42.37464],[-83.07696,42.37571],[-83.07696,42.37598],[-83.0773,42.37622],[-83.07796,42.3772],[-83.07798,42.37749],[-83.07844,42.37791],[-83.07894,42.37865],[-83.07908,42.37902],[-83.07937,42.3793],[-83.08055,42.38104],[-83.08062,42.38135],[-83.08093,42.38162],[-83.08145,42.38237],[-83.08146,42.38269],[-83.08187,42.383],[-83.0828,42.38438],[-83.08291,42.38481],[-83.08325,42.38507],[-83.08415,42.38639],[-83.08417,42.38668],[-83.08451,42.38694],[-83.08506,42.38774],[-83.08508,42.38802],[-83.08542,42.38829],[-83.08607,42.38925],[-83.08618,42.38966],[-83.08652,42.38992],[-83.08679,42.39032],[-83.08681,42.39061],[-83.08715,42.39086],[-83.08732,42.3911],[-83.08786,42.39191],[-83.08792,42.39224],[-83.08826,42.3925],[-83.08898,42.39355],[-83.089,42.39386],[-83.08934,42.39411],[-83.09019,42.39535],[-83.09025,42.39571],[-83.09064,42.39602],[-83.09114,42.39677],[-83.0912,42.3971],[-83.09153,42.39736],[-83.09328,42.39994],[-83.09337,42.4003],[-83.09364,42.40048],[-83.0944,42.40161],[-83.09446,42.40196],[-83.0948,42.40221],[-83.09558,42.40333],[-83.09606,42.40405],[-83.09622,42.40447],[-83.09652,42.40475],[-83.097,42.40547],[-83.09703,42.40578],[-83.09738,42.40603],[-83.09813,42.40708],[-83.09816,42.40746],[-83.09865,42.40785],[-83.09991,42.40973],[-83.09993,42.41009],[-83.10042,42.41048],[-83.1017,42.41241],[-83.1017,42.41271],[-83.10201,42.4129],[-83.10325,42.41474],[-83.10332,42.41503],[-83.10366,42.41536],[-83.10484,42.41708],[-83.10482,42.41736],[-83.10531,42.41776],[-83.10536,42.4182],[-83.1057,42.41844],[-83.10681,42.42008],[-83.10694,42.42048],[-83.10726,42.4207],[-83.10792,42.42169],[-83.10806,42.42203],[-83.10859,42.42263],[-83.10924,42.4236],[-83.10924,42.42389],[-83.10971,42.42429],[-83.11036,42.4253],[-83.11041,42.42559],[-83.11073,42.42586],[-83.11118,42.4265],[-83.1113,42.42692],[-83.11163,42.42718],[-83.1119,42.42757],[-83.11195,42.42788],[-83.11227,42.42812],[-83.11378,42.43034],[-83.11385,42.43069],[-83.11419,42.43093],[-83.11447,42.43133],[-83.115,42.43216],[-83.11504,42.43248],[-83.11539,42.43274],[-83.11572,42.43319],[-83.11608,42.43372],[-83.11611,42.43404],[-83.11646,42.43426],[-83.11733,42.43559],[-83.11743,42.43596],[-83.11777,42.43622],[-83.11842,42.43717],[-83.11851,42.43759],[-83.11899,42.43799],[-83.11984,42.43926],[-83.11996,42.43968],[-83.12029,42.43994],[-83.12129,42.4414],[-83.12096,42.44152],[-83.11611,42.44164],[-83.11601,42.44182],[-83.11604,42.44362],[-83.11683,42.44365],[-83.11681,42.44481]],[[-83.11681,42.44481],[-83.11688,42.44511],[-83.1173,42.44507],[-83.11729,42.44378],[-83.11703,42.44364],[-83.11604,42.44365],[-83.11601,42.44185],[-83.11607,42.44167],[-83.11647,42.4416],[-83.12096,42.44152],[-83.12144,42.44131],[-83.12154,42.44114],[-83.12056,42.43972],[-83.12044,42.43934],[-83.1201,42.43901],[-83.11919,42.43767],[-83.11911,42.43733],[-83.11867,42.4369],[-83.11734,42.43496],[-83.11731,42.43469],[-83.11699,42.43442],[-83.11544,42.43214],[-83.11528,42.43172],[-83.115,42.43151],[-83.11463,42.43097],[-83.11451,42.43055],[-83.11419,42.43031],[-83.11318,42.42881],[-83.1131,42.42851],[-83.11279,42.42824],[-83.11223,42.42744],[-83.11219,42.42716],[-83.11187,42.42689],[-83.11061,42.42506],[-83.11056,42.42479],[-83.11026,42.42451],[-83.10955,42.42349],[-83.10952,42.42321],[-83.1092,42.42293],[-83.10856,42.42198],[-83.10844,42.4216],[-83.108,42.42117],[-83.10702,42.41973],[-83.1069,42.4194],[-83.10653,42.41916],[-83.10614,42.41877],[-83.10532,42.41777],[-83.10511,42.41732],[-83.10481,42.41703],[-83.10419,42.41614],[-83.10366,42.41536],[-83.1036,42.41501],[-83.10321,42.41469],[-83.10265,42.41385],[-83.10252,42.41343],[-83.10221,42.41319],[-83.10154,42.41216],[-83.10144,42.41187],[-83.10116,42.41158],[-83.09991,42.40973],[-83.09994,42.40946],[-83.09958,42.40921],[-83.09813,42.40708],[-83.09807,42.40678],[-83.09772,42.40653],[-83.09755,42.40628],[-83.09713,42.40552],[-83.0969,42.40531],[-83.09543,42.4031],[-83.09532,42.4027],[-83.09494,42.40239],[-83.09472,42.40207],[-83.09459,42.40165],[-83.09429,42.40145],[-83.09363,42.40046],[-83.09355,42.40011],[-83.09317,42.39978],[-83.09253,42.39883],[-83.09246,42.39849],[-83.09212,42.39822],[-83.09122,42.3969],[-83.09121,42.39662],[-83.09081,42.39628],[-83.09009,42.39522],[-83.09004,42.3949],[-83.0896,42.39447],[-83.08886,42.39328],[-83.08831,42.39258],[-83.08823,42.39223],[-83.08779,42.3918],[-83.08669,42.39016],[-83.08661,42.38984],[-83.08629,42.38956],[-83.08496,42.38761],[-83.08487,42.38724],[-83.08443,42.38681],[-83.08415,42.38639],[-83.08405,42.38603],[-83.08362,42.3856],[-83.08296,42.38463],[-83.08282,42.38424],[-83.08252,42.38396],[-83.08169,42.38263],[-83.08051,42.38098],[-83.08037,42.38059],[-83.08011,42.38039],[-83.0794,42.37924],[-83.07797,42.37721],[-83.07793,42.37687],[-83.07747,42.37646],[-83.07633,42.37477],[-83.07626,42.37442],[-83.07592,42.37416],[-83.07484,42.37255],[-83.07473,42.37223],[-83.07421,42.37162],[-83.0733,42.37022],[-83.07322,42.36982],[-83.07276,42.3694],[-83.07259,42.36914],[-83.0725,42.36872],[-83.07215,42.36847],[-83.07099,42.36668],[-83.07099,42.36634],[-83.07063,42.3661],[-83.06962,42.3647],[-83.0695,42.36443],[-83.06923,42.36417],[-83.06839,42.363],[-83.06776,42.36205],[-83.06776,42.36176],[-83.06742,42.3615],[-83.06631,42.35982],[-83.06632,42.35949],[-83.06594,42.35926],[-83.06503,42.35797],[-83.06491,42.35761],[-83.06464,42.35739],[-83.06415,42.35653],[-83.06412,42.35613],[-83.06379,42.35592],[-83.06302,42.35477],[-83.06297,42.3544],[-83.06261,42.35416],[-83.06228,42.35373],[-83.06208,42.35332],[-83.06175,42.35306],[-83.06139,42.35261],[-83.06045,42.35121],[-83.06033,42.35084],[-83.06004,42.3506],[-83.05868,42.34857],[-83.05861,42.34825],[-83.05828,42.34798],[-83.05757,42.34692],[-83.05751,42.34655],[-83.05718,42.34634],[-83.05554,42.34389],[-83.05557,42.34361],[-83.05509,42.34321],[-83.05273,42.33971],[-83.05266,42.33939],[-83.05234,42.33912],[-83.05117,42.33742],[-83.05074,42.33661],[-83.05044,42.33632],[-83.04945,42.33498],[-83.05008,42.3347],[-83.05122,42.33469],[-83.05205,42.33472],[-83.05267,42.33498],[-83.05369,42.33364],[-83.05382,42.33358],[-83.05321,42.33253],[-83.05279,42.3329]]]}},{"type":"Feature","properties":{"agency":"ddot","agency_label":"DDOT","route":"41","name":"Schaefer","route_type":3},"geometry":{"type":"MultiLineString","coordinates":[[[-83.18108,42.44464],[-83.18099,42.44429],[-83.18091,42.44052],[-83.18081,42.43908],[-83.18088,42.43873],[-83.18078,42.43838],[-83.18068,42.43435],[-83.18058,42.4329],[-83.18053,42.4311],[-83.18059,42.43073],[-83.18049,42.43032],[-83.18042,42.42914],[-83.18035,42.4277],[-83.1804,42.42738],[-83.18032,42.42703],[-83.18021,42.42472],[-83.18027,42.42442],[-83.18018,42.42406],[-83.18012,42.42175],[-83.18,42.42016],[-83.18004,42.41976],[-83.17996,42.41933],[-83.17983,42.41662],[-83.17991,42.41633],[-83.1798,42.416],[-83.17974,42.41462],[-83.17979,42.41423],[-83.1797,42.41381],[-83.17965,42.41158],[-83.17949,42.40939],[-83.17954,42.40895],[-83.17945,42.4086],[-83.17933,42.40594],[-83.17937,42.4055],[-83.17928,42.40551],[-83.17923,42.40456],[-83.1792,42.40374],[-83.17929,42.40373],[-83.1792,42.40374],[-83.17911,42.40209],[-83.1791,42.40184],[-83.17919,42.40184],[-83.17882,42.39485],[-83.17888,42.39449],[-83.17878,42.39377],[-83.17855,42.38804],[-83.17861,42.38777],[-83.17853,42.38741],[-83.17843,42.38446],[-83.17849,42.3841],[-83.1784,42.38366],[-83.17841,42.38214],[-83.17834,42.38178],[-83.17832,42.37974],[-83.17825,42.37939],[-83.17821,42.37687],[-83.17802,42.37319],[-83.17807,42.37265],[-83.17799,42.3723],[-83.17795,42.37124],[-83.178,42.37085],[-83.17792,42.37049],[-83.17786,42.36788],[-83.17779,42.36715],[-83.17773,42.36568],[-83.17783,42.36536],[-83.1777,42.36515],[-83.17766,42.36366],[-83.17772,42.36338],[-83.17762,42.36321],[-83.17756,42.35828],[-83.17744,42.35675],[-83.1775,42.35647],[-83.17742,42.35618],[-83.17731,42.35376],[-83.17736,42.35348],[-83.17721,42.35132],[-83.17726,42.35101],[-83.17713,42.34949],[-83.17719,42.34908],[-83.1771,42.34873],[-83.17706,42.34783],[-83.17698,42.34584],[-83.17706,42.34552],[-83.17695,42.34517],[-83.17689,42.34383],[-83.17695,42.34345],[-83.17685,42.3431],[-83.17673,42.34062],[-83.1768,42.34023],[-83.1767,42.33988],[-83.17664,42.33862],[-83.1767,42.33833],[-83.17661,42.33798],[-83.17655,42.33677],[-83.17648,42.33515],[-83.17663,42.33486],[-83.17646,42.33452],[-83.17641,42.33342],[-83.17634,42.3317],[-83.17642,42.33141],[-83.17632,42.33114],[-83.17624,42.32925],[-83.17631,42.32887],[-83.17621,42.32851],[-83.17613,42.32626],[-83.17619,42.32584],[-83.17611,42.32548],[-83.17597,42.32219],[-83.17605,42.32187],[-83.17595,42.32152],[-83.17584,42.31886],[-83.17593,42.31857],[-83.17582,42.31822],[-83.17584,42.31653],[-83.17569,42.31543],[-83.17557,42.3127],[-83.17567,42.31217],[-83.17552,42.31131],[-83.17532,42.30798],[-83.17531,42.30619],[-83.17524,42.30529],[-83.17513,42.30498],[-83.17511,42.30413],[-83.17553,42.30332],[-83.17584,42.30233],[-83.17588,42.30192],[-83.17575,42.3012],[-83.17508,42.30009],[-83.17371,42.29825],[-83.17198,42.2972],[-83.17159,42.29682],[-83.168,42.29182],[-83.16778,42.29142],[-83.16688,42.28911],[-83.16419,42.28671],[-83.16336,42.28524],[-83.16325,42.28484],[-83.16297,42.28448],[-83.16247,42.28336],[-83.16238,42.28295],[-83.16185,42.28226],[-83.15969,42.28008],[-83.15562,42.27642],[-83.15489,42.27592],[-83.15286,42.27528],[-83.15261,42.2753],[-83.15032,42.27484],[-83.15009,42.2749],[-83.14912,42.27489],[-83.14804,42.27506],[-83.14785,42.27517],[-83.14535,42.27577],[-83.14471,42.27584],[-83.14396,42.27579],[-83.13675,42.27396],[-83.1365,42.27384],[-83.13432,42.27333],[-83.13407,42.27386],[-83.13372,42.27426],[-83.13358,42.27431],[-83.13362,42.27449],[-83.13257,42.27593],[-83.13224,42.27617],[-83.13211,42.27653],[-83.13058,42.27842],[-83.1303,42.27859],[-83.13028,42.27877],[-83.13008,42.27907],[-83.12869,42.28088],[-83.12827,42.28133],[-83.12762,42.28177],[-83.12712,42.28172],[-83.12706,42.28181],[-83.12723,42.28202]],[[-83.12723,42.28202],[-83.12762,42.28189],[-83.12837,42.28133],[-83.13054,42.27862],[-83.13085,42.27842],[-83.1311,42.27791],[-83.13153,42.27738],[-83.13187,42.27716],[-83.13204,42.27675],[-83.13261,42.27604],[-83.13289,42.27587],[-83.133,42.27552],[-83.13336,42.27499],[-83.13379,42.27458],[-83.13384,42.27431],[-83.13415,42.27387],[-83.13432,42.27342],[-83.14188,42.27534],[-83.14225,42.27552],[-83.14273,42.27556],[-83.14403,42.27593],[-83.14505,42.27588],[-83.14628,42.27568],[-83.14827,42.27514],[-83.14955,42.27493],[-83.15108,42.27505],[-83.15174,42.27517],[-83.15208,42.27533],[-83.1528,42.27541],[-83.15426,42.27582],[-83.15468,42.27605],[-83.15514,42.27617],[-83.15541,42.27636],[-83.1557,42.27683],[-83.1561,42.27697],[-83.15871,42.27926],[-83.15975,42.28019],[-83.16182,42.28226],[-83.16232,42.28303],[-83.16255,42.28353],[-83.16257,42.28392],[-83.16285,42.28421],[-83.16336,42.28524],[-83.16338,42.28556],[-83.16369,42.28584],[-83.16419,42.28671],[-83.16679,42.28905],[-83.16708,42.28955],[-83.16788,42.2917],[-83.1711,42.29622],[-83.17168,42.297],[-83.1723,42.29758],[-83.17388,42.29871],[-83.17536,42.30075],[-83.1756,42.30129],[-83.1757,42.30185],[-83.17564,42.30242],[-83.17532,42.30333],[-83.17536,42.30346],[-83.17503,42.30381],[-83.17522,42.30414],[-83.17524,42.30604],[-83.17554,42.3118],[-83.17531,42.31219],[-83.17557,42.31254],[-83.17574,42.31652],[-83.17561,42.31684],[-83.17578,42.3171],[-83.17584,42.31868],[-83.17571,42.31904],[-83.17586,42.31938],[-83.17598,42.32237],[-83.17584,42.32267],[-83.176,42.32301],[-83.17611,42.3255],[-83.17596,42.32576],[-83.17612,42.3261],[-83.17625,42.32954],[-83.17611,42.32992],[-83.17629,42.33044],[-83.17636,42.33204],[-83.17621,42.33229],[-83.17637,42.33263],[-83.17647,42.33483],[-83.1763,42.33515],[-83.1765,42.33566],[-83.17663,42.33854],[-83.1765,42.33898],[-83.17668,42.33949],[-83.17673,42.34057],[-83.1766,42.34097],[-83.17676,42.34131],[-83.17681,42.34221],[-83.17667,42.34257],[-83.17685,42.34308],[-83.1769,42.34401],[-83.17675,42.34429],[-83.17693,42.34481],[-83.17697,42.34571],[-83.17686,42.34605],[-83.177,42.34639],[-83.17705,42.34745],[-83.17693,42.34786],[-83.17707,42.34821],[-83.17712,42.34928],[-83.177,42.34963],[-83.17714,42.34997],[-83.17719,42.35105],[-83.17706,42.35144],[-83.17723,42.35196],[-83.1773,42.35358],[-83.17719,42.35391],[-83.17733,42.35426],[-83.17741,42.35605],[-83.17729,42.35638],[-83.17745,42.3569],[-83.17752,42.3587],[-83.17741,42.35912],[-83.17754,42.35947],[-83.17767,42.36342],[-83.17755,42.36373],[-83.17768,42.36408],[-83.17774,42.36559],[-83.17763,42.36598],[-83.17777,42.36639],[-83.17783,42.36819],[-83.17772,42.3685],[-83.17785,42.36885],[-83.17792,42.37056],[-83.17781,42.3709],[-83.17794,42.37124],[-83.17801,42.37301],[-83.17789,42.37327],[-83.17804,42.3738],[-83.1781,42.37524],[-83.17798,42.3756],[-83.17812,42.37594],[-83.17817,42.37725],[-83.17805,42.37762],[-83.1782,42.37804],[-83.17824,42.37914],[-83.17813,42.37954],[-83.17826,42.37988],[-83.17843,42.38464],[-83.17831,42.3849],[-83.17845,42.38524],[-83.17855,42.38803],[-83.17844,42.38835],[-83.17857,42.3887],[-83.17863,42.39006],[-83.17848,42.39045],[-83.17867,42.39097],[-83.17882,42.39485],[-83.1787,42.39515],[-83.17886,42.39567],[-83.17892,42.39711],[-83.17881,42.39746],[-83.17895,42.3978],[-83.17905,42.39978],[-83.17893,42.4001],[-83.17907,42.40044],[-83.17915,42.40206],[-83.17902,42.40236],[-83.17918,42.40267],[-83.17922,42.40375],[-83.17911,42.4041],[-83.17926,42.40463],[-83.17932,42.4057],[-83.1792,42.406],[-83.17934,42.40634],[-83.17939,42.40742],[-83.17928,42.4077],[-83.17942,42.40805],[-83.17949,42.40936],[-83.17936,42.40962],[-83.17951,42.40997],[-83.17963,42.41237],[-83.1795,42.41262],[-83.17966,42.41303],[-83.1797,42.41375],[-83.17958,42.4141],[-83.17972,42.41444],[-83.17983,42.41662],[-83.17967,42.41687],[-83.17986,42.41739],[-83.17999,42.42013],[-83.17989,42.42052],[-83.18003,42.42087],[-83.18008,42.42195],[-83.17998,42.42227],[-83.18011,42.42261],[-83.18017,42.42386],[-83.18006,42.42418],[-83.1802,42.42453],[-83.18023,42.42507],[-83.18012,42.42549],[-83.18026,42.42583],[-83.18034,42.42745],[-83.18023,42.42773],[-83.18037,42.42808],[-83.18053,42.4311],[-83.18039,42.4314],[-83.18055,42.43192],[-83.18065,42.43477],[-83.18054,42.43503],[-83.18067,42.43538],[-83.18078,42.43825],[-83.18062,42.43867],[-83.1808,42.439],[-83.18085,42.44026],[-83.18086,42.44044],[-83.18071,42.44071],[-83.18088,42.44103],[-83.18095,42.44288],[-83.18099,42.44419],[-83.18086,42.44446]]]}},{"type":"Feature","properties":{"agency":"ddot","agency_label":"DDOT","route":"42","name":"Mid-City Loop","route_type":3},"geometry":{"type":"MultiLineString","coordinates":[[[-83.09946,42.40639],[-83.09922,42.40662],[-83.09896,42.40673],[-83.09512,42.40821],[-83.09458,42.40739],[-83.09411,42.40745],[-83.09354,42.40778],[-83.09202,42.40835],[-83.09163,42.40837],[-83.09134,42.4086],[-83.08856,42.40965],[-83.08807,42.40891],[-83.08795,42.4086],[-83.08769,42.4084],[-83.08737,42.40724],[-83.08649,42.40583],[-83.08601,42.40541],[-83.08521,42.40426],[-83.08505,42.40389],[-83.0848,42.40362],[-83.08376,42.40207],[-83.08364,42.40171],[-83.08336,42.40146],[-83.08253,42.40024],[-83.08198,42.39944],[-83.08187,42.39914],[-83.08156,42.39881],[-83.08063,42.39728],[-83.07952,42.3957],[-83.07937,42.39536],[-83.07909,42.39506],[-83.07784,42.3932],[-83.07743,42.39305],[-83.0773,42.3929],[-83.07671,42.392],[-83.07663,42.3917],[-83.07628,42.39136],[-83.07549,42.39022],[-83.07501,42.38932],[-83.07473,42.38903],[-83.07399,42.38794],[-83.07381,42.38752],[-83.07353,42.38723],[-83.07277,42.38611],[-83.07267,42.38583],[-83.07242,42.38557],[-83.07172,42.38453],[-83.07165,42.38426],[-83.07124,42.38382],[-83.07072,42.38304],[-83.07063,42.38277],[-83.07039,42.38255],[-83.06902,42.38054],[-83.06894,42.38027],[-83.06865,42.37998],[-83.068,42.37901],[-83.06791,42.37873],[-83.06763,42.37847],[-83.06721,42.37784],[-83.0671,42.37755],[-83.06684,42.3773],[-83.06582,42.37579],[-83.06574,42.37551],[-83.06544,42.37524],[-83.06479,42.37426],[-83.06465,42.3739],[-83.06441,42.3737],[-83.06755,42.37252],[-83.06724,42.37195],[-83.06696,42.37165],[-83.06659,42.37097],[-83.06631,42.37067],[-83.06493,42.36859],[-83.06477,42.36824],[-83.06351,42.36649],[-83.0649,42.36599],[-83.06707,42.36507],[-83.06654,42.36429],[-83.0631,42.36591],[-83.06307,42.36568],[-83.06282,42.36541],[-83.06209,42.36422],[-83.06078,42.36234],[-83.05991,42.36266],[-83.05941,42.36274],[-83.05912,42.36295],[-83.05778,42.36088],[-83.05765,42.36034],[-83.05714,42.3595],[-83.05656,42.35872],[-83.05643,42.35841],[-83.05453,42.35565],[-83.05321,42.35355],[-83.05319,42.35308],[-83.05374,42.3521],[-83.05379,42.35149],[-83.05348,42.35085],[-83.05292,42.35007],[-83.05243,42.34974],[-83.05305,42.34964],[-83.0565,42.34826]],[[-83.0585,42.34731],[-83.06042,42.34583],[-83.06113,42.3456],[-83.06143,42.3454],[-83.06299,42.34491],[-83.06298,42.3452],[-83.06335,42.34554],[-83.06444,42.34744],[-83.06445,42.34777],[-83.06481,42.34809],[-83.06644,42.35095],[-83.06648,42.35134],[-83.06688,42.35172],[-83.06759,42.35297],[-83.06762,42.3533],[-83.06793,42.35357],[-83.06889,42.35521],[-83.06926,42.35535],[-83.07072,42.35484],[-83.07118,42.35493],[-83.07148,42.35522],[-83.07175,42.35567],[-83.07295,42.35779],[-83.073,42.35814],[-83.07339,42.35855],[-83.07356,42.35904],[-83.07351,42.35937],[-83.07327,42.35977],[-83.07255,42.36032],[-83.07234,42.36057],[-83.07214,42.361],[-83.07238,42.36131],[-83.07274,42.36204],[-83.07277,42.36245],[-83.07332,42.36344],[-83.07341,42.36383],[-83.0737,42.36412],[-83.07441,42.36534],[-83.07449,42.36565],[-83.0751,42.36634],[-83.07595,42.36763],[-83.07605,42.36803],[-83.07634,42.36821],[-83.07693,42.36906],[-83.08903,42.36456],[-83.08982,42.36421],[-83.09023,42.36391],[-83.09105,42.36364],[-83.09133,42.36458],[-83.09155,42.36502],[-83.09548,42.37105],[-83.09698,42.37321],[-83.09717,42.37359],[-83.09883,42.37596],[-83.09948,42.37668],[-83.09992,42.37699],[-83.10064,42.37803],[-83.10078,42.3784],[-83.10111,42.37874],[-83.10188,42.37986],[-83.10203,42.38024],[-83.10233,42.38053],[-83.10345,42.38212],[-83.10387,42.38277],[-83.10399,42.38315],[-83.10426,42.38336],[-83.10509,42.38456],[-83.10517,42.38484],[-83.10545,42.38508],[-83.10633,42.38635],[-83.10349,42.38738],[-83.1031,42.38741],[-83.10273,42.38765],[-83.10073,42.38838],[-83.10022,42.38842],[-83.09988,42.38868],[-83.09753,42.38954],[-83.09775,42.38986],[-83.09776,42.39015],[-83.0981,42.39038],[-83.09908,42.39183],[-83.09907,42.39211],[-83.09948,42.39242],[-83.1002,42.39348],[-83.1002,42.39377],[-83.1006,42.39409],[-83.10208,42.39631],[-83.10207,42.39658],[-83.10237,42.39675],[-83.10351,42.39845],[-83.10354,42.39877],[-83.104,42.39918],[-83.10473,42.40026],[-83.10482,42.40068],[-83.10515,42.40088],[-83.10618,42.40241],[-83.10623,42.40276],[-83.10663,42.40308],[-83.10681,42.40335],[-83.1063,42.40375],[-83.10592,42.40371],[-83.10338,42.40465],[-83.10259,42.40503],[-83.10075,42.40563],[-83.09946,42.40639]]]}},{"type":"Feature","properties":{"agency":"ddot","agency_label":"DDOT","route":"43","name":"Schoolcraft","route_type":3},"geometry":{"type":"MultiLineString","coordinates":[[[-83.27651,42.36333],[-83.27665,42.36332],[-83.27667,42.36383],[-83.27636,42.36387],[-83.2763,42.36406],[-83.27564,42.36407],[-83.27557,42.36207],[-83.27514,42.36208],[-83.27546,42.37045],[-83.27544,42.37167],[-83.27531,42.37181],[-83.27544,42.37228],[-83.27529,42.37609],[-83.27534,42.37944],[-83.27547,42.38093],[-83.27562,42.38163],[-83.27558,42.38215],[-83.27582,42.38353],[-83.2759,42.38485],[-83.27567,42.38489],[-83.27518,42.38481],[-83.27476,42.38489],[-83.27318,42.38492],[-83.27208,42.38505],[-83.27164,42.38503],[-83.27121,42.38519],[-83.27074,42.38519],[-83.27029,42.3853],[-83.26738,42.38542],[-83.26244,42.38542],[-83.25894,42.38517],[-83.25856,42.38505],[-83.25788,42.38511],[-83.25623,42.38506],[-83.25569,42.38498],[-83.25496,42.38504],[-83.25144,42.38496],[-83.25105,42.38489],[-83.25057,42.38497],[-83.24897,42.385],[-83.24862,42.38493],[-83.24776,42.38502],[-83.2463,42.38495],[-83.24524,42.38529],[-83.24423,42.38591],[-83.24331,42.38616],[-83.24244,42.38618],[-83.24188,42.38609],[-83.24152,42.38619],[-83.24001,42.38622],[-83.23951,42.38615],[-83.23903,42.38623],[-83.23806,42.38626],[-83.2377,42.38614],[-83.237,42.38628],[-83.23663,42.38629],[-83.23625,42.38618],[-83.23567,42.38631],[-83.23348,42.38635],[-83.23292,42.38628],[-83.23245,42.38638],[-83.23088,42.38641],[-83.23033,42.38635],[-83.22986,42.38643],[-83.22873,42.38646],[-83.22814,42.38639],[-83.22767,42.38648],[-83.22621,42.38652],[-83.22573,42.38644],[-83.22526,42.38654],[-83.22357,42.38658],[-83.22319,42.3865],[-83.22272,42.38659],[-83.21882,42.38669],[-83.21841,42.38661],[-83.21776,42.38674],[-83.21724,42.38674],[-83.21686,42.38663],[-83.21628,42.38676],[-83.21506,42.38676],[-83.21461,42.38667],[-83.21366,42.38679],[-83.21263,42.3868],[-83.21223,42.38671],[-83.21143,42.38683],[-83.21034,42.38685],[-83.20985,42.38675],[-83.20939,42.38686],[-83.20789,42.3869],[-83.20718,42.3868],[-83.2068,42.38691],[-83.20543,42.38694],[-83.205,42.38685],[-83.20457,42.38695],[-83.20301,42.38698],[-83.20266,42.38689],[-83.20219,42.38699],[-83.20059,42.38703],[-83.20015,42.38693],[-83.19969,42.38704],[-83.19824,42.38708],[-83.19769,42.387],[-83.19726,42.3871],[-83.19575,42.38715],[-83.19535,42.38708],[-83.19407,42.3872],[-83.19351,42.38712],[-83.19305,42.38723],[-83.19148,42.38729],[-83.19108,42.38721],[-83.19027,42.38733],[-83.18834,42.38739],[-83.18796,42.38731],[-83.18796,42.38737],[-83.18547,42.38747],[-83.18526,42.38739],[-83.18449,42.38765],[-83.18443,42.38757],[-83.18449,42.38765],[-83.18393,42.38787],[-83.18198,42.38793],[-83.18152,42.38788],[-83.18104,42.38797],[-83.17855,42.38803],[-83.17818,42.38797],[-83.17698,42.38807],[-83.17663,42.388],[-83.17615,42.38809],[-83.17432,42.38814],[-83.17378,42.38807],[-83.17338,42.38816],[-83.17209,42.38819],[-83.17169,42.38813],[-83.17126,42.38821],[-83.16838,42.38824],[-83.1656,42.38836],[-83.16522,42.3883],[-83.16478,42.38838],[-83.16313,42.38842],[-83.16272,42.38835],[-83.16233,42.38844],[-83.16007,42.38851],[-83.15865,42.38847],[-83.15711,42.38857],[-83.15674,42.38848],[-83.15634,42.38858],[-83.15478,42.38854],[-83.15438,42.38862],[-83.15316,42.38865],[-83.15278,42.38858],[-83.15223,42.38867],[-83.15192,42.38842],[-83.15186,42.3868],[-83.15191,42.38652],[-83.15185,42.38617],[-83.1453,42.38628],[-83.14524,42.38677],[-83.14534,42.38712],[-83.14537,42.38766],[-83.14533,42.38887],[-83.145,42.38934],[-83.14449,42.38967],[-83.1439,42.38982],[-83.14351,42.39003],[-83.14171,42.39065],[-83.14088,42.39103],[-83.14032,42.39117],[-83.13987,42.39142],[-83.13941,42.39151],[-83.13892,42.39177],[-83.13657,42.39266],[-83.13568,42.39293],[-83.1342,42.39356],[-83.12988,42.39512],[-83.12884,42.39625],[-83.1282,42.39672],[-83.12593,42.39758],[-83.12554,42.39797],[-83.12507,42.39807],[-83.1247,42.3983],[-83.12252,42.39911],[-83.12215,42.39915],[-83.12178,42.39938],[-83.11674,42.40125],[-83.1163,42.40134],[-83.11592,42.40156],[-83.11462,42.40205],[-83.1144,42.40222],[-83.11397,42.40224],[-83.11341,42.40258],[-83.11189,42.40314],[-83.11152,42.40315],[-83.11117,42.4034],[-83.10882,42.40426],[-83.10826,42.40433],[-83.1077,42.40467],[-83.10699,42.40361],[-83.1063,42.40375],[-83.10592,42.40371],[-83.10338,42.40465],[-83.10259,42.40503],[-83.10075,42.40563],[-83.09946,42.40639]],[[-83.09887,42.40692],[-83.09983,42.40647],[-83.10075,42.40589],[-83.10449,42.40454],[-83.10565,42.40404],[-83.10699,42.40361],[-83.1077,42.40467],[-83.10825,42.40458],[-83.1087,42.4043],[-83.11078,42.40355],[-83.11118,42.40348],[-83.11156,42.40326],[-83.1144,42.40222],[-83.11495,42.40211],[-83.12577,42.39807],[-83.12629,42.39746],[-83.12688,42.3973],[-83.12859,42.39663],[-83.13,42.39521],[-83.1364,42.39286],[-83.14454,42.38974],[-83.14489,42.38955],[-83.14531,42.38914],[-83.14556,42.38863],[-83.14543,42.38643],[-83.14777,42.38643],[-83.15299,42.38625],[-83.15288,42.38659],[-83.15301,42.387],[-83.15305,42.38844],[-83.15326,42.38868],[-83.15681,42.38857],[-83.15735,42.38862],[-83.15855,42.38854],[-83.15941,42.38858],[-83.1614,42.38847],[-83.16177,42.38852],[-83.16233,42.38844],[-83.16479,42.38843],[-83.16657,42.38833],[-83.16694,42.38838],[-83.16739,42.38831],[-83.17118,42.38827],[-83.17307,42.38817],[-83.17353,42.38822],[-83.17425,42.38814],[-83.17564,42.38817],[-83.17612,42.38809],[-83.17855,42.38803],[-83.17897,42.38808],[-83.18101,42.38797],[-83.18234,42.38799],[-83.18397,42.3879],[-83.18544,42.38747],[-83.18643,42.38752],[-83.1869,42.38743],[-83.18834,42.38739],[-83.18876,42.38744],[-83.18974,42.38734],[-83.1902,42.38741],[-83.19076,42.38731],[-83.19218,42.38726],[-83.19276,42.38732],[-83.19323,42.38723],[-83.19477,42.38718],[-83.19534,42.38723],[-83.19591,42.38714],[-83.19771,42.38716],[-83.19916,42.38705],[-83.20226,42.38699],[-83.20265,42.38705],[-83.2044,42.38695],[-83.20483,42.38701],[-83.20658,42.38691],[-83.20711,42.38698],[-83.20899,42.38687],[-83.20944,42.38696],[-83.20991,42.38686],[-83.21165,42.38682],[-83.21218,42.38688],[-83.21263,42.3868],[-83.21433,42.38677],[-83.21486,42.38684],[-83.21529,42.38676],[-83.21602,42.38676],[-83.21641,42.38685],[-83.21688,42.38675],[-83.21832,42.38671],[-83.21888,42.38679],[-83.21931,42.38667],[-83.22144,42.38668],[-83.22476,42.38655],[-83.22519,42.3866],[-83.22567,42.38653],[-83.22748,42.38655],[-83.22795,42.38648],[-83.22987,42.38649],[-83.23181,42.38639],[-83.23236,42.38646],[-83.23283,42.38637],[-83.23444,42.38633],[-83.23482,42.38639],[-83.23687,42.38628],[-83.23726,42.38637],[-83.23794,42.38626],[-83.23915,42.3863],[-83.23987,42.38622],[-83.24099,42.3862],[-83.24136,42.38626],[-83.24177,42.38618],[-83.24347,42.38621],[-83.24871,42.38606],[-83.24908,42.38612],[-83.24956,42.38605],[-83.25521,42.38594],[-83.25966,42.38615],[-83.26274,42.3861],[-83.26502,42.38616],[-83.26623,42.38608],[-83.27364,42.38599],[-83.27649,42.38583],[-83.27639,42.38319],[-83.276,42.38148],[-83.27581,42.37973],[-83.27575,42.37849],[-83.27572,42.37441],[-83.27584,42.37227],[-83.27595,42.37227],[-83.27584,42.37227],[-83.27588,42.3705],[-83.27559,42.36296],[-83.27663,42.36297],[-83.27664,42.36318],[-83.27651,42.36333]]]}},{"type":"Feature","properties":{"agency":"ddot","agency_label":"DDOT","route":"46","name":"Southfield","route_type":3},"geometry":{"type":"MultiLineString","coordinates":[[[-83.21966,42.31826],[-83.21968,42.31834],[-83.21849,42.31849],[-83.21886,42.3191],[-83.21962,42.31969],[-83.22105,42.32014],[-83.22223,42.32027],[-83.22341,42.32026],[-83.2244,42.31993],[-83.22509,42.31954],[-83.22556,42.31916],[-83.22607,42.31839],[-83.2268,42.31859],[-83.22759,42.31862],[-83.22759,42.31872],[-83.22759,42.31862],[-83.22856,42.3185],[-83.2294,42.3187],[-83.23142,42.32145],[-83.23272,42.32257],[-83.23305,42.32296],[-83.23337,42.32363],[-83.23374,42.3252],[-83.23407,42.32515],[-83.23402,42.3249],[-83.23412,42.32489],[-83.23402,42.3249],[-83.23388,42.32427],[-83.23356,42.32426],[-83.23466,42.32986],[-83.23483,42.33197],[-83.23496,42.33236],[-83.2351,42.33583],[-83.21541,42.33614],[-83.2155,42.33681],[-83.21542,42.33682],[-83.2155,42.33681],[-83.21574,42.33821],[-83.21574,42.34],[-83.21584,42.3414],[-83.21571,42.34366],[-83.21563,42.34367],[-83.21571,42.34366],[-83.21575,42.34396],[-83.21594,42.34606],[-83.21585,42.34607],[-83.21594,42.34606],[-83.21598,42.3468],[-83.21596,42.3482],[-83.21586,42.3482],[-83.21596,42.3482],[-83.21594,42.35091],[-83.21586,42.35091],[-83.21594,42.35091],[-83.2161,42.35543],[-83.21604,42.35759],[-83.21609,42.35829],[-83.216,42.3583],[-83.21609,42.35829],[-83.21617,42.35909],[-83.21598,42.36034],[-83.216,42.36169],[-83.21595,42.36169],[-83.216,42.36169],[-83.21604,42.36333],[-83.21596,42.36333],[-83.21604,42.36333],[-83.21609,42.36413],[-83.21748,42.36413],[-83.21769,42.36429],[-83.2176,42.36436],[-83.21769,42.36429],[-83.21832,42.3648],[-83.2183,42.36493],[-83.21811,42.36503],[-83.21801,42.36504],[-83.21799,42.36495],[-83.21801,42.36504],[-83.2171,42.36521],[-83.21613,42.36525],[-83.21612,42.36554],[-83.21606,42.36554],[-83.21612,42.36554],[-83.21617,42.3669],[-83.21624,42.37005],[-83.21617,42.37005],[-83.21624,42.37005],[-83.21628,42.37084],[-83.21628,42.37267],[-83.2162,42.37268],[-83.21628,42.37267],[-83.21633,42.37314],[-83.21642,42.37528],[-83.21644,42.37691],[-83.21637,42.37692],[-83.21644,42.37691],[-83.21649,42.37797],[-83.21675,42.37895],[-83.21698,42.38063],[-83.21693,42.38205],[-83.21721,42.38389],[-83.21724,42.38464],[-83.21717,42.38465],[-83.21724,42.38464],[-83.21728,42.38546],[-83.21721,42.38673],[-83.21726,42.38717],[-83.2172,42.38718],[-83.21726,42.38717],[-83.21735,42.38782],[-83.2176,42.3915],[-83.21772,42.3939],[-83.21772,42.39417],[-83.21764,42.39417],[-83.21772,42.39417],[-83.21791,42.39848],[-83.21786,42.39849],[-83.21791,42.39848],[-83.21793,42.39874],[-83.21796,42.40016],[-83.21787,42.40016],[-83.21796,42.40016],[-83.21798,42.40072],[-83.21785,42.40112],[-83.21788,42.40164],[-83.21782,42.40164],[-83.21789,42.40167],[-83.21796,42.40264],[-83.21792,42.40293],[-83.21805,42.40475],[-83.21805,42.40489],[-83.21797,42.40489],[-83.21805,42.40489],[-83.21814,42.40656],[-83.21814,42.40675],[-83.21807,42.40676],[-83.21814,42.40675],[-83.21823,42.40869],[-83.21816,42.4087],[-83.21823,42.40869],[-83.21838,42.4122],[-83.21832,42.4122],[-83.21838,42.4122],[-83.21841,42.41291],[-83.21844,42.41427],[-83.21838,42.41594],[-83.21831,42.41594],[-83.21838,42.41594],[-83.21865,42.41943],[-83.21855,42.42015],[-83.2188,42.42774],[-83.2188,42.42797],[-83.21874,42.42797],[-83.2188,42.42797],[-83.21889,42.4298],[-83.21888,42.43045],[-83.21881,42.43046],[-83.21888,42.43045],[-83.21889,42.43057],[-83.21904,42.43386],[-83.21896,42.43386],[-83.21904,42.43386],[-83.21917,42.43649],[-83.21936,42.43724],[-83.21936,42.43739],[-83.21929,42.43739],[-83.21936,42.43739],[-83.21942,42.43898],[-83.21947,42.44098],[-83.2194,42.44098],[-83.21947,42.44098],[-83.21949,42.44196],[-83.21946,42.44264],[-83.21927,42.44356],[-83.21934,42.44534],[-83.21934,42.44556],[-83.21928,42.44556],[-83.21934,42.44556],[-83.21936,42.44593],[-83.21945,42.44902],[-83.21945,42.44917],[-83.21939,42.44917],[-83.21945,42.44917],[-83.21952,42.4513],[-83.22042,42.45128],[-83.22051,42.45367],[-83.22071,42.45444],[-83.22292,42.45822],[-83.22284,42.45825],[-83.22292,42.45822],[-83.22327,42.45877],[-83.21698,42.45891],[-83.21698,42.45883],[-83.21698,42.45891],[-83.21272,42.45902],[-83.21267,42.45798],[-83.21284,42.45795]],[[-83.21284,42.45795],[-83.21273,42.45769],[-83.21287,42.4575],[-83.21323,42.45725],[-83.21396,42.45703],[-83.21425,42.45675],[-83.21432,42.45649],[-83.21425,42.45468],[-83.21429,42.45457],[-83.21448,42.45446],[-83.21769,42.45754],[-83.21886,42.4589],[-83.22327,42.45879],[-83.22299,42.45839],[-83.22301,42.45812],[-83.22273,42.45794],[-83.22202,42.45677],[-83.22201,42.45649],[-83.2217,42.45621],[-83.22096,42.4549],[-83.22058,42.45399],[-83.22048,42.45256],[-83.22035,42.44905],[-83.22039,42.44871],[-83.22017,42.44438],[-83.22024,42.44387],[-83.22015,42.44352],[-83.22011,42.44061],[-83.21994,42.43738],[-83.22004,42.43701],[-83.22009,42.43609],[-83.21999,42.43335],[-83.21978,42.43031],[-83.21982,42.42967],[-83.21975,42.42924],[-83.21971,42.42744],[-83.21945,42.42388],[-83.21941,42.42288],[-83.2195,42.42251],[-83.21939,42.41983],[-83.21917,42.4184],[-83.21931,42.41541],[-83.21924,42.41512],[-83.21925,42.41174],[-83.2188,42.40491],[-83.21886,42.40456],[-83.21877,42.40421],[-83.21861,42.40205],[-83.21866,42.40053],[-83.21802,42.38823],[-83.21808,42.38638],[-83.21787,42.38451],[-83.21791,42.3824],[-83.21737,42.37947],[-83.2174,42.37722],[-83.21687,42.36758],[-83.2169,42.36527],[-83.21824,42.36505],[-83.21854,42.36482],[-83.2181,42.36459],[-83.21709,42.36387],[-83.21694,42.36355],[-83.21692,42.36326],[-83.21685,42.36035],[-83.21694,42.35756],[-83.21671,42.35603],[-83.21662,42.35369],[-83.21662,42.35338],[-83.21682,42.35286],[-83.21687,42.35246],[-83.21654,42.34406],[-83.21658,42.34296],[-83.21641,42.34124],[-83.21629,42.33653],[-83.21656,42.33621],[-83.21694,42.33614],[-83.23479,42.33589],[-83.23513,42.33586],[-83.23519,42.33546],[-83.2351,42.3351],[-83.23497,42.33229],[-83.23508,42.33201],[-83.23498,42.33166],[-83.235,42.32986],[-83.23491,42.32914],[-83.23408,42.32518],[-83.23412,42.32489],[-83.23395,42.32455],[-83.23362,42.32303],[-83.23323,42.32241],[-83.23153,42.32099],[-83.22985,42.31872],[-83.22928,42.31841],[-83.22867,42.31835],[-83.22789,42.3186],[-83.2274,42.31863],[-83.22609,42.31844],[-83.22572,42.31903],[-83.22544,42.31932],[-83.22442,42.31995],[-83.22361,42.32022],[-83.22244,42.32029],[-83.22247,42.31953],[-83.22268,42.31886],[-83.2214,42.31842],[-83.22099,42.31791],[-83.22012,42.31824],[-83.21966,42.31826]]]}},{"type":"Feature","properties":{"agency":"ddot","agency_label":"DDOT","route":"47","name":"Tireman","route_type":3},"geometry":{"type":"MultiLineString","coordinates":[[[-83.21539,42.35059],[-83.21539,42.35064],[-83.21053,42.3507],[-83.21053,42.35064],[-83.21053,42.3507],[-83.20542,42.35077],[-83.20542,42.3507],[-83.20542,42.35077],[-83.20495,42.35078],[-83.20103,42.35082],[-83.20103,42.35076],[-83.20103,42.35082],[-83.19814,42.35087],[-83.19708,42.35088],[-83.19708,42.35081],[-83.19708,42.35088],[-83.19613,42.35091],[-83.19311,42.35096],[-83.19311,42.3509],[-83.19311,42.35096],[-83.18773,42.35107],[-83.18772,42.351],[-83.18773,42.35107],[-83.18424,42.35114],[-83.18423,42.35106],[-83.18424,42.35114],[-83.18005,42.35123],[-83.17975,42.35123],[-83.17975,42.35115],[-83.17975,42.35123],[-83.17957,42.35124],[-83.17757,42.35128],[-83.17757,42.35121],[-83.17757,42.35128],[-83.17717,42.35129],[-83.17467,42.35134],[-83.17467,42.35129],[-83.17467,42.35134],[-83.17446,42.35135],[-83.17243,42.35134],[-83.17137,42.35142],[-83.16686,42.35152],[-83.16686,42.35147],[-83.16686,42.35152],[-83.16611,42.35155],[-83.16065,42.35166],[-83.16065,42.35161],[-83.16065,42.35166],[-83.15691,42.35174],[-83.15691,42.35167],[-83.15691,42.35174],[-83.15642,42.35175],[-83.15459,42.35178],[-83.15459,42.35172],[-83.15459,42.35178],[-83.15255,42.35182],[-83.15254,42.35176],[-83.15255,42.35182],[-83.14894,42.3519],[-83.14894,42.35183],[-83.14894,42.3519],[-83.14707,42.35194],[-83.14396,42.35199],[-83.14392,42.35191],[-83.14389,42.35199],[-83.14243,42.35203],[-83.14135,42.35205],[-83.14135,42.35197],[-83.14135,42.35205],[-83.13835,42.35211],[-83.13789,42.35211],[-83.13789,42.35204],[-83.13789,42.35211],[-83.13495,42.35206],[-83.13495,42.35199],[-83.13495,42.35206],[-83.13457,42.35206],[-83.12925,42.35195],[-83.12925,42.35187],[-83.12925,42.35195],[-83.12524,42.35188],[-83.12524,42.35178],[-83.12524,42.35188],[-83.1227,42.35185],[-83.12269,42.35176],[-83.1227,42.35185],[-83.11896,42.35322],[-83.11891,42.35316],[-83.11896,42.35322],[-83.11712,42.35391],[-83.11707,42.35384],[-83.11712,42.35391],[-83.11453,42.35487],[-83.11449,42.35481],[-83.11453,42.35487],[-83.11362,42.35521],[-83.11331,42.35532],[-83.11327,42.35526],[-83.11331,42.35532],[-83.11247,42.35562],[-83.11244,42.35631],[-83.11227,42.35662],[-83.11196,42.35691],[-83.11091,42.35742],[-83.11028,42.35717],[-83.11047,42.35709]],[[-83.24288,42.34347],[-83.2429,42.344],[-83.24369,42.34669],[-83.24455,42.34674],[-83.2448,42.34696],[-83.24513,42.3471],[-83.24618,42.34795],[-83.24674,42.34865],[-83.24736,42.35014],[-83.24695,42.35006],[-83.24648,42.35015],[-83.24491,42.35019],[-83.24445,42.3501],[-83.24398,42.35021],[-83.24045,42.35028],[-83.23932,42.3503],[-83.23893,42.35023],[-83.23846,42.35031],[-83.2357,42.35036],[-83.23518,42.35026],[-83.23423,42.35038],[-83.23204,42.35041],[-83.2316,42.35034],[-83.23113,42.35043],[-83.22742,42.35048],[-83.22684,42.3504],[-83.22613,42.3505],[-83.22248,42.35055],[-83.22194,42.35048],[-83.22146,42.35057],[-83.21746,42.35063],[-83.2171,42.35055],[-83.21656,42.35064],[-83.21539,42.35059],[-83.21491,42.35066],[-83.2109,42.35072],[-83.21053,42.35064],[-83.21006,42.35072],[-83.206,42.35078],[-83.20542,42.3507],[-83.20499,42.35079],[-83.20153,42.35084],[-83.20103,42.35076],[-83.20056,42.35086],[-83.19862,42.35089],[-83.19749,42.3509],[-83.19708,42.35081],[-83.19663,42.35092],[-83.1935,42.35098],[-83.19311,42.3509],[-83.19264,42.35099],[-83.18812,42.35108],[-83.18772,42.351],[-83.18728,42.3511],[-83.18473,42.35115],[-83.18423,42.35106],[-83.18377,42.35117],[-83.18025,42.35124],[-83.17975,42.35115],[-83.17937,42.35126],[-83.17816,42.35129],[-83.17757,42.35121],[-83.17721,42.35131],[-83.17507,42.35136],[-83.17467,42.35129],[-83.17396,42.35138],[-83.17281,42.35141],[-83.17243,42.35134],[-83.17171,42.35143],[-83.16741,42.35153],[-83.16686,42.35147],[-83.16632,42.35155],[-83.16114,42.35166],[-83.16065,42.35161],[-83.16018,42.35168],[-83.1573,42.35175],[-83.15691,42.35167],[-83.15644,42.35176],[-83.15494,42.3518],[-83.15459,42.35172],[-83.15401,42.35181],[-83.15304,42.35183],[-83.15254,42.35176],[-83.15207,42.35185],[-83.1494,42.35191],[-83.14894,42.35183],[-83.14894,42.3519],[-83.14396,42.35199],[-83.14392,42.35191],[-83.14392,42.35199],[-83.14176,42.35206],[-83.14135,42.35197],[-83.14088,42.35208],[-83.13839,42.35213],[-83.13789,42.35204],[-83.13717,42.35212],[-83.13548,42.35209],[-83.13495,42.35199],[-83.1346,42.35208],[-83.12978,42.35199],[-83.12925,42.35187],[-83.12878,42.35196],[-83.12568,42.35191],[-83.12524,42.35178],[-83.12478,42.35189],[-83.12314,42.35186],[-83.12269,42.35176],[-83.12238,42.35197],[-83.12134,42.35236],[-83.11938,42.3531],[-83.11891,42.35316],[-83.11841,42.35346],[-83.11755,42.35378],[-83.11707,42.35384],[-83.11651,42.35417],[-83.11503,42.35473],[-83.11449,42.35481],[-83.11406,42.35509],[-83.11366,42.35524],[-83.11327,42.35526],[-83.11331,42.35532],[-83.11247,42.35562],[-83.11249,42.3561],[-83.11227,42.35662],[-83.11196,42.35691],[-83.11091,42.35742],[-83.11038,42.35721],[-83.11047,42.35709],[-83.11033,42.35719],[-83.10956,42.35687],[-83.11065,42.3563],[-83.11076,42.35618],[-83.11084,42.35588],[-83.11084,42.35522],[-83.11092,42.35508],[-83.11071,42.34978],[-83.11056,42.34814],[-83.1103,42.34766],[-83.10945,42.34663],[-83.10831,42.34506],[-83.1079,42.34436],[-83.1058,42.3416],[-83.10551,42.34139],[-83.10382,42.33907],[-83.10367,42.33869],[-83.10336,42.33842],[-83.10256,42.3373],[-83.10249,42.337],[-83.10168,42.33586],[-83.10121,42.33545],[-83.10109,42.33511],[-83.10077,42.33484],[-83.09978,42.33346],[-83.09911,42.33335],[-83.09795,42.33403],[-83.09725,42.33412],[-83.09686,42.33397],[-83.09674,42.33382],[-83.09627,42.33394],[-83.09585,42.33424],[-83.09375,42.33516],[-83.09218,42.33566],[-83.09172,42.33567],[-83.09135,42.33591],[-83.08751,42.33714],[-83.08695,42.3372],[-83.08668,42.3374],[-83.08621,42.33754],[-83.08443,42.33801],[-83.08391,42.33803],[-83.0836,42.33829],[-83.08263,42.33866],[-83.08097,42.33918],[-83.08053,42.33921],[-83.08007,42.33946],[-83.07713,42.34039],[-83.07673,42.34039],[-83.07646,42.34059],[-83.07236,42.34188],[-83.07181,42.34195],[-83.07143,42.34217],[-83.06804,42.34325],[-83.06755,42.3433],[-83.06707,42.34356],[-83.06532,42.34411],[-83.06523,42.34421],[-83.06474,42.34423],[-83.06438,42.34447],[-83.06326,42.34483],[-83.06124,42.34545],[-83.06037,42.34559],[-83.05849,42.34707],[-83.0579,42.34741],[-83.05737,42.34757],[-83.05701,42.34781],[-83.05596,42.34826],[-83.05555,42.34832],[-83.05522,42.34858],[-83.05363,42.34926],[-83.05243,42.34961],[-83.05206,42.34961],[-83.05169,42.34983],[-83.05067,42.3502],[-83.05019,42.35028]],[[-83.1102,42.35667],[-83.11126,42.35586],[-83.11155,42.35577],[-83.1125,42.35571],[-83.12268,42.35186],[-83.13631,42.35215],[-83.13814,42.35213],[-83.1385,42.35218],[-83.13922,42.35211],[-83.14282,42.35204],[-83.14322,42.35209],[-83.1437,42.35202],[-83.1471,42.35195],[-83.14751,42.352],[-83.14823,42.35193],[-83.16192,42.35165],[-83.16234,42.35172],[-83.1633,42.35162],[-83.16467,42.35159],[-83.16524,42.35166],[-83.16596,42.35156],[-83.1736,42.35139],[-83.17405,42.35143],[-83.17937,42.35126],[-83.17996,42.35131],[-83.18069,42.35124],[-83.18801,42.35108],[-83.18841,42.35113],[-83.19049,42.35103],[-83.20889,42.35078],[-83.21166,42.35068],[-83.21166,42.35076],[-83.21166,42.35068],[-83.21538,42.35069]],[[-83.04896,42.35104],[-83.05203,42.34985],[-83.05305,42.34964],[-83.05379,42.34937],[-83.0565,42.34826],[-83.0585,42.34731],[-83.06027,42.34592],[-83.06113,42.3456],[-83.06143,42.3454],[-83.06524,42.34421],[-83.06561,42.34421],[-83.07685,42.34065],[-83.07746,42.34053],[-83.07787,42.34033],[-83.08083,42.33938],[-83.08136,42.33931],[-83.08176,42.33911],[-83.08423,42.33824],[-83.08588,42.33785],[-83.08855,42.33698],[-83.089,42.33693],[-83.0894,42.33672],[-83.09415,42.3352],[-83.09553,42.33464],[-83.09686,42.33397],[-83.09725,42.33412],[-83.09775,42.33409],[-83.09922,42.33345],[-83.09941,42.33343],[-83.09978,42.33346],[-83.10114,42.33535],[-83.10118,42.33568],[-83.10246,42.3372],[-83.10257,42.33755],[-83.10291,42.33781],[-83.10377,42.339],[-83.10383,42.33927],[-83.10416,42.33954],[-83.10562,42.34155],[-83.1057,42.3419],[-83.10567,42.34217],[-83.10762,42.34483],[-83.10774,42.3451],[-83.10803,42.34539],[-83.11003,42.34813],[-83.11016,42.34876],[-83.1102,42.34983],[-83.11012,42.35026],[-83.11023,42.35061],[-83.11028,42.35187],[-83.11019,42.35223],[-83.1103,42.35258],[-83.11035,42.35384],[-83.11026,42.35412],[-83.11037,42.35448],[-83.11044,42.35592],[-83.11018,42.35635],[-83.10978,42.35658],[-83.1102,42.35667],[-83.11126,42.35586],[-83.11155,42.35577],[-83.1125,42.35571],[-83.12268,42.35186],[-83.13631,42.35215],[-83.13814,42.35213],[-83.1385,42.35218],[-83.13922,42.35211],[-83.14282,42.35204],[-83.14322,42.35209],[-83.1437,42.35202],[-83.1471,42.35195],[-83.14751,42.352],[-83.14823,42.35193],[-83.16192,42.35165],[-83.16234,42.35172],[-83.1633,42.35162],[-83.16467,42.35159],[-83.16524,42.35166],[-83.16596,42.35156],[-83.19602,42.35093],[-83.20889,42.35078],[-83.21166,42.35068],[-83.21166,42.35076],[-83.21166,42.35068],[-83.22127,42.35062],[-83.23566,42.35036],[-83.23623,42.35041],[-83.23671,42.35034],[-83.23966,42.35034],[-83.24736,42.35014],[-83.24674,42.34865],[-83.24618,42.34795],[-83.2448,42.34685],[-83.24433,42.3467],[-83.24372,42.3467],[-83.24372,42.34643],[-83.24353,42.3461],[-83.24284,42.34381],[-83.24253,42.34305],[-83.24296,42.34302],[-83.24302,42.34319],[-83.24288,42.34347]]]}},{"type":"Feature","properties":{"agency":"ddot","agency_label":"DDOT","route":"5","name":"Van Dyke-Lafayette","route_type":3},"geometry":{"type":"MultiLineString","coordinates":[[[-83.05241,42.33291],[-83.05231,42.33265],[-83.05229,42.33198],[-83.05248,42.33187],[-83.05264,42.33201],[-83.05264,42.33324],[-83.05228,42.33368],[-83.05121,42.3337],[-83.05116,42.33141],[-83.05123,42.3314],[-83.05116,42.33141],[-83.05052,42.33057],[-83.05031,42.33016],[-83.04994,42.32981],[-83.04862,42.32801],[-83.04708,42.32867],[-83.04655,42.32877],[-83.04621,42.32903],[-83.04486,42.32963],[-83.04439,42.32964],[-83.04416,42.32993],[-83.04172,42.33098],[-83.04119,42.3311],[-83.04084,42.33136],[-83.0402,42.3316],[-83.04179,42.33397],[-83.04009,42.33467],[-83.0397,42.33477],[-83.03923,42.33507],[-83.03625,42.33637],[-83.03583,42.33646],[-83.03546,42.33671],[-83.03362,42.3375],[-83.03322,42.33758],[-83.03265,42.33792],[-83.0303,42.33894],[-83.02943,42.33923],[-83.02906,42.33946],[-83.02706,42.34032],[-83.02657,42.34045],[-83.02621,42.34069],[-83.02495,42.34123],[-83.02431,42.3414],[-83.02396,42.34165],[-83.02249,42.34229],[-83.02202,42.3424],[-83.02166,42.34265],[-83.0182,42.34414],[-83.01766,42.34418],[-83.01738,42.34448],[-83.01534,42.34553],[-83.01232,42.34687],[-83.01178,42.34696],[-83.01149,42.34722],[-83.00861,42.34847],[-83.0081,42.34858],[-83.00776,42.34883],[-83.00525,42.34991],[-83.00488,42.34996],[-83.00437,42.35028],[-83.00405,42.35042],[-83.00365,42.35046],[-83.00285,42.35087],[-82.99997,42.35192],[-82.99954,42.35198],[-82.99923,42.35219],[-82.99622,42.35325],[-82.99637,42.35346],[-82.99628,42.35349],[-82.99637,42.35346],[-82.99735,42.35482],[-82.99745,42.35513],[-82.99774,42.35536],[-82.99818,42.35597],[-82.99831,42.3563],[-82.99866,42.35664],[-82.99981,42.35823],[-82.99999,42.35863],[-83.0003,42.35891],[-83.00137,42.36039],[-83.00151,42.36073],[-83.00181,42.36101],[-83.00295,42.3626],[-83.00312,42.363],[-83.00343,42.36327],[-83.0047,42.36502],[-83.0048,42.36534],[-83.00524,42.36577],[-83.0057,42.36641],[-83.00584,42.36678],[-83.00613,42.367],[-83.00796,42.36953],[-83.00814,42.36993],[-83.00844,42.37021],[-83.00954,42.37172],[-83.00968,42.37206],[-83.00999,42.37233],[-83.01095,42.37366],[-83.01113,42.37408],[-83.01145,42.37436],[-83.01264,42.37599],[-83.01274,42.37631],[-83.01306,42.37658],[-83.01364,42.37737],[-83.01378,42.37774],[-83.0141,42.37802],[-83.01471,42.37885],[-83.01489,42.37927],[-83.01521,42.37954],[-83.01605,42.3807],[-83.01622,42.3811],[-83.01654,42.38137],[-83.01699,42.38198],[-83.01725,42.38234],[-83.01732,42.38264],[-83.0177,42.38296],[-83.01865,42.38428],[-83.01876,42.3846],[-83.01908,42.38487],[-83.02031,42.38646],[-83.02043,42.38687],[-83.02083,42.38718],[-83.02138,42.38794],[-83.02141,42.38823],[-83.0218,42.38855],[-83.02246,42.38962],[-83.02257,42.39082],[-83.02244,42.39113],[-83.02261,42.39146],[-83.02267,42.39244],[-83.0225,42.39272],[-83.0227,42.39311],[-83.02274,42.39406],[-83.02257,42.39434],[-83.02275,42.39467],[-83.02281,42.3957],[-83.02265,42.39607],[-83.02284,42.39631],[-83.02287,42.39721],[-83.0227,42.39757],[-83.02291,42.39808],[-83.02295,42.39898],[-83.0228,42.39935],[-83.02296,42.39968],[-83.02302,42.40098],[-83.02286,42.40129],[-83.02304,42.40162],[-83.02311,42.40331],[-83.02296,42.40355],[-83.02313,42.40389],[-83.02318,42.40493],[-83.02299,42.40518],[-83.02318,42.40551],[-83.02328,42.40776],[-83.02311,42.40805],[-83.0233,42.40839],[-83.02335,42.40949],[-83.02316,42.40973],[-83.02336,42.41005],[-83.02341,42.41112],[-83.02323,42.41136],[-83.02344,42.41188],[-83.0235,42.41352],[-83.02336,42.41385],[-83.02352,42.41419],[-83.02356,42.41491],[-83.02357,42.41524],[-83.0234,42.41556],[-83.02358,42.41589],[-83.02363,42.41678],[-83.02346,42.41711],[-83.02365,42.41739],[-83.02368,42.41799],[-83.0237,42.41859],[-83.02351,42.41885],[-83.02371,42.41918],[-83.02373,42.41936],[-83.02375,42.41989],[-83.02356,42.42014],[-83.02376,42.42047],[-83.02378,42.42065],[-83.02392,42.42442],[-83.02376,42.4247],[-83.02393,42.42503],[-83.02398,42.42614],[-83.02399,42.42632],[-83.0238,42.42665],[-83.02401,42.42694],[-83.02408,42.42872],[-83.0239,42.42902],[-83.02411,42.4295],[-83.02414,42.43032],[-83.02397,42.43059],[-83.02415,42.43093],[-83.02422,42.43237],[-83.02403,42.43269],[-83.02423,42.43301],[-83.02428,42.43391],[-83.02411,42.43425],[-83.0243,42.43456],[-83.02433,42.43563],[-83.02416,42.43592],[-83.02435,42.43621],[-83.02438,42.43711],[-83.02423,42.43739],[-83.02439,42.43773],[-83.02444,42.43872],[-83.02426,42.43898],[-83.02444,42.43931],[-83.02452,42.44134],[-83.02434,42.44167],[-83.02454,42.442],[-83.02455,42.44218],[-83.0246,42.44326],[-83.02442,42.44364],[-83.02462,42.44391],[-83.0247,42.44607],[-83.02456,42.44633],[-83.02471,42.44667],[-83.02477,42.44819],[-83.0243,42.44806],[-83.02385,42.4482],[-83.02152,42.44827],[-83.02119,42.44813],[-83.02075,42.44828],[-83.01904,42.44835],[-83.0187,42.4482]],[[-83.0187,42.4482],[-83.01826,42.44836],[-83.01763,42.44839],[-83.01753,42.44858],[-83.01761,42.44868],[-83.02478,42.44848],[-83.02477,42.44819],[-83.02491,42.44779],[-83.02475,42.44745],[-83.02466,42.44578],[-83.02483,42.44579],[-83.02466,42.44578],[-83.02457,42.44342],[-83.02477,42.44347],[-83.02457,42.44342],[-83.02448,42.44134],[-83.02448,42.44097],[-83.02467,42.44095],[-83.02447,42.44091],[-83.02445,42.43901],[-83.02458,42.43864],[-83.02442,42.43812],[-83.02437,42.43685],[-83.02447,42.43647],[-83.02434,42.43603],[-83.02439,42.43524],[-83.02431,42.43488],[-83.02428,42.43402],[-83.02436,42.43362],[-83.02425,42.43327],[-83.02422,42.43237],[-83.02435,42.43202],[-83.02419,42.4316],[-83.02415,42.43052],[-83.02425,42.43009],[-83.02412,42.42974],[-83.02408,42.42881],[-83.02419,42.42847],[-83.02406,42.42812],[-83.02399,42.4264],[-83.02414,42.42606],[-83.02397,42.42578],[-83.02395,42.42519],[-83.02408,42.42486],[-83.02393,42.42452],[-83.02389,42.42363],[-83.02402,42.42333],[-83.02386,42.42281],[-83.02374,42.41957],[-83.02386,42.4192],[-83.0237,42.41876],[-83.02368,42.41805],[-83.02379,42.41776],[-83.02366,42.41741],[-83.02362,42.4166],[-83.02374,42.41619],[-83.0236,42.41585],[-83.02358,42.41552],[-83.02352,42.41397],[-83.02363,42.41358],[-83.02349,42.41316],[-83.02345,42.41217],[-83.02354,42.41176],[-83.02343,42.41141],[-83.02338,42.4103],[-83.02348,42.40996],[-83.02336,42.40961],[-83.02331,42.40846],[-83.02343,42.40804],[-83.02328,42.40776],[-83.02324,42.40663],[-83.02336,42.40635],[-83.02322,42.40594],[-83.02318,42.40502],[-83.0233,42.40472],[-83.02315,42.40421],[-83.02311,42.40326],[-83.02322,42.40294],[-83.02309,42.40259],[-83.02302,42.40098],[-83.02314,42.40061],[-83.02299,42.40008],[-83.02293,42.39865],[-83.02305,42.39828],[-83.0229,42.39776],[-83.02287,42.39699],[-83.02299,42.39667],[-83.02284,42.39634],[-83.0228,42.3954],[-83.0229,42.39511],[-83.02277,42.39469],[-83.02269,42.39292],[-83.02278,42.39256],[-83.02266,42.39226],[-83.0226,42.3913],[-83.02271,42.391],[-83.02254,42.39048],[-83.02264,42.39017],[-83.02242,42.38949],[-83.02143,42.38802],[-83.02138,42.38775],[-83.02106,42.38749],[-83.01976,42.38571],[-83.01977,42.38544],[-83.01932,42.38518],[-83.01874,42.38439],[-83.01776,42.38305],[-83.01772,42.38275],[-83.01731,42.38243],[-83.01705,42.38194],[-83.0163,42.38104],[-83.0161,42.38063],[-83.01548,42.3799],[-83.01541,42.37963],[-83.01514,42.37943],[-83.0145,42.37857],[-83.01432,42.37821],[-83.01403,42.37792],[-83.01264,42.37599],[-83.01247,42.37566],[-83.01218,42.37537],[-83.01127,42.37411],[-83.0111,42.37376],[-83.01081,42.37347],[-83.00955,42.37164],[-83.00783,42.36936],[-83.00762,42.36897],[-83.00613,42.367],[-83.00603,42.36671],[-83.0056,42.36628],[-83.0046,42.36479],[-83.00432,42.36449],[-83.00302,42.3626],[-82.99999,42.35848],[-82.99986,42.35818],[-82.99959,42.35792],[-82.99841,42.35618],[-82.99784,42.35549],[-82.99763,42.35511],[-82.99624,42.35328],[-83.00445,42.35027],[-83.00817,42.34866],[-83.00865,42.34852],[-83.00899,42.3483],[-83.01232,42.34687],[-83.01269,42.34678],[-83.01306,42.34655],[-83.01581,42.34532],[-83.02525,42.34132],[-83.02521,42.34127],[-83.02669,42.34063],[-83.02677,42.34073],[-83.02669,42.34063],[-83.02969,42.33933],[-83.02971,42.33945],[-83.03007,42.33921],[-83.03665,42.33639],[-83.03662,42.33635],[-83.04418,42.33316],[-83.04376,42.33254],[-83.04354,42.33193],[-83.04349,42.33145],[-83.04336,42.33129],[-83.04917,42.32884],[-83.05087,42.33121],[-83.05083,42.3317],[-83.05268,42.3317],[-83.05382,42.33358],[-83.0537,42.33362],[-83.05334,42.33409],[-83.05228,42.33368],[-83.05241,42.33326]]]}},{"type":"Feature","properties":{"agency":"ddot","agency_label":"DDOT","route":"52","name":"Chene","route_type":3},"geometry":{"type":"MultiLineString","coordinates":[[[-83.05256,42.33292],[-83.05264,42.33324],[-83.05228,42.33368],[-83.05121,42.3337],[-83.05116,42.33141],[-83.05123,42.3314],[-83.05116,42.33141],[-83.05088,42.33091],[-83.05069,42.33081],[-83.05022,42.3302],[-83.05031,42.33016],[-83.05022,42.3302],[-83.05012,42.33007],[-83.04862,42.32801],[-83.04708,42.32867],[-83.04655,42.32877],[-83.04621,42.32903],[-83.04486,42.32963],[-83.04439,42.32964],[-83.04416,42.32993],[-83.04172,42.33098],[-83.04119,42.3311],[-83.04084,42.33136],[-83.0402,42.3316],[-83.04179,42.33397],[-83.04009,42.33467],[-83.0397,42.33477],[-83.03923,42.33507],[-83.03738,42.33586],[-83.037,42.33594],[-83.03625,42.33637],[-83.03633,42.33673],[-83.03665,42.337],[-83.03688,42.33733],[-83.03692,42.33761],[-83.03724,42.33788],[-83.03784,42.33879],[-83.03798,42.33914],[-83.03827,42.33943],[-83.03876,42.34013],[-83.03755,42.34052],[-83.03692,42.34088],[-83.03759,42.34192],[-83.0377,42.34237],[-83.03725,42.34371],[-83.03706,42.34403],[-83.03678,42.34421],[-83.03662,42.34448],[-83.03568,42.34495],[-83.03542,42.34457],[-83.03554,42.34458],[-83.03542,42.34457],[-83.03531,42.34435],[-83.03521,42.34431],[-83.03383,42.3449],[-83.0336,42.3444],[-83.03331,42.34411],[-83.03107,42.3406],[-83.02998,42.33907],[-83.02943,42.33923],[-83.02906,42.33946],[-83.02706,42.34032],[-83.02657,42.34045],[-83.02621,42.34069],[-83.02469,42.34134],[-83.02487,42.34172],[-83.02578,42.343],[-83.02586,42.34328],[-83.02622,42.34366],[-83.02634,42.34396],[-83.0263,42.34441],[-83.026,42.34498],[-83.02576,42.34526],[-83.02566,42.34602],[-83.02582,42.34643],[-83.0261,42.3468],[-83.02755,42.34624],[-83.02776,42.34602],[-83.02774,42.34594],[-83.0275,42.34593],[-83.02699,42.34642],[-83.0261,42.3468],[-83.02642,42.34734],[-83.02697,42.34777],[-83.02753,42.34799],[-83.0283,42.34803],[-83.02897,42.34784],[-83.02906,42.34798],[-83.02898,42.34801],[-83.02906,42.34798],[-83.0294,42.34845],[-83.03033,42.34989],[-83.03043,42.35021],[-83.03073,42.35049],[-83.03217,42.35268],[-83.0323,42.35301],[-83.03264,42.35338],[-83.03329,42.35437],[-83.03346,42.35479],[-83.03376,42.35508],[-83.03459,42.35634],[-83.03467,42.35667],[-83.0351,42.3571],[-83.03647,42.35918],[-83.03653,42.35947],[-83.03695,42.3599],[-83.03792,42.36135],[-83.03805,42.36173],[-83.03839,42.36206],[-83.03927,42.36339],[-83.03941,42.36378],[-83.03971,42.36406],[-83.04076,42.36565],[-83.04084,42.36597],[-83.04126,42.3664],[-83.0422,42.36781],[-83.04227,42.36811],[-83.04258,42.36839],[-83.04353,42.36983],[-83.04361,42.37013],[-83.04392,42.37041],[-83.04492,42.37191],[-83.04494,42.37224],[-83.04529,42.37249],[-83.04562,42.37297],[-83.04577,42.37342],[-83.04627,42.37393],[-83.04657,42.37525],[-83.04711,42.37515],[-83.05008,42.37416],[-83.0505,42.37414],[-83.05084,42.37428],[-83.05106,42.37447],[-83.05158,42.37524],[-83.05166,42.37554],[-83.05196,42.37582],[-83.05245,42.37656],[-83.05254,42.37688],[-83.05284,42.37715],[-83.05341,42.37804],[-83.05442,42.37904],[-83.05477,42.37962],[-83.05502,42.38007],[-83.05512,42.38048],[-83.05508,42.38092],[-83.05489,42.38133],[-83.05365,42.38301],[-83.05234,42.38509],[-83.05164,42.38565],[-83.05074,42.38606],[-83.05146,42.38713],[-83.0516,42.38757],[-83.05189,42.38779],[-83.05234,42.38847],[-83.05246,42.38885],[-83.05276,42.38912],[-83.05405,42.39107],[-83.05417,42.39144],[-83.05448,42.39171],[-83.05557,42.39333],[-83.05588,42.39384],[-83.05599,42.39419],[-83.05626,42.39443],[-83.05717,42.39591],[-83.05785,42.39684],[-83.05803,42.39726],[-83.05832,42.39755],[-83.05881,42.3983],[-83.05894,42.39863],[-83.05986,42.39983],[-83.05991,42.40012],[-83.06029,42.40035],[-83.06147,42.40211],[-83.06145,42.40243],[-83.06183,42.40266],[-83.06206,42.40298],[-83.06287,42.4042],[-83.06293,42.40449],[-83.06325,42.40477],[-83.06426,42.40626],[-83.06428,42.40662],[-83.06474,42.40704],[-83.06549,42.40817],[-83.06561,42.40856],[-83.06593,42.40883],[-83.06725,42.4108],[-83.06737,42.4112],[-83.0677,42.41147],[-83.0692,42.4136],[-83.06929,42.41392],[-83.06956,42.41413],[-83.07021,42.4151],[-83.0703,42.41543],[-83.07062,42.4157],[-83.07161,42.41714],[-83.07175,42.41755],[-83.07206,42.41783],[-83.07261,42.41862],[-83.07269,42.41896],[-83.07299,42.4192],[-83.07305,42.4209],[-83.07291,42.42119],[-83.07308,42.42171],[-83.07313,42.42332],[-83.07299,42.42364],[-83.07314,42.42398],[-83.07314,42.42525],[-83.07293,42.42565],[-83.07282,42.42562],[-83.07291,42.42567],[-83.07279,42.42579],[-83.07255,42.4258],[-83.07183,42.4258],[-83.07183,42.42572],[-83.07183,42.4258],[-83.0701,42.42585],[-83.06973,42.42576],[-83.06935,42.42585],[-83.06864,42.42586],[-83.06814,42.42575],[-83.06777,42.42586],[-83.06672,42.42587],[-83.06624,42.42578],[-83.06577,42.42588],[-83.06474,42.4259],[-83.06437,42.42582],[-83.0639,42.42591],[-83.06252,42.42593],[-83.06217,42.42584],[-83.06146,42.42596],[-83.0605,42.4259],[-83.06002,42.42599],[-83.05845,42.42602],[-83.0581,42.42593],[-83.05763,42.42603],[-83.05675,42.42605],[-83.0563,42.42596],[-83.05586,42.42607],[-83.0528,42.42612],[-83.05229,42.42604],[-83.05158,42.42615],[-83.05088,42.42608],[-83.05041,42.42617],[-83.04828,42.42621],[-83.04778,42.42614],[-83.04706,42.42624],[-83.045,42.42628],[-83.04456,42.42622],[-83.04411,42.4263],[-83.04244,42.42634],[-83.04208,42.42628],[-83.0416,42.42636],[-83.04003,42.4264],[-83.03961,42.42633],[-83.03914,42.42642],[-83.03578,42.4265],[-83.03535,42.42641],[-83.03488,42.42652],[-83.03355,42.42655],[-83.03317,42.42647],[-83.0327,42.42657],[-83.03044,42.42662],[-83.02997,42.42653],[-83.02927,42.42665],[-83.02818,42.42667],[-83.02783,42.42658],[-83.02729,42.42669],[-83.02495,42.42674],[-83.0244,42.42665]],[[-83.02456,42.42599],[-83.02814,42.42587],[-83.02806,42.42632],[-83.02818,42.42667],[-83.03348,42.42656],[-83.03387,42.42661],[-83.03434,42.42654],[-83.03622,42.42655],[-83.03846,42.42643],[-83.039,42.42648],[-83.03935,42.42641],[-83.04164,42.42641],[-83.04332,42.42632],[-83.06263,42.42593],[-83.07067,42.42583],[-83.07137,42.42589],[-83.07279,42.42581],[-83.07325,42.42514],[-83.07317,42.42478],[-83.07317,42.42315],[-83.07306,42.42117],[-83.07312,42.42082],[-83.07304,42.42047],[-83.07301,42.41931],[-83.07262,42.41864],[-83.07255,42.41837],[-83.07224,42.41808],[-83.07027,42.41518],[-83.06991,42.41449],[-83.06961,42.41421],[-83.06859,42.41279],[-83.06853,42.4125],[-83.06825,42.41228],[-83.06716,42.41066],[-83.06703,42.41033],[-83.06672,42.41],[-83.06573,42.40852],[-83.06559,42.4081],[-83.06527,42.40783],[-83.06475,42.40705],[-83.06431,42.40636],[-83.06429,42.40608],[-83.06396,42.40581],[-83.06311,42.40455],[-83.06301,42.40418],[-83.06269,42.40391],[-83.06176,42.40254],[-83.06164,42.40222],[-83.06136,42.40195],[-83.05995,42.39988],[-83.05978,42.39977],[-83.0595,42.39919],[-83.05916,42.39882],[-83.05799,42.39695],[-83.05728,42.39597],[-83.05711,42.39561],[-83.05588,42.39384],[-83.05572,42.39337],[-83.05546,42.39317],[-83.05438,42.39156],[-83.05424,42.39124],[-83.05386,42.39078],[-83.05223,42.38831],[-83.05209,42.38796],[-83.05073,42.38607],[-83.05164,42.38565],[-83.05234,42.38509],[-83.05373,42.3829],[-83.05482,42.38144],[-83.05508,42.38092],[-83.05512,42.38048],[-83.05503,42.38009],[-83.05398,42.3784],[-83.05357,42.37756],[-83.05303,42.37698],[-83.0526,42.37634],[-83.05245,42.37594],[-83.05219,42.37573],[-83.0511,42.37405],[-83.05079,42.37385],[-83.04996,42.37375],[-83.0487,42.374],[-83.04703,42.3746],[-83.04651,42.37491],[-83.04628,42.37379],[-83.04598,42.37351],[-83.04565,42.37302],[-83.04363,42.36997],[-83.04351,42.36966],[-83.04323,42.36937],[-83.0422,42.36772],[-83.04086,42.3658],[-83.04073,42.36548],[-83.04045,42.36518],[-83.03949,42.36373],[-83.03936,42.36338],[-83.03907,42.36309],[-83.0379,42.36122],[-83.03656,42.3593],[-83.03638,42.35891],[-83.03572,42.35804],[-83.03553,42.35763],[-83.03473,42.35655],[-83.03465,42.35626],[-83.03435,42.35598],[-83.03308,42.35405],[-83.03301,42.35377],[-83.03271,42.35349],[-83.03189,42.35216],[-83.03131,42.35137],[-83.03121,42.35111],[-83.03033,42.34989],[-83.03038,42.34952],[-83.02922,42.34787],[-83.029,42.34767],[-83.0281,42.34787],[-83.02776,42.34786],[-83.02721,42.34768],[-83.02685,42.34743],[-83.02673,42.34717],[-83.02629,42.34672],[-83.02755,42.34624],[-83.02776,42.34602],[-83.0277,42.3459],[-83.0275,42.34593],[-83.02699,42.34642],[-83.02629,42.34672],[-83.02604,42.34641],[-83.02594,42.34601],[-83.02591,42.34559],[-83.02653,42.34437],[-83.02656,42.34371],[-83.02632,42.34345],[-83.02494,42.34139],[-83.02521,42.34127],[-83.02525,42.34132],[-83.02521,42.34127],[-83.02669,42.34063],[-83.02677,42.34073],[-83.02669,42.34063],[-83.02969,42.33933],[-83.02971,42.33945],[-83.02969,42.33933],[-83.02985,42.33926],[-83.03063,42.34041],[-83.03081,42.34083],[-83.03109,42.34112],[-83.03204,42.34255],[-83.03215,42.34289],[-83.03245,42.34317],[-83.03335,42.34453],[-83.03349,42.34492],[-83.03376,42.34514],[-83.03412,42.34566],[-83.03435,42.34618],[-83.03456,42.34613],[-83.03432,42.34558],[-83.03629,42.34474],[-83.03672,42.34441],[-83.03746,42.34341],[-83.0377,42.34237],[-83.03759,42.34192],[-83.03693,42.34087],[-83.03743,42.34076],[-83.03774,42.34053],[-83.03879,42.34015],[-83.03704,42.33757],[-83.03688,42.33717],[-83.03631,42.33649],[-83.04418,42.33316],[-83.04376,42.33254],[-83.04354,42.33193],[-83.04349,42.33145],[-83.04336,42.33129],[-83.04917,42.32884],[-83.05087,42.33121],[-83.05083,42.3317],[-83.05268,42.3317],[-83.05382,42.33358],[-83.0537,42.33362],[-83.05334,42.33409],[-83.05228,42.33368],[-83.05241,42.33326]]]}},{"type":"Feature","properties":{"agency":"ddot","agency_label":"DDOT","route":"54","name":"Wyoming","route_type":3},"geometry":{"type":"MultiLineString","coordinates":[[[-83.11382,42.29226],[-83.11377,42.2922],[-83.11675,42.2909],[-83.11695,42.29103],[-83.11956,42.29146],[-83.1208,42.2918],[-83.12128,42.29184],[-83.12304,42.2923],[-83.12542,42.2928],[-83.13012,42.29324],[-83.13638,42.2937],[-83.13689,42.29381],[-83.13729,42.29377],[-83.14128,42.29398],[-83.14212,42.29413],[-83.14294,42.29463],[-83.14313,42.29492],[-83.14356,42.29518],[-83.1439,42.29553],[-83.14604,42.29846],[-83.14611,42.29876],[-83.14644,42.29902],[-83.14748,42.30043],[-83.14838,42.30248],[-83.14834,42.30273],[-83.148,42.30295],[-83.14786,42.30264],[-83.14707,42.30164],[-83.14921,42.2988],[-83.14943,42.29928],[-83.14971,42.29957],[-83.15188,42.30259],[-83.152,42.30285],[-83.15228,42.30315],[-83.15705,42.30979],[-83.15455,42.31079],[-83.15366,42.31094],[-83.15272,42.3113],[-83.1532,42.31193],[-83.15319,42.3122],[-83.15356,42.31242],[-83.15538,42.31488],[-83.15549,42.31527],[-83.15585,42.31551],[-83.15835,42.31903],[-83.15835,42.31912],[-83.1581,42.31935],[-83.15815,42.31971],[-83.15811,42.31988],[-83.15721,42.32259],[-83.15696,42.32282],[-83.157,42.32318],[-83.1565,42.32471],[-83.15655,42.32687],[-83.15635,42.32718],[-83.15658,42.32745],[-83.15676,42.32995],[-83.15659,42.33033],[-83.15678,42.33084],[-83.1569,42.33469],[-83.15676,42.33506],[-83.15694,42.33557],[-83.15709,42.33911],[-83.15693,42.33942],[-83.15711,42.33968],[-83.15716,42.34112],[-83.157,42.34139],[-83.15718,42.34172],[-83.15726,42.34368],[-83.15726,42.3444],[-83.1571,42.34474],[-83.15727,42.34507],[-83.15732,42.34615],[-83.15716,42.34654],[-83.15735,42.34706],[-83.15739,42.34814],[-83.15725,42.34857],[-83.15742,42.3489],[-83.15746,42.34995],[-83.15732,42.35025],[-83.1575,42.35077],[-83.15754,42.35166],[-83.15741,42.35194],[-83.15756,42.35228],[-83.15766,42.35388],[-83.15754,42.35428],[-83.1577,42.35462],[-83.15781,42.35642],[-83.15769,42.35677],[-83.15785,42.3571],[-83.15798,42.3589],[-83.15799,42.35938],[-83.15785,42.35971],[-83.15801,42.36023],[-83.15808,42.36214],[-83.15797,42.36241],[-83.1581,42.36276],[-83.15815,42.36403],[-83.15803,42.36431],[-83.15817,42.36465],[-83.15823,42.36622],[-83.15812,42.3666],[-83.15827,42.36713],[-83.15838,42.36933],[-83.15828,42.36969],[-83.15842,42.37004],[-83.15848,42.37132],[-83.15839,42.37166],[-83.15852,42.37219],[-83.15859,42.37349],[-83.15849,42.37383],[-83.15861,42.37418],[-83.1587,42.37652],[-83.15859,42.37696],[-83.15873,42.37731],[-83.15878,42.37875],[-83.15867,42.37919],[-83.15881,42.37953],[-83.15885,42.38061],[-83.15875,42.38097],[-83.15887,42.38132],[-83.15894,42.38348],[-83.1588,42.38389],[-83.15897,42.38441],[-83.15902,42.38627],[-83.1589,42.38658],[-83.15904,42.38693],[-83.15909,42.38853],[-83.15896,42.38894],[-83.15913,42.38946],[-83.15923,42.39158],[-83.15913,42.39187],[-83.15925,42.39222],[-83.15937,42.39525],[-83.15932,42.39568],[-83.15941,42.39603],[-83.15949,42.39783],[-83.15939,42.39817],[-83.15951,42.39852],[-83.15963,42.40099],[-83.1595,42.40131],[-83.15965,42.40165],[-83.15972,42.40263],[-83.15959,42.40295],[-83.15973,42.40329],[-83.15978,42.40408],[-83.15967,42.4045],[-83.15983,42.40503],[-83.15986,42.40567],[-83.15971,42.40595],[-83.15988,42.40647],[-83.15994,42.40773],[-83.15983,42.40813],[-83.15996,42.40848],[-83.16002,42.40953],[-83.15989,42.4099],[-83.16005,42.41031],[-83.16012,42.41192],[-83.16006,42.41229],[-83.16015,42.41264],[-83.1602,42.41372],[-83.16007,42.41399],[-83.16022,42.41434],[-83.16013,42.41485],[-83.16026,42.41519],[-83.16035,42.41693],[-83.16022,42.41719],[-83.16038,42.41753],[-83.16044,42.41861],[-83.16032,42.41892],[-83.16047,42.41927],[-83.16053,42.42034],[-83.16043,42.42078],[-83.16057,42.42113],[-83.16064,42.42221],[-83.16053,42.42261],[-83.16067,42.42295],[-83.16073,42.42395],[-83.16063,42.4246],[-83.16076,42.42494],[-83.1608,42.42584],[-83.16069,42.42621],[-83.16082,42.42656],[-83.16086,42.42746],[-83.16079,42.42791],[-83.16088,42.42827],[-83.16093,42.42952],[-83.16081,42.42981],[-83.16095,42.43016],[-83.16101,42.43137],[-83.16087,42.43167],[-83.16102,42.43199],[-83.16106,42.43307],[-83.16095,42.43337],[-83.16107,42.43372],[-83.16116,42.43606],[-83.16104,42.43638],[-83.16118,42.43673],[-83.16123,42.43841],[-83.16111,42.43873],[-83.16126,42.43906],[-83.16133,42.44086],[-83.16124,42.44118],[-83.16136,42.44153],[-83.16143,42.44315],[-83.16133,42.44352],[-83.16145,42.44387],[-83.16149,42.44477],[-83.1614,42.44508],[-83.16153,42.44567],[-83.15831,42.44575],[-83.15794,42.44561],[-83.15749,42.44575],[-83.157,42.44577],[-83.15506,42.44582],[-83.15451,42.44571],[-83.15405,42.44584],[-83.15119,42.44591],[-83.15065,42.44579],[-83.14995,42.44594],[-83.14658,42.44601],[-83.14604,42.4459],[-83.14568,42.44603],[-83.14419,42.44606],[-83.14386,42.44595],[-83.14321,42.44608],[-83.1418,42.44611],[-83.14131,42.44601],[-83.14095,42.44614],[-83.13888,42.44618],[-83.13856,42.44605],[-83.13787,42.4462],[-83.13523,42.44625],[-83.13477,42.44615],[-83.1343,42.44626],[-83.1302,42.44636],[-83.12966,42.44627],[-83.1292,42.44638],[-83.12733,42.44623],[-83.12662,42.44634],[-83.12398,42.44635],[-83.12355,42.44644],[-83.12131,42.44657],[-83.11751,42.44662],[-83.11715,42.4465],[-83.11669,42.44663],[-83.11612,42.44665],[-83.11604,42.44365],[-83.11668,42.44366],[-83.11672,42.44474],[-83.11666,42.44501]],[[-83.11666,42.44501],[-83.11688,42.44527],[-83.11729,42.44529],[-83.1174,42.44539],[-83.11747,42.44662],[-83.11657,42.44664],[-83.11634,42.44683],[-83.11651,42.44697],[-83.1209,42.44684],[-83.12154,42.44689],[-83.12525,42.44681],[-83.13161,42.44658],[-83.13203,42.44667],[-83.13298,42.44655],[-83.13367,42.44663],[-83.13414,42.44653],[-83.13535,42.44651],[-83.13579,42.44657],[-83.13724,42.44649],[-83.13773,42.44659],[-83.13811,42.44649],[-83.14011,42.44645],[-83.14066,42.44653],[-83.14129,42.44642],[-83.14211,42.4464],[-83.14263,42.44649],[-83.1431,42.44638],[-83.14456,42.44635],[-83.14499,42.44643],[-83.14546,42.44633],[-83.14699,42.4463],[-83.14758,42.44636],[-83.14805,42.44627],[-83.14935,42.44631],[-83.14983,42.44623],[-83.152,42.44618],[-83.15283,42.44627],[-83.15329,42.44616],[-83.15524,42.44611],[-83.15575,42.4462],[-83.15621,42.44609],[-83.15783,42.44605],[-83.15835,42.44614],[-83.15873,42.44603],[-83.15956,42.44601],[-83.16005,42.44611],[-83.16051,42.446],[-83.16362,42.44593],[-83.16376,42.44578],[-83.16369,42.44563],[-83.16153,42.44567],[-83.16161,42.44531],[-83.1615,42.44496],[-83.16144,42.44353],[-83.16151,42.44311],[-83.16141,42.44275],[-83.16134,42.44113],[-83.16142,42.44073],[-83.16131,42.44038],[-83.16125,42.43894],[-83.16129,42.43822],[-83.16119,42.43697],[-83.16125,42.4366],[-83.16117,42.43625],[-83.16117,42.43462],[-83.16106,42.43318],[-83.16112,42.4328],[-83.16104,42.43244],[-83.16101,42.43137],[-83.1611,42.43106],[-83.16098,42.43075],[-83.16093,42.42967],[-83.16101,42.42935],[-83.1609,42.42882],[-83.16087,42.42792],[-83.16093,42.42753],[-83.16085,42.42718],[-83.16081,42.4261],[-83.16088,42.42577],[-83.16079,42.42542],[-83.16074,42.4242],[-83.1608,42.4239],[-83.16071,42.42354],[-83.16065,42.42246],[-83.16072,42.42218],[-83.16062,42.42183],[-83.16056,42.42075],[-83.16061,42.42033],[-83.16051,42.41998],[-83.16035,42.41699],[-83.16042,42.41668],[-83.16032,42.41639],[-83.16024,42.41459],[-83.16029,42.4143],[-83.16014,42.41221],[-83.16018,42.41191],[-83.16011,42.41156],[-83.16007,42.40946],[-83.15994,42.40792],[-83.16001,42.40764],[-83.15992,42.40728],[-83.15988,42.40649],[-83.15996,42.40596],[-83.15986,42.40569],[-83.15979,42.40418],[-83.15984,42.40384],[-83.15975,42.40343],[-83.1597,42.40248],[-83.15978,42.4022],[-83.15967,42.40185],[-83.15959,42.40027],[-83.1597,42.39995],[-83.15955,42.39942],[-83.15952,42.39852],[-83.1596,42.39814],[-83.15949,42.39782],[-83.15937,42.3953],[-83.15946,42.39499],[-83.15935,42.39464],[-83.15924,42.39176],[-83.15929,42.39141],[-83.15921,42.39106],[-83.1591,42.38872],[-83.15904,42.38665],[-83.15919,42.38625],[-83.15901,42.38593],[-83.15886,42.38076],[-83.15891,42.38049],[-83.15883,42.38013],[-83.15871,42.3767],[-83.15878,42.37642],[-83.15869,42.37607],[-83.15859,42.37353],[-83.15866,42.37317],[-83.15856,42.37282],[-83.15853,42.37219],[-83.1586,42.37179],[-83.15848,42.37132],[-83.15845,42.3706],[-83.15851,42.3703],[-83.15838,42.36933],[-83.15844,42.3689],[-83.15834,42.36854],[-83.15836,42.36744],[-83.15828,42.36709],[-83.15823,42.36606],[-83.15831,42.3658],[-83.1582,42.36551],[-83.15815,42.36403],[-83.15823,42.36363],[-83.15812,42.36323],[-83.15806,42.3616],[-83.15813,42.36112],[-83.15801,42.36025],[-83.15798,42.35891],[-83.15805,42.35848],[-83.15793,42.35813],[-83.15787,42.35723],[-83.15783,42.35669],[-83.15789,42.35633],[-83.15779,42.35598],[-83.15768,42.35418],[-83.15774,42.35387],[-83.15764,42.35352],[-83.15755,42.35174],[-83.15763,42.3514],[-83.15752,42.35112],[-83.15747,42.35004],[-83.15755,42.34963],[-83.15744,42.34928],[-83.1574,42.34838],[-83.15749,42.34798],[-83.15738,42.34763],[-83.15732,42.34619],[-83.15741,42.34591],[-83.1573,42.34556],[-83.15726,42.34452],[-83.15726,42.34416],[-83.15737,42.34383],[-83.15726,42.3435],[-83.15718,42.34148],[-83.15727,42.34116],[-83.15715,42.34063],[-83.15708,42.33896],[-83.15715,42.33863],[-83.15706,42.33828],[-83.15685,42.33325],[-83.15694,42.33285],[-83.15683,42.3325],[-83.15681,42.33178],[-83.1568,42.33124],[-83.15694,42.33097],[-83.15678,42.33063],[-83.15667,42.32823],[-83.15658,42.32769],[-83.15668,42.32743],[-83.15656,42.32716],[-83.15649,42.3248],[-83.15653,42.32456],[-83.15675,42.3242],[-83.15678,42.32384],[-83.15746,42.32201],[-83.15826,42.31943],[-83.15844,42.31919],[-83.15795,42.31832],[-83.15515,42.31456],[-83.15512,42.31429],[-83.15477,42.31404],[-83.1531,42.31179],[-83.15394,42.31144],[-83.15473,42.31091],[-83.15739,42.30987],[-83.15698,42.30917],[-83.15669,42.30888],[-83.15569,42.30749],[-83.15554,42.30715],[-83.15524,42.30687],[-83.15287,42.30358],[-83.15219,42.30263],[-83.15203,42.30228],[-83.15174,42.30199],[-83.14932,42.29869],[-83.14855,42.29961],[-83.14707,42.30164],[-83.14741,42.30212],[-83.14755,42.30247],[-83.148,42.30295],[-83.14834,42.30273],[-83.14838,42.30248],[-83.14748,42.30043],[-83.14393,42.29557],[-83.14294,42.29463],[-83.14212,42.29413],[-83.14128,42.29398],[-83.13705,42.29376],[-83.13592,42.2936],[-83.13544,42.29363],[-83.13058,42.29324],[-83.13018,42.29313],[-83.12979,42.29317],[-83.12546,42.2928],[-83.12488,42.2926],[-83.12439,42.29256],[-83.12249,42.29212],[-83.12218,42.29198],[-83.12179,42.29196],[-83.12062,42.29169],[-83.12014,42.29179],[-83.11967,42.29204],[-83.11536,42.29376],[-83.11489,42.29386]]]}},{"type":"Feature","properties":{"agency":"ddot","agency_label":"DDOT","route":"60","name":"Evergreen","route_type":3},"geometry":{"type":"MultiLineString","coordinates":[[[-83.21966,42.31826],[-83.21923,42.31842],[-83.21854,42.31855],[-83.21835,42.31794],[-83.21825,42.31695],[-83.21834,42.31636],[-83.21859,42.31571],[-83.21916,42.31471],[-83.21987,42.31397],[-83.22044,42.31355],[-83.22131,42.31319],[-83.22259,42.31308],[-83.22381,42.31315],[-83.22413,42.31271],[-83.2247,42.31239],[-83.22617,42.31225],[-83.22647,42.31231],[-83.22678,42.31258],[-83.22717,42.31507],[-83.2275,42.31599],[-83.22827,42.31717],[-83.22819,42.31753],[-83.22865,42.31766],[-83.23137,42.32139],[-83.23194,42.32197],[-83.23281,42.32266],[-83.23312,42.32303],[-83.23345,42.32373],[-83.23376,42.32513],[-83.23398,42.32517],[-83.23412,42.32489],[-83.23389,42.32426],[-83.23366,42.32421],[-83.23358,42.3243],[-83.23467,42.32986],[-83.2349,42.33162],[-83.23483,42.33197],[-83.23497,42.33229],[-83.23502,42.33307],[-83.23512,42.33573],[-83.23503,42.33604],[-83.23515,42.33639],[-83.23526,42.33927],[-83.23518,42.33969],[-83.23529,42.34005],[-83.23541,42.34315],[-83.23531,42.34342],[-83.23543,42.34376],[-83.23554,42.34664],[-83.23547,42.34699],[-83.23556,42.34734],[-83.23569,42.35078],[-83.23553,42.35105],[-83.23572,42.35157],[-83.23582,42.35379],[-83.23571,42.35416],[-83.23584,42.3545],[-83.23596,42.35718],[-83.23597,42.35754],[-83.23584,42.35785],[-83.23598,42.35819],[-83.23602,42.36098],[-83.23591,42.36138],[-83.23602,42.36173],[-83.23606,42.36473],[-83.23592,42.36504],[-83.23608,42.36533],[-83.2362,42.36929],[-83.2361,42.36965],[-83.23622,42.37],[-83.23628,42.37192],[-83.2361,42.37221],[-83.23629,42.37254],[-83.23631,42.37272],[-83.23642,42.3764],[-83.23625,42.37666],[-83.23647,42.37717],[-83.23667,42.38024],[-83.23679,42.38391],[-83.23663,42.38417],[-83.23681,42.38451],[-83.23687,42.38628],[-83.23671,42.38656],[-83.23689,42.38689],[-83.2369,42.38707],[-83.23696,42.38858],[-83.23686,42.38887],[-83.23699,42.38922],[-83.23705,42.39084],[-83.23696,42.39124],[-83.23708,42.39158],[-83.23716,42.39345],[-83.23705,42.39373],[-83.23718,42.39408],[-83.23734,42.39792],[-83.23724,42.39827],[-83.23736,42.39861],[-83.23744,42.40067],[-83.23733,42.40098],[-83.23748,42.4015],[-83.2376,42.40413],[-83.23751,42.40454],[-83.23763,42.40489],[-83.23781,42.40857],[-83.23772,42.40885],[-83.23784,42.4092],[-83.23799,42.41136],[-83.23792,42.41169],[-83.23803,42.41204],[-83.23823,42.41521],[-83.23814,42.41552],[-83.23826,42.41585],[-83.2384,42.41908],[-83.23831,42.41945],[-83.23843,42.4198],[-83.23854,42.42225],[-83.23847,42.42258],[-83.23857,42.42294],[-83.23863,42.42437],[-83.23854,42.42469],[-83.23866,42.42504],[-83.23875,42.42702],[-83.23865,42.42738],[-83.23878,42.42773],[-83.23889,42.4296],[-83.23873,42.42991],[-83.23891,42.43022],[-83.23901,42.43302],[-83.23889,42.43344],[-83.23905,42.43388],[-83.23915,42.43663],[-83.23904,42.43702],[-83.23918,42.43736],[-83.23928,42.43969],[-83.23914,42.44008],[-83.2393,42.44036],[-83.23947,42.44528],[-83.23936,42.44564],[-83.23949,42.44607],[-83.23964,42.45098],[-83.23956,42.4514],[-83.23967,42.45184],[-83.23979,42.45564],[-83.23981,42.45671],[-83.23967,42.45699],[-83.23981,42.45733],[-83.23985,42.45831],[-83.2397,42.4587],[-83.23988,42.45903],[-83.23998,42.46059],[-83.23999,42.46148],[-83.23991,42.46184],[-83.24006,42.46237],[-83.24022,42.4656],[-83.24023,42.46596],[-83.24011,42.46636],[-83.24023,42.4667],[-83.24028,42.46787],[-83.24022,42.46827],[-83.24031,42.46869],[-83.24037,42.47007],[-83.24036,42.47168],[-83.24039,42.4721],[-83.24158,42.47289],[-83.24246,42.47364]],[[-83.24075,42.47373],[-83.24057,42.4734],[-83.24055,42.47322],[-83.24056,42.47106],[-83.24067,42.47072],[-83.24039,42.4701],[-83.24031,42.46849],[-83.24041,42.46812],[-83.24028,42.46777],[-83.24023,42.46617],[-83.24029,42.46583],[-83.23999,42.46152],[-83.24004,42.46096],[-83.23985,42.45831],[-83.23998,42.45794],[-83.23981,42.45747],[-83.23977,42.45513],[-83.23985,42.45486],[-83.23976,42.45457],[-83.23964,42.45095],[-83.23974,42.45069],[-83.23962,42.45034],[-83.23954,42.44842],[-83.23952,42.44721],[-83.23962,42.44686],[-83.2395,42.44651],[-83.23947,42.44347],[-83.23934,42.44222],[-83.23936,42.44013],[-83.23928,42.43978],[-83.23927,42.43817],[-83.23916,42.4368],[-83.23922,42.43646],[-83.23913,42.4361],[-83.23914,42.4348],[-83.23901,42.4332],[-83.23908,42.43282],[-83.23899,42.43247],[-83.23894,42.43136],[-83.23893,42.43064],[-83.23901,42.43029],[-83.2389,42.42986],[-83.23897,42.42932],[-83.23886,42.42899],[-83.23881,42.42819],[-83.23877,42.4273],[-83.23882,42.42697],[-83.23874,42.42662],[-83.23869,42.42554],[-83.23864,42.42464],[-83.23871,42.42433],[-83.23861,42.42379],[-83.23855,42.42239],[-83.23861,42.42208],[-83.23851,42.42155],[-83.23844,42.41873],[-83.23823,42.41521],[-83.23827,42.41483],[-83.23818,42.4144],[-83.23787,42.40979],[-83.23781,42.40857],[-83.23791,42.40814],[-83.23776,42.40774],[-83.23761,42.40433],[-83.23768,42.404],[-83.23758,42.40365],[-83.23755,42.40293],[-83.23745,42.40071],[-83.2375,42.40038],[-83.23742,42.39995],[-83.23734,42.39792],[-83.23739,42.39753],[-83.2373,42.39713],[-83.23731,42.39564],[-83.23723,42.39529],[-83.23716,42.39352],[-83.23724,42.39321],[-83.23713,42.39291],[-83.23697,42.38875],[-83.23702,42.38845],[-83.23695,42.3881],[-83.23687,42.38628],[-83.237,42.38599],[-83.23684,42.38566],[-83.2368,42.38417],[-83.2369,42.3838],[-83.23678,42.38345],[-83.23643,42.37658],[-83.23655,42.376],[-83.23641,42.37566],[-83.23628,42.37192],[-83.23642,42.37159],[-83.23626,42.37127],[-83.23613,42.36715],[-83.23619,42.36687],[-83.23611,42.36651],[-83.23606,42.36473],[-83.23614,42.36443],[-83.23605,42.36413],[-83.23602,42.36114],[-83.23609,42.36088],[-83.23601,42.36052],[-83.23597,42.3576],[-83.23607,42.35733],[-83.23595,42.357],[-83.23588,42.35576],[-83.23587,42.35377],[-83.23575,42.35233],[-83.23541,42.34315],[-83.23546,42.3428],[-83.23538,42.34235],[-83.23528,42.33966],[-83.23533,42.33927],[-83.23525,42.33891],[-83.23513,42.33586],[-83.23519,42.33546],[-83.2351,42.3351],[-83.23497,42.33229],[-83.23508,42.33201],[-83.23498,42.33166],[-83.235,42.32986],[-83.23491,42.32914],[-83.23408,42.32518],[-83.23412,42.32489],[-83.23395,42.32455],[-83.23368,42.32326],[-83.2335,42.32279],[-83.233,42.32218],[-83.23227,42.32165],[-83.23136,42.32079],[-83.22826,42.31649],[-83.22772,42.31545],[-83.2274,42.31394],[-83.22728,42.3138],[-83.22697,42.31382],[-83.22723,42.31525],[-83.2275,42.31599],[-83.22827,42.31717],[-83.22819,42.31753],[-83.22865,42.31766],[-83.22877,42.31781],[-83.22882,42.31811],[-83.22861,42.31836],[-83.22789,42.3186],[-83.2274,42.31863],[-83.22609,42.31844],[-83.22572,42.31903],[-83.22544,42.31932],[-83.22442,42.31995],[-83.22361,42.32022],[-83.22244,42.32029],[-83.22247,42.31953],[-83.22268,42.31886],[-83.2214,42.31842],[-83.22099,42.31791],[-83.22012,42.31824],[-83.21966,42.31826]]]}},{"type":"Feature","properties":{"agency":"ddot","agency_label":"DDOT","route":"6","name":"Gratiot","route_type":3},"geometry":{"type":"MultiLineString","coordinates":[[[-83.05707,42.33138],[-83.05745,42.33169],[-83.05501,42.3317],[-83.05445,42.33157],[-83.0541,42.3317],[-83.05244,42.3317],[-83.0521,42.33157],[-83.05165,42.33169],[-83.0512,42.3317],[-83.05123,42.3314],[-83.05052,42.33057],[-83.05031,42.33016],[-83.04994,42.32981],[-83.04862,42.32801],[-83.04708,42.32867],[-83.04655,42.32877],[-83.04621,42.32903],[-83.04486,42.32963],[-83.04439,42.32964],[-83.04416,42.32993],[-83.04252,42.33063],[-83.04328,42.33174],[-83.04342,42.33208],[-83.0443,42.33331],[-83.04433,42.3336],[-83.04471,42.33383],[-83.04493,42.33423],[-83.04542,42.33469],[-83.04482,42.33546],[-83.04466,42.33552],[-83.04467,42.33585],[-83.04408,42.33664],[-83.04364,42.33688],[-83.0436,42.33724],[-83.0428,42.33832],[-83.04236,42.33854],[-83.04232,42.33894],[-83.04166,42.33982],[-83.04103,42.34062],[-83.04066,42.34078],[-83.04069,42.34106],[-83.04001,42.34193],[-83.03965,42.34206],[-83.03974,42.3421],[-83.03866,42.34351],[-83.03839,42.34384],[-83.0383,42.3438],[-83.03839,42.34384],[-83.03747,42.34503],[-83.03737,42.34503],[-83.03741,42.34532],[-83.03421,42.34947],[-83.03388,42.3496],[-83.03383,42.34995],[-83.03207,42.35252],[-83.03174,42.3527],[-83.03172,42.35305],[-83.02996,42.35576],[-83.02962,42.35597],[-83.02962,42.35626],[-83.02909,42.35707],[-83.02881,42.35725],[-83.02873,42.3576],[-83.02754,42.35943],[-83.02719,42.35961],[-83.02717,42.35997],[-83.02708,42.36014],[-83.02568,42.36227],[-83.02529,42.36256],[-83.02529,42.36287],[-83.02398,42.36486],[-83.02365,42.36505],[-83.02361,42.36541],[-83.02319,42.36606],[-83.02239,42.36727],[-83.02204,42.36739],[-83.02204,42.3678],[-83.01993,42.37098],[-83.0195,42.37122],[-83.01956,42.37155],[-83.01761,42.37448],[-83.01729,42.37461],[-83.01727,42.37497],[-83.01718,42.37514],[-83.016,42.37691],[-83.01566,42.37707],[-83.01564,42.37743],[-83.01555,42.37759],[-83.0145,42.37917],[-83.01417,42.37935],[-83.01413,42.37971],[-83.01403,42.37987],[-83.01247,42.38223],[-83.01204,42.38249],[-83.01208,42.3828],[-83.01149,42.38373],[-83.01109,42.38391],[-83.0111,42.38431],[-83.00992,42.3861],[-83.00956,42.38627],[-83.00955,42.38663],[-83.00851,42.38822],[-83.00815,42.38839],[-83.00814,42.38875],[-83.00797,42.38904],[-83.0075,42.38976],[-83.00711,42.39001],[-83.00711,42.39035],[-83.00497,42.39358],[-83.00455,42.39385],[-83.00455,42.39421],[-83.00402,42.39502],[-83.00392,42.39516],[-83.00358,42.3953],[-83.00351,42.39578],[-83.00287,42.39675],[-83.00247,42.39698],[-83.00247,42.39734],[-83.00233,42.39759],[-83.00048,42.40041],[-83.00012,42.40057],[-83.00012,42.40093],[-83.00003,42.4011],[-82.99871,42.40312],[-82.99835,42.40326],[-82.99836,42.40366],[-82.99786,42.40443],[-82.9975,42.40458],[-82.99753,42.40494],[-82.99648,42.40652],[-82.99613,42.40665],[-82.99613,42.40705],[-82.99501,42.40876],[-82.99467,42.40889],[-82.99464,42.40935],[-82.9938,42.41063],[-82.99347,42.41075],[-82.99341,42.41123],[-82.99219,42.41308],[-82.99181,42.41326],[-82.99181,42.41367],[-82.99112,42.41471],[-82.99072,42.41491],[-82.99073,42.41532],[-82.9894,42.41734],[-82.98903,42.41748],[-82.98907,42.41784],[-82.9873,42.42056],[-82.98694,42.42075],[-82.98685,42.42124],[-82.98576,42.4229],[-82.98537,42.42313],[-82.98534,42.42355],[-82.98455,42.42474],[-82.98411,42.42501],[-82.98412,42.42537],[-82.9836,42.42618],[-82.98301,42.42707],[-82.9826,42.4273],[-82.98257,42.42774],[-82.98225,42.42823],[-82.98191,42.42838],[-82.98189,42.42874],[-82.9818,42.4289],[-82.98057,42.43078],[-82.98021,42.43095],[-82.9802,42.43131],[-82.9794,42.43255],[-82.97905,42.4327],[-82.9791,42.43301],[-82.97772,42.4351],[-82.97731,42.43535],[-82.9773,42.43571],[-82.97721,42.43587],[-82.9765,42.43695],[-82.97612,42.43715],[-82.97611,42.43751],[-82.97501,42.43922],[-82.97457,42.4395],[-82.97463,42.4398],[-82.97396,42.44082],[-82.97274,42.44266],[-82.97241,42.44284],[-82.97237,42.4432],[-82.97149,42.44455],[-82.97117,42.44468],[-82.97115,42.44504],[-82.97018,42.44653],[-82.96982,42.44671],[-82.9698,42.44707],[-82.96971,42.44723],[-82.96856,42.44897],[-82.96815,42.44917],[-82.96815,42.44957],[-82.96796,42.44986],[-82.96475,42.44994],[-82.96466,42.45003],[-82.96468,42.45023],[-82.96541,42.45022],[-82.96589,42.45032]],[[-82.96851,42.44934],[-82.96856,42.44898],[-82.96867,42.44882],[-82.96989,42.44697],[-82.97021,42.44675],[-82.97028,42.4464],[-82.97101,42.44528],[-82.97135,42.44503],[-82.97141,42.44468],[-82.97283,42.44253],[-82.97321,42.44228],[-82.97325,42.44192],[-82.97334,42.44175],[-82.97405,42.44068],[-82.97441,42.44041],[-82.97447,42.44006],[-82.97463,42.4398],[-82.97643,42.43706],[-82.97673,42.43688],[-82.97689,42.43635],[-82.97772,42.4351],[-82.9781,42.43479],[-82.97822,42.43434],[-82.97962,42.43222],[-82.97994,42.43199],[-82.9801,42.43149],[-82.98131,42.42966],[-82.98158,42.42945],[-82.98168,42.4291],[-82.98317,42.42683],[-82.98345,42.42665],[-82.98358,42.42622],[-82.98454,42.42476],[-82.98485,42.42446],[-82.98497,42.42411],[-82.98619,42.42226],[-82.98647,42.42203],[-82.98657,42.42168],[-82.98762,42.42007],[-82.98795,42.41981],[-82.98803,42.41945],[-82.98868,42.41844],[-82.989,42.41824],[-82.98915,42.41772],[-82.99035,42.41589],[-82.99074,42.41558],[-82.9909,42.41506],[-82.99214,42.41317],[-82.99251,42.41286],[-82.99268,42.41234],[-82.99341,42.41123],[-82.99374,42.41097],[-82.99392,42.41045],[-82.99512,42.4086],[-82.99546,42.40834],[-82.99557,42.40791],[-82.99668,42.40622],[-82.99696,42.40603],[-82.99704,42.40568],[-82.99746,42.40503],[-82.99782,42.40478],[-82.99797,42.40426],[-82.99876,42.40304],[-82.99904,42.40285],[-82.99912,42.4025],[-83.00048,42.40041],[-83.00085,42.4001],[-83.00087,42.39982],[-83.00254,42.39726],[-83.00287,42.39703],[-83.00293,42.39668],[-83.00346,42.39586],[-83.00373,42.39562],[-83.00392,42.39516],[-83.00476,42.39401],[-83.00551,42.39276],[-83.0058,42.39259],[-83.00597,42.39207],[-83.00699,42.39053],[-83.00735,42.39023],[-83.00743,42.38987],[-83.00797,42.38904],[-83.00834,42.38872],[-83.00843,42.38836],[-83.00924,42.38713],[-83.00956,42.38692],[-83.00972,42.38639],[-83.0111,42.38431],[-83.0114,42.38412],[-83.01157,42.3836],[-83.01371,42.38036],[-83.01404,42.38013],[-83.0141,42.37977],[-83.01471,42.37885],[-83.015,42.37868],[-83.01507,42.37833],[-83.01596,42.37698],[-83.01627,42.37677],[-83.01634,42.37641],[-83.01673,42.37582],[-83.01703,42.37564],[-83.01709,42.37528],[-83.01869,42.37286],[-83.01903,42.37262],[-83.01919,42.3721],[-83.02036,42.37033],[-83.02066,42.3701],[-83.02075,42.36975],[-83.02236,42.36731],[-83.0227,42.36705],[-83.02282,42.36663],[-83.02416,42.3646],[-83.02453,42.36428],[-83.02461,42.36392],[-83.02621,42.36146],[-83.0265,42.36127],[-83.02652,42.36099],[-83.0281,42.35858],[-83.02841,42.35833],[-83.0285,42.35798],[-83.02892,42.35733],[-83.0293,42.357],[-83.02948,42.35648],[-83.03022,42.35535],[-83.03057,42.35505],[-83.03065,42.3547],[-83.03193,42.35272],[-83.0323,42.35243],[-83.03237,42.35207],[-83.03304,42.35105],[-83.03343,42.35051],[-83.03373,42.35032],[-83.03395,42.34981],[-83.035,42.34844],[-83.03534,42.34822],[-83.03544,42.34787],[-83.03739,42.34535],[-83.03773,42.34511],[-83.03785,42.34476],[-83.03869,42.34367],[-83.03901,42.34348],[-83.03912,42.34322],[-83.03974,42.34239],[-83.03994,42.34225],[-83.03999,42.34208],[-83.04297,42.3382],[-83.04312,42.33809],[-83.04397,42.33689],[-83.04416,42.33674],[-83.04546,42.33487],[-83.04549,42.33471],[-83.04473,42.33385],[-83.04385,42.33267],[-83.04368,42.33223],[-83.04354,42.33212],[-83.04346,42.33139],[-83.0422,42.3299],[-83.04419,42.32911],[-83.04452,42.32888],[-83.04807,42.32739],[-83.04916,42.32873],[-83.04942,42.32919],[-83.05065,42.33078],[-83.05067,42.33096],[-83.05084,42.33125],[-83.05081,42.33167],[-83.05293,42.3317],[-83.0534,42.33179],[-83.05434,42.3317],[-83.05471,42.33182],[-83.05517,42.3317],[-83.05777,42.33169],[-83.05669,42.33031],[-83.05657,42.33029],[-83.05644,42.33041],[-83.05693,42.33103],[-83.05707,42.33138]]]}},{"type":"Feature","properties":{"agency":"ddot","agency_label":"DDOT","route":"67","name":"Cadillac-Harper","route_type":3},"geometry":{"type":"MultiLineString","coordinates":[[[-83.05241,42.33309],[-83.05231,42.33274],[-83.05229,42.33198],[-83.05248,42.33187],[-83.05264,42.33201],[-83.05263,42.33273],[-83.05252,42.33339],[-83.05228,42.33368],[-83.05121,42.3337],[-83.05123,42.3314],[-83.05116,42.33141],[-83.05088,42.33091],[-83.05069,42.33081],[-83.05022,42.3302],[-83.05031,42.33016],[-83.05022,42.3302],[-83.05012,42.33007],[-83.04862,42.32801],[-83.04708,42.32867],[-83.04655,42.32877],[-83.04621,42.32903],[-83.04486,42.32963],[-83.04439,42.32964],[-83.04416,42.32993],[-83.04172,42.33098],[-83.04119,42.3311],[-83.04063,42.33145],[-83.03876,42.33226],[-83.03833,42.33234],[-83.03798,42.33259],[-83.03587,42.33351],[-83.03549,42.33355],[-83.03495,42.3339],[-83.0343,42.33409],[-83.03395,42.33433],[-83.03311,42.3347],[-83.03257,42.33481],[-83.03223,42.33507],[-83.03013,42.33598],[-83.02957,42.33611],[-83.0287,42.3366],[-83.02792,42.33681],[-83.02758,42.33707],[-83.02532,42.33805],[-83.02491,42.3381],[-83.02438,42.33846],[-83.02332,42.33891],[-83.02284,42.339],[-83.02229,42.33935],[-83.02042,42.34016],[-83.01998,42.34024],[-83.01955,42.34053],[-83.01719,42.34155],[-83.0168,42.34172],[-83.01635,42.34178],[-83.01605,42.34204],[-83.01416,42.34285],[-83.01375,42.34291],[-83.01341,42.34317],[-83.01048,42.34443],[-83.01072,42.34497],[-83.011,42.34523],[-83.012,42.34674],[-83.01223,42.34722],[-83.0127,42.34772],[-83.01437,42.35032],[-83.01448,42.35066],[-83.01478,42.35095],[-83.01586,42.35259],[-83.01546,42.35261],[-83.01489,42.35294],[-83.01197,42.354],[-83.01158,42.35402],[-83.01132,42.35424],[-83.00807,42.35542],[-83.0077,42.35542],[-83.00727,42.35571],[-83.00549,42.35635],[-83.00496,42.35644],[-83.0046,42.35668],[-83.00296,42.35727],[-83.00255,42.35729],[-83.00213,42.35757],[-82.99998,42.3584],[-82.99957,42.35843],[-82.99902,42.35878],[-82.99719,42.3595],[-82.99674,42.35955],[-82.99647,42.35979],[-82.99438,42.36062],[-82.99385,42.36068],[-82.99359,42.36093],[-82.99076,42.36205],[-82.99023,42.36211],[-82.98983,42.36242],[-82.98777,42.36324],[-82.98792,42.36356],[-82.98825,42.36389],[-82.98938,42.36547],[-82.98958,42.36588],[-82.98988,42.36617],[-82.99078,42.3674],[-82.99091,42.36774],[-82.99122,42.36802],[-82.99184,42.369],[-82.9926,42.36993],[-82.99275,42.37028],[-82.99305,42.37056],[-82.99374,42.37151],[-82.99388,42.37189],[-82.99414,42.37207],[-82.99102,42.37351],[-82.99096,42.37382],[-82.99126,42.37411],[-82.99229,42.37563],[-82.99238,42.37595],[-82.99269,42.37623],[-82.99388,42.378],[-82.99402,42.37839],[-82.99433,42.37866],[-82.99498,42.37963],[-82.99511,42.37994],[-82.99534,42.38016],[-82.99684,42.38238],[-82.99704,42.38288],[-82.99736,42.38316],[-82.99833,42.38461],[-82.99841,42.38491],[-82.99872,42.38519],[-82.99916,42.38583],[-82.99933,42.38623],[-82.99962,42.38652],[-83.00016,42.38732],[-83.00028,42.38768],[-83.00059,42.38796],[-83.00146,42.38925],[-83.00165,42.38966],[-83.00193,42.38995],[-83.00366,42.39252],[-83.00375,42.39283],[-83.00423,42.39328],[-83.00169,42.3937],[-83.00119,42.39365],[-83.00079,42.39385],[-82.99905,42.39417],[-82.9975,42.39471],[-82.99712,42.39469],[-82.99683,42.39495],[-82.99553,42.39551],[-82.99524,42.39559],[-82.99519,42.39549],[-82.99524,42.39559],[-82.99429,42.39582],[-82.99113,42.39682],[-82.99074,42.39682],[-82.99022,42.39713],[-82.98955,42.39733],[-82.98898,42.39736],[-82.9884,42.39767],[-82.98633,42.39828],[-82.98596,42.39826],[-82.98559,42.3985],[-82.98446,42.39884],[-82.98388,42.39887],[-82.98351,42.39911],[-82.9832,42.39921],[-82.98252,42.39941],[-82.98196,42.39944],[-82.98159,42.39968],[-82.97888,42.40049],[-82.97847,42.40047],[-82.97811,42.40071],[-82.9763,42.40125],[-82.97589,42.40123],[-82.97562,42.40145],[-82.97339,42.40211],[-82.97281,42.40214],[-82.97222,42.40245],[-82.96978,42.40317],[-82.96931,42.40318],[-82.96872,42.40348],[-82.96461,42.40469],[-82.9642,42.40469],[-82.96383,42.40491],[-82.96179,42.40552],[-82.96122,42.40557],[-82.96084,42.40579],[-82.95972,42.40614],[-82.95636,42.4071],[-82.95588,42.40711],[-82.95557,42.40732],[-82.9545,42.40758],[-82.95405,42.40758],[-82.95363,42.40777],[-82.95123,42.40832],[-82.95065,42.40836],[-82.94967,42.40888],[-82.94926,42.40902],[-82.94726,42.40922],[-82.94663,42.40943],[-82.94562,42.40989],[-82.94524,42.41034],[-82.94456,42.41086],[-82.94409,42.41105],[-82.9437,42.4115],[-82.94243,42.41246],[-82.94193,42.41267],[-82.94171,42.41299],[-82.94042,42.41397],[-82.94007,42.41407],[-82.93983,42.41438],[-82.93818,42.41563],[-82.93683,42.41639],[-82.93621,42.41647],[-82.93592,42.41676],[-82.93432,42.41772],[-82.93384,42.41789],[-82.93362,42.41817],[-82.93233,42.41907],[-82.93209,42.41958],[-82.93175,42.41999],[-82.93142,42.42022],[-82.93129,42.42057],[-82.9307,42.42134],[-82.93032,42.42166],[-82.93017,42.42201],[-82.92843,42.42423],[-82.9281,42.424],[-82.92771,42.42393],[-82.92619,42.42319],[-82.92588,42.42298],[-82.92352,42.42206],[-82.92318,42.42184],[-82.92229,42.42156],[-82.92184,42.4213],[-82.92101,42.42105],[-82.91967,42.42043],[-82.9192,42.42032],[-82.91771,42.41973],[-82.9174,42.41951],[-82.91693,42.41941],[-82.91529,42.41875],[-82.91473,42.41842],[-82.91426,42.41832],[-82.91132,42.4172],[-82.91123,42.41736],[-82.91271,42.418],[-82.913,42.41827]],[[-82.913,42.41827],[-82.91347,42.41837],[-82.91717,42.41989],[-82.91751,42.4201],[-82.91795,42.4202],[-82.91944,42.42082],[-82.91989,42.42107],[-82.92035,42.42119],[-82.92298,42.42223],[-82.92603,42.42142],[-82.92643,42.42121],[-82.92727,42.421],[-82.92767,42.42079],[-82.92904,42.42037],[-82.93073,42.41972],[-82.93152,42.4197],[-82.93199,42.41983],[-82.93219,42.41974],[-82.93274,42.41895],[-82.93348,42.41826],[-82.93561,42.41691],[-82.93711,42.41633],[-82.93743,42.41606],[-82.93817,42.41564],[-82.93938,42.41472],[-82.93974,42.41457],[-82.94001,42.41427],[-82.94242,42.41247],[-82.94274,42.4123],[-82.9443,42.41105],[-82.94466,42.41088],[-82.94493,42.41058],[-82.94603,42.40975],[-82.94642,42.40953],[-82.94696,42.4094],[-82.94724,42.40922],[-82.94926,42.40902],[-82.95019,42.40861],[-82.95099,42.40838],[-82.95542,42.40735],[-82.95585,42.40731],[-82.95617,42.40716],[-82.9608,42.40581],[-82.96126,42.40577],[-82.96177,42.40552],[-82.96458,42.4047],[-82.96501,42.40467],[-82.96563,42.40439],[-82.96945,42.40327],[-82.96982,42.40326],[-82.97044,42.40298],[-82.97328,42.40214],[-82.97368,42.4021],[-82.97409,42.40191],[-82.97585,42.40138],[-82.97626,42.40134],[-82.97667,42.40114],[-82.97848,42.40061],[-82.97896,42.40057],[-82.97957,42.40028],[-82.98206,42.39955],[-82.98251,42.3995],[-82.98291,42.3993],[-82.98433,42.39887],[-82.98471,42.39884],[-82.98512,42.39864],[-82.98746,42.39795],[-82.98789,42.39789],[-82.98831,42.3977],[-82.99017,42.39715],[-82.99055,42.39712],[-82.99117,42.39684],[-82.99332,42.39616],[-82.99382,42.39609],[-82.99443,42.39581],[-82.99532,42.39562],[-82.99693,42.39501],[-82.99737,42.39476],[-82.99905,42.39417],[-83.00039,42.39393],[-83.00078,42.39394],[-83.00122,42.39379],[-83.00423,42.39328],[-83.00168,42.38958],[-83.00154,42.38923],[-83.00125,42.38894],[-82.99927,42.38591],[-82.99868,42.38512],[-82.99829,42.38443],[-82.99726,42.38301],[-82.99709,42.38262],[-82.99684,42.38238],[-82.99534,42.38016],[-82.99521,42.37984],[-82.99498,42.37962],[-82.994,42.37818],[-82.99389,42.37787],[-82.9936,42.37758],[-82.99241,42.37581],[-82.99222,42.37535],[-82.99191,42.37506],[-82.9912,42.37402],[-82.99107,42.37348],[-82.99197,42.37308],[-82.98865,42.36858],[-82.98847,42.36818],[-82.98816,42.3679],[-82.98706,42.36629],[-82.98557,42.36434],[-82.98565,42.36431],[-82.98557,42.36434],[-82.98541,42.36412],[-82.98798,42.36309],[-82.98802,42.36315],[-82.98798,42.36309],[-82.99108,42.36189],[-82.99111,42.36194],[-82.99108,42.36189],[-82.99292,42.36115],[-82.99297,42.36122],[-82.99292,42.36115],[-82.99308,42.36108],[-82.99608,42.35996],[-82.99604,42.35992],[-82.99991,42.35839],[-83.00017,42.35829],[-83.00025,42.35838],[-83.00017,42.35829],[-83.00176,42.35766],[-83.00249,42.35739],[-83.00256,42.3575],[-83.00249,42.35739],[-83.00443,42.35671],[-83.00448,42.35679],[-83.00443,42.35671],[-83.01085,42.35437],[-83.01089,42.35444],[-83.01085,42.35437],[-83.01583,42.35257],[-83.01569,42.35221],[-83.01539,42.35187],[-83.01475,42.3509],[-83.01458,42.3505],[-83.0143,42.35021],[-83.0127,42.34772],[-83.01219,42.34658],[-83.01076,42.34451],[-83.01125,42.34436],[-83.01225,42.34385],[-83.01549,42.34246],[-83.01593,42.34234],[-83.01637,42.34208],[-83.03617,42.33356],[-83.0367,42.33335],[-83.03759,42.33313],[-83.03876,42.33317],[-83.03964,42.33294],[-83.04917,42.32884],[-83.05087,42.33121],[-83.05083,42.3317],[-83.05268,42.3317],[-83.05382,42.33358],[-83.0537,42.33362],[-83.05334,42.33409],[-83.05228,42.33368],[-83.05241,42.33326]]]}},{"type":"Feature","properties":{"agency":"ddot","agency_label":"DDOT","route":"68","name":"Chalmers","route_type":3},"geometry":{"type":"MultiLineString","coordinates":[[[-82.97019,42.36604],[-82.96985,42.36578],[-82.96897,42.36433],[-82.96892,42.36378],[-82.96922,42.3627],[-82.96921,42.36215],[-82.96909,42.3618],[-82.96832,42.36053],[-82.96788,42.36057],[-82.96762,42.36079],[-82.96385,42.36215],[-82.96342,42.36219],[-82.96284,42.36251],[-82.95792,42.36429],[-82.95746,42.36431],[-82.95691,42.36465],[-82.95311,42.36602],[-82.95273,42.36603],[-82.95238,42.36628],[-82.95033,42.36702],[-82.95025,42.36669],[-82.94994,42.36641],[-82.94944,42.36576],[-82.94908,42.3655],[-82.94822,42.36514],[-82.9477,42.36469],[-82.94754,42.36425],[-82.94675,42.36337],[-82.94625,42.36252],[-82.94494,42.36063],[-82.9438,42.36104],[-82.94333,42.36111],[-82.94295,42.36134],[-82.93932,42.36261],[-82.93946,42.36282],[-82.93938,42.36285],[-82.93946,42.36282],[-82.93979,42.36329],[-82.94033,42.3641],[-82.94049,42.3645],[-82.94078,42.36479],[-82.94184,42.36641],[-82.94193,42.36677],[-82.94225,42.36704],[-82.94364,42.36914],[-82.94377,42.36957],[-82.94409,42.36984],[-82.94572,42.37234],[-82.94546,42.37243],[-82.94538,42.3723],[-82.94546,42.37243],[-82.94415,42.37296],[-82.94431,42.37331],[-82.94454,42.37353],[-82.94792,42.37866],[-82.94795,42.379],[-82.94823,42.37929],[-82.94898,42.38043],[-82.94911,42.38079],[-82.9494,42.38107],[-82.95056,42.38281],[-82.95068,42.38318],[-82.95109,42.38362],[-82.95298,42.3865],[-82.95312,42.38687],[-82.95341,42.38716],[-82.95416,42.38829],[-82.95431,42.3887],[-82.95461,42.38898],[-82.95535,42.39012],[-82.9555,42.39049],[-82.95579,42.39078],[-82.95653,42.39191],[-82.95669,42.39233],[-82.95699,42.39261],[-82.95774,42.39374],[-82.95783,42.39406],[-82.95813,42.39434],[-82.95987,42.397],[-82.95988,42.39732],[-82.96018,42.3976],[-82.96083,42.39857],[-82.96096,42.39892],[-82.96125,42.39921],[-82.962,42.40035],[-82.96213,42.40072],[-82.96244,42.401],[-82.96297,42.40181],[-82.96312,42.40221],[-82.96342,42.40249],[-82.96443,42.404],[-82.9646,42.40437],[-82.96468,42.40505],[-82.96497,42.40534],[-82.96578,42.40677],[-82.96571,42.4068],[-82.96578,42.40677],[-82.96673,42.40825],[-82.96667,42.40828],[-82.96673,42.40825],[-82.96755,42.40951],[-82.96751,42.40961],[-82.96781,42.40989],[-82.96856,42.41106],[-82.96871,42.41145],[-82.969,42.41174],[-82.96991,42.41314],[-82.97002,42.41345],[-82.97026,42.41368],[-82.9711,42.41499],[-82.97117,42.41527],[-82.97146,42.41556],[-82.97209,42.41654],[-82.97222,42.41695],[-82.97253,42.41723],[-82.97328,42.41836],[-82.97337,42.4187],[-82.97368,42.41898],[-82.97434,42.41999],[-82.97445,42.42036],[-82.97484,42.42068],[-82.97489,42.42146],[-82.97479,42.42172],[-82.97491,42.42207],[-82.97494,42.42283],[-82.97485,42.42326],[-82.97497,42.42361],[-82.97501,42.42459],[-82.97492,42.42485],[-82.97503,42.42525],[-82.97509,42.42682],[-82.975,42.42722],[-82.97512,42.42763],[-82.97515,42.42881],[-82.97506,42.42916],[-82.97517,42.42959],[-82.97519,42.43037],[-82.97509,42.43073],[-82.9752,42.43108],[-82.97522,42.43168],[-82.97511,42.43228],[-82.97524,42.43263],[-82.9753,42.43516],[-82.97815,42.43515],[-82.97863,42.43508],[-82.98103,42.43508],[-82.98295,42.43499],[-82.98346,42.43505],[-82.98392,42.43496],[-82.98515,42.43494],[-82.98502,42.43528],[-82.98517,42.43558],[-82.98522,42.43684],[-82.9851,42.43715],[-82.98524,42.43749],[-82.98529,42.43851],[-82.98516,42.43876],[-82.98531,42.43911],[-82.98536,42.44045],[-82.98525,42.44075],[-82.98538,42.44102],[-82.98543,42.44223],[-82.9853,42.44255],[-82.98545,42.44289],[-82.98555,42.44565],[-82.98543,42.44605],[-82.98557,42.44639],[-82.98565,42.44845],[-82.98553,42.44881]],[[-82.98575,42.44884],[-82.98565,42.44855],[-82.98562,42.44765],[-82.9857,42.44738],[-82.9856,42.44703],[-82.98557,42.44603],[-82.98562,42.44567],[-82.98554,42.44531],[-82.9855,42.44405],[-82.98556,42.44375],[-82.98547,42.44339],[-82.98537,42.44063],[-82.98544,42.44033],[-82.98535,42.43998],[-82.98529,42.4386],[-82.98536,42.43819],[-82.98526,42.43779],[-82.98529,42.43678],[-82.98521,42.43642],[-82.98515,42.43494],[-82.98478,42.43482],[-82.98408,42.43496],[-82.98251,42.435],[-82.98215,42.43489],[-82.98169,42.43501],[-82.97909,42.43507],[-82.97849,42.43501],[-82.97754,42.43511],[-82.97697,42.43502],[-82.97651,42.43513],[-82.9753,42.43516],[-82.97536,42.43483],[-82.97529,42.43453],[-82.97525,42.43304],[-82.97531,42.43265],[-82.97524,42.43229],[-82.97527,42.43106],[-82.9752,42.43076],[-82.97516,42.42908],[-82.97521,42.42878],[-82.9751,42.42709],[-82.97516,42.42672],[-82.97507,42.42631],[-82.97508,42.42521],[-82.97499,42.42408],[-82.97506,42.42369],[-82.97496,42.42329],[-82.97498,42.42213],[-82.97484,42.42068],[-82.97381,42.41918],[-82.97371,42.41889],[-82.97347,42.41865],[-82.97293,42.41784],[-82.97283,42.41754],[-82.97256,42.41726],[-82.97183,42.41614],[-82.97147,42.41542],[-82.97091,42.4147],[-82.97084,42.41442],[-82.9706,42.41421],[-82.96991,42.41314],[-82.96981,42.41285],[-82.96953,42.41255],[-82.96876,42.41136],[-82.96858,42.41096],[-82.96836,42.41074],[-82.96795,42.41011],[-82.96708,42.40876],[-82.96694,42.40841],[-82.96666,42.40811],[-82.96551,42.40632],[-82.96461,42.40469],[-82.9646,42.40437],[-82.96443,42.404],[-82.96098,42.39881],[-82.96093,42.39852],[-82.96061,42.39824],[-82.95997,42.39728],[-82.95986,42.39682],[-82.95961,42.39661],[-82.95669,42.39215],[-82.9566,42.39187],[-82.95621,42.39141],[-82.95542,42.39012],[-82.95431,42.38852],[-82.95419,42.38822],[-82.95391,42.38792],[-82.95291,42.3863],[-82.95064,42.38293],[-82.95052,42.38264],[-82.95025,42.38234],[-82.949,42.38036],[-82.94795,42.37885],[-82.94784,42.37846],[-82.94438,42.37329],[-82.94451,42.37295],[-82.94476,42.37275],[-82.9457,42.37237],[-82.94564,42.37201],[-82.94531,42.37168],[-82.94382,42.36941],[-82.94374,42.3691],[-82.94343,42.36883],[-82.94194,42.36656],[-82.94188,42.36628],[-82.94158,42.366],[-82.93933,42.36261],[-82.94022,42.36229],[-82.94029,42.36238],[-82.94022,42.36229],[-82.94492,42.3606],[-82.94618,42.36252],[-82.9461,42.36255],[-82.94618,42.36252],[-82.94759,42.36453],[-82.94767,42.36486],[-82.94935,42.36568],[-82.94966,42.366],[-82.95033,42.36702],[-82.95086,42.36689],[-82.95305,42.36604],[-82.95342,42.366],[-82.95374,42.36579],[-82.95686,42.36467],[-82.95735,42.36458],[-82.95773,42.36436],[-82.9637,42.3622],[-82.96417,42.36212],[-82.96455,42.3619],[-82.96761,42.36079],[-82.96808,42.36071],[-82.96852,42.36086],[-82.96916,42.36195],[-82.96923,42.36262],[-82.96896,42.36353],[-82.96893,42.36417],[-82.96915,42.3647],[-82.96987,42.36583],[-82.96996,42.36621]]]}},{"type":"Feature","properties":{"agency":"ddot","agency_label":"DDOT","route":"7","name":"Seven Mile","route_type":3},"geometry":{"type":"MultiLineString","coordinates":[[[-82.91182,42.41769],[-82.91229,42.41781],[-82.91363,42.41845],[-82.91717,42.41989],[-82.91751,42.4201],[-82.91795,42.4202],[-82.91944,42.42082],[-82.91989,42.42107],[-82.92035,42.42119],[-82.92298,42.42223],[-82.92603,42.42142],[-82.92643,42.42121],[-82.92727,42.421],[-82.92767,42.42079],[-82.92904,42.42037],[-82.93073,42.41972],[-82.93152,42.4197],[-82.93199,42.41983],[-82.93219,42.41974],[-82.93274,42.41895],[-82.93348,42.41826],[-82.93561,42.41691],[-82.93596,42.41676],[-82.9364,42.41671],[-82.93666,42.41646],[-82.93808,42.41862],[-82.9382,42.419],[-82.93851,42.41928],[-82.93911,42.42018],[-82.93924,42.4206],[-82.93956,42.42087],[-82.94048,42.42225],[-82.94098,42.42253],[-82.94144,42.42264],[-82.94301,42.42336],[-82.94347,42.42347],[-82.94483,42.42403],[-82.94526,42.42428],[-82.94565,42.42436],[-82.94706,42.42501],[-82.94889,42.42569],[-82.94916,42.42587],[-82.95083,42.42648],[-82.95125,42.42673],[-82.95171,42.42684],[-82.95299,42.42736],[-82.95333,42.42759],[-82.9538,42.4277],[-82.95519,42.42826],[-82.95545,42.42846],[-82.95591,42.42856],[-82.95727,42.42913],[-82.95758,42.42946],[-82.95798,42.42963],[-82.95846,42.43012],[-82.95876,42.43056],[-82.95883,42.43084],[-82.95913,42.43113],[-82.95975,42.43206],[-82.95985,42.43237],[-82.96013,42.43264],[-82.96076,42.43359],[-82.96092,42.434],[-82.96125,42.43433],[-82.96205,42.43555],[-82.96303,42.43552],[-82.9634,42.43563],[-82.9641,42.43549],[-82.96532,42.43545],[-82.96583,42.43552],[-82.9663,42.43543],[-82.96891,42.43541],[-82.96939,42.43533],[-82.97198,42.43531],[-82.9753,42.43516],[-82.97815,42.43515],[-82.97863,42.43508],[-82.98103,42.43508],[-82.98295,42.43499],[-82.98346,42.43505],[-82.98453,42.43495],[-82.98515,42.43494],[-82.98553,42.43503],[-82.98624,42.43492],[-82.98734,42.43489],[-82.98789,42.43496],[-82.98861,42.43486],[-82.99036,42.43489],[-82.99084,42.43482],[-82.99278,42.43482],[-83.00003,42.43459],[-83.00053,42.43464],[-83.00222,42.43451],[-83.00258,42.43459],[-83.00305,42.4345],[-83.00469,42.43445],[-83.00508,42.43451],[-83.00555,42.43443],[-83.00821,42.43443],[-83.00867,42.43435],[-83.01063,42.43435],[-83.01224,42.43425],[-83.01274,42.43429],[-83.01556,42.43416],[-83.02233,42.43408],[-83.02428,42.434],[-83.0247,42.43405],[-83.02509,42.43398],[-83.02679,42.434],[-83.02751,42.43393],[-83.03186,42.43384],[-83.03225,42.43389],[-83.03273,42.43382],[-83.03459,42.43384],[-83.03705,42.43373],[-83.0382,42.4338],[-83.03878,42.43371],[-83.03939,42.43377],[-83.04062,42.43366],[-83.04119,42.43376],[-83.04189,42.43363],[-83.07147,42.43297],[-83.08326,42.43297],[-83.08374,42.43291],[-83.09236,42.43259],[-83.09288,42.43264],[-83.09336,42.43256],[-83.09906,42.43237],[-83.0995,42.43241],[-83.10228,42.43231],[-83.10273,42.43236],[-83.10502,42.43225],[-83.10539,42.43232],[-83.10611,42.43224],[-83.1105,42.43228],[-83.11097,42.43221],[-83.11465,42.43222],[-83.11544,42.43214],[-83.11595,42.43221],[-83.11884,42.43218],[-83.1234,42.432],[-83.1267,42.43205],[-83.12798,42.43189],[-83.12987,42.43188],[-83.13132,42.43178],[-83.1326,42.43176],[-83.13298,42.43185],[-83.13355,42.43175],[-83.1355,42.43173],[-83.13605,42.43178],[-83.13653,42.43171],[-83.14188,42.43167],[-83.14466,42.43157],[-83.14506,42.43165],[-83.14553,42.43155],[-83.15104,42.43145],[-83.15223,42.4315],[-83.1527,42.43143],[-83.1543,42.43142],[-83.15479,42.4315],[-83.15526,42.43142],[-83.15648,42.43142],[-83.15689,42.43149],[-83.15737,42.43141],[-83.15845,42.4314],[-83.15905,42.43148],[-83.15952,42.4314],[-83.16085,42.43138],[-83.16127,42.43147],[-83.16206,42.43136],[-83.16303,42.43136],[-83.16342,42.43142],[-83.1639,42.43135],[-83.16532,42.43133],[-83.16575,42.43141],[-83.16623,42.43132],[-83.16807,42.43136],[-83.16855,42.43129],[-83.17168,42.43127],[-83.17217,42.43135],[-83.17274,42.43124],[-83.17578,42.43119],[-83.17615,42.43127],[-83.17662,42.43118],[-83.17835,42.43116],[-83.17879,42.43124],[-83.17926,42.43114],[-83.18048,42.43111],[-83.18084,42.4312],[-83.18154,42.43107],[-83.18319,42.43108],[-83.18366,42.43099],[-83.18523,42.43093],[-83.18563,42.431],[-83.18609,42.4309],[-83.18741,42.43084],[-83.18793,42.43091],[-83.1884,42.4308],[-83.19019,42.43074],[-83.19057,42.4308],[-83.19105,42.43072],[-83.19227,42.43068],[-83.19272,42.43075],[-83.19319,42.43064],[-83.19481,42.43059],[-83.19523,42.43066],[-83.1957,42.43056],[-83.1974,42.43051],[-83.1979,42.4306],[-83.19871,42.43048],[-83.19989,42.43045],[-83.20039,42.43054],[-83.20099,42.43043],[-83.20234,42.43047],[-83.20281,42.43039],[-83.20403,42.43038],[-83.20449,42.43046],[-83.20497,42.43037],[-83.20618,42.43035],[-83.20659,42.43044],[-83.20706,42.43035],[-83.20836,42.43032],[-83.20872,42.43041],[-83.20943,42.4303],[-83.2109,42.43028],[-83.21137,42.43035],[-83.21175,42.43025],[-83.21273,42.43022],[-83.21312,42.4303],[-83.21392,42.43019],[-83.21504,42.43016],[-83.21547,42.43022],[-83.21595,42.43014],[-83.2172,42.4301],[-83.21762,42.43016],[-83.21817,42.43006],[-83.21977,42.43004],[-83.22021,42.43011],[-83.22066,42.43001],[-83.2219,42.43008],[-83.22237,42.42999],[-83.22398,42.42995],[-83.22441,42.43004],[-83.22488,42.42994],[-83.22643,42.42991],[-83.22684,42.42999],[-83.22732,42.4299],[-83.22893,42.42987],[-83.22943,42.42995],[-83.22981,42.42985],[-83.23054,42.42983],[-83.2311,42.42991],[-83.23145,42.4298],[-83.23314,42.42976],[-83.23368,42.42983],[-83.23439,42.42972],[-83.23587,42.42976],[-83.23635,42.42967],[-83.23889,42.4296],[-83.2393,42.42967],[-83.24033,42.42956],[-83.24089,42.42964],[-83.24136,42.42954],[-83.24428,42.42947],[-83.24469,42.42955],[-83.24507,42.42945],[-83.24618,42.42942],[-83.24658,42.42952],[-83.24726,42.42939],[-83.24855,42.42936],[-83.24911,42.42945],[-83.24958,42.42934],[-83.25104,42.42931],[-83.25141,42.42938],[-83.25189,42.42929],[-83.25343,42.42925],[-83.25385,42.42934],[-83.25432,42.42924],[-83.25621,42.42919],[-83.25661,42.42928],[-83.25708,42.42917],[-83.2583,42.42915],[-83.25838,42.42875],[-83.25831,42.4284],[-83.25828,42.42652],[-83.25835,42.42624],[-83.25827,42.42589],[-83.2582,42.42169],[-83.25789,42.41889],[-83.25795,42.41855],[-83.25783,42.4182],[-83.25767,42.41652],[-83.25771,42.41611],[-83.2576,42.41583],[-83.25749,42.41462],[-83.25713,42.41455],[-83.25665,42.41463],[-83.25306,42.4147],[-83.25157,42.41409],[-83.252,42.41345],[-83.25146,42.41318],[-83.25151,42.41352]],[[-83.25151,42.41352],[-83.2518,42.41335],[-83.25199,42.41345],[-83.25155,42.41408],[-83.25198,42.41425],[-83.25232,42.41452],[-83.2527,42.41454],[-83.25508,42.41552],[-83.25536,42.41575],[-83.25606,42.41588],[-83.25852,42.41686],[-83.25826,42.41712],[-83.25813,42.41746],[-83.25781,42.41795],[-83.25787,42.41867],[-83.25779,42.419],[-83.25794,42.41935],[-83.25803,42.42032],[-83.25795,42.42067],[-83.25809,42.42101],[-83.25817,42.42193],[-83.25819,42.42229],[-83.25808,42.4226],[-83.25821,42.42313],[-83.25822,42.42367],[-83.25811,42.42397],[-83.25824,42.4245],[-83.25828,42.42629],[-83.25819,42.42658],[-83.25829,42.42693],[-83.25831,42.42915],[-83.25783,42.42901],[-83.25714,42.42917],[-83.25499,42.42922],[-83.25459,42.42911],[-83.25389,42.42924],[-83.25209,42.42929],[-83.25173,42.42918],[-83.25127,42.4293],[-83.24936,42.42935],[-83.24902,42.42923],[-83.24856,42.42936],[-83.24764,42.42939],[-83.24723,42.42927],[-83.24653,42.42941],[-83.24555,42.42944],[-83.24511,42.42933],[-83.24465,42.42945],[-83.24311,42.4295],[-83.24273,42.42939],[-83.24227,42.42951],[-83.24079,42.42955],[-83.24032,42.42942],[-83.23987,42.42957],[-83.23865,42.42961],[-83.23817,42.42947],[-83.23779,42.42963],[-83.23681,42.42965],[-83.23639,42.42955],[-83.23593,42.42968],[-83.23456,42.42972],[-83.23421,42.42961],[-83.23375,42.42973],[-83.23192,42.42979],[-83.23144,42.42968],[-83.23099,42.42981],[-83.22932,42.42986],[-83.22889,42.42974],[-83.22844,42.42988],[-83.22714,42.4299],[-83.22678,42.4298],[-83.22632,42.42991],[-83.22545,42.42993],[-83.22504,42.42981],[-83.22434,42.42995],[-83.223,42.42997],[-83.22265,42.42985],[-83.2222,42.42998],[-83.21817,42.43006],[-83.21782,42.42994],[-83.2172,42.4301],[-83.21614,42.43013],[-83.21577,42.43],[-83.21508,42.43016],[-83.21392,42.43019],[-83.21339,42.43008],[-83.21293,42.43021],[-83.21175,42.43025],[-83.21123,42.43014],[-83.21065,42.43028],[-83.20962,42.4303],[-83.20922,42.43019],[-83.20876,42.43031],[-83.20754,42.43034],[-83.20708,42.43021],[-83.20662,42.43034],[-83.20528,42.43036],[-83.20489,42.43022],[-83.2043,42.43038],[-83.20292,42.43039],[-83.20245,42.43028],[-83.20207,42.43041],[-83.19989,42.43045],[-83.19951,42.4303],[-83.19907,42.43046],[-83.19871,42.43048],[-83.19618,42.43054],[-83.19576,42.43045],[-83.1953,42.43057],[-83.19393,42.43062],[-83.19353,42.43052],[-83.19283,42.43066],[-83.1914,42.4307],[-83.19098,42.43061],[-83.19028,42.43074],[-83.18641,42.43088],[-83.18594,42.43079],[-83.18524,42.43093],[-83.18426,42.43097],[-83.18374,42.43088],[-83.18328,42.431],[-83.1817,42.43106],[-83.18112,42.431],[-83.18053,42.4311],[-83.18008,42.43099],[-83.17963,42.43112],[-83.17835,42.43116],[-83.17765,42.43107],[-83.17727,42.43117],[-83.1755,42.4312],[-83.17499,42.43109],[-83.17452,42.43121],[-83.1733,42.43123],[-83.17277,42.43112],[-83.17231,42.43124],[-83.17023,42.43128],[-83.16991,42.43112],[-83.16946,42.43127],[-83.16863,42.43129],[-83.16825,42.43114],[-83.16756,42.4313],[-83.16646,42.43132],[-83.16604,42.43122],[-83.16558,42.43133],[-83.16424,42.43135],[-83.1638,42.43124],[-83.16333,42.43135],[-83.16101,42.43137],[-83.16057,42.43123],[-83.16013,42.43138],[-83.15943,42.4314],[-83.15784,42.43141],[-83.15741,42.43129],[-83.15695,42.43141],[-83.15502,42.43142],[-83.15446,42.43129],[-83.15406,42.43143],[-83.15309,42.43143],[-83.15266,42.43131],[-83.1522,42.43143],[-83.15079,42.43145],[-83.15041,42.43133],[-83.14972,42.43147],[-83.14826,42.4315],[-83.1479,42.43139],[-83.14744,42.43151],[-83.14478,42.43156],[-83.14443,42.43145],[-83.14373,42.43159],[-83.14216,42.43157],[-83.1415,42.43163],[-83.14104,42.43154],[-83.14057,42.43165],[-83.1389,42.43168],[-83.13844,42.4316],[-83.138,42.4317],[-83.13733,42.43171],[-83.13685,42.43161],[-83.13638,42.43171],[-83.13478,42.43173],[-83.13438,42.43163],[-83.13392,42.43174],[-83.13236,42.43176],[-83.13185,42.43166],[-83.13141,42.43178],[-83.12946,42.43183],[-83.12909,42.43172],[-83.12864,42.43185],[-83.12803,42.43187],[-83.12671,42.43185],[-83.12636,42.43174],[-83.12595,42.43185],[-83.11646,42.43196],[-83.11544,42.43214],[-83.11476,42.43217],[-83.11404,42.43209],[-83.11357,42.43218],[-83.11119,42.43221],[-83.11063,42.43212],[-83.1102,42.43222],[-83.10914,42.43214],[-83.10867,42.43223],[-83.10729,42.43225],[-83.10681,42.43213],[-83.10625,42.43224],[-83.10552,42.43225],[-83.1051,42.43215],[-83.10454,42.43227],[-83.1024,42.4323],[-83.10191,42.43223],[-83.10144,42.43232],[-83.10001,42.43236],[-83.09957,42.43226],[-83.09917,42.43237],[-83.09677,42.43243],[-83.09623,42.43236],[-83.09577,42.43247],[-83.09446,42.43252],[-83.09394,42.43244],[-83.09324,42.43256],[-83.09232,42.43251],[-83.09185,42.43261],[-83.09048,42.43266],[-83.08994,42.43261],[-83.08952,42.4327],[-83.08745,42.43272],[-83.0856,42.43284],[-83.08502,42.43275],[-83.08456,42.43287],[-83.08329,42.43292],[-83.08267,42.43293],[-83.0822,42.43284],[-83.08173,42.43294],[-83.08052,42.43294],[-83.0801,42.43286],[-83.07828,42.43294],[-83.07779,42.43285],[-83.07732,42.43294],[-83.07631,42.43294],[-83.07577,42.43285],[-83.07533,42.43294],[-83.07355,42.43295],[-83.07313,42.43285],[-83.07267,42.43295],[-83.07104,42.43298],[-83.0706,42.4329],[-83.07024,42.433],[-83.06898,42.43303],[-83.06858,42.43294],[-83.06821,42.43304],[-83.06517,42.43311],[-83.06477,42.43302],[-83.06431,42.43313],[-83.06318,42.43315],[-83.06274,42.43307],[-83.06209,42.43318],[-83.06,42.43322],[-83.05955,42.43314],[-83.05908,42.43324],[-83.05767,42.43328],[-83.05729,42.43318],[-83.05683,42.43329],[-83.05543,42.43332],[-83.05504,42.43323],[-83.05438,42.43335],[-83.05334,42.43337],[-83.05299,42.43328],[-83.05232,42.43339],[-83.0513,42.43342],[-83.05091,42.43334],[-83.05049,42.43343],[-83.04714,42.43351],[-83.04674,42.43343],[-83.04627,42.43353],[-83.04555,42.43355],[-83.04521,42.43346],[-83.04474,42.43357],[-83.0436,42.4336],[-83.04293,42.43361],[-83.0425,42.43352],[-83.04203,42.43363],[-83.04038,42.43367],[-83.03991,42.43358],[-83.03897,42.43371],[-83.03853,42.4336],[-83.03782,42.43373],[-83.03286,42.43382],[-83.03249,42.43372],[-83.03178,42.43384],[-83.03053,42.43387],[-83.03013,42.43378],[-83.02971,42.43388],[-83.02734,42.43393],[-83.02679,42.43387],[-83.02631,42.43395],[-83.02343,42.43401],[-83.02305,42.43393],[-83.02258,42.43402],[-83.02137,42.43405],[-83.02081,42.43397],[-83.02034,42.43407],[-83.0184,42.43411],[-83.01784,42.43404],[-83.01737,42.43412],[-83.01417,42.4342],[-83.01365,42.43411],[-83.01328,42.43423],[-83.01192,42.43426],[-83.01156,42.43418],[-83.0112,42.43428],[-83.00965,42.43433],[-83.00916,42.43424],[-83.00869,42.43435],[-83.00737,42.43439],[-83.00687,42.43429],[-83.00642,42.43441],[-83.00593,42.43443],[-83.00471,42.43445],[-83.00419,42.43432],[-83.00375,42.43447],[-83.00253,42.43451],[-83.00181,42.43438],[-83.00113,42.43455],[-82.99857,42.43463],[-82.9981,42.43454],[-82.99764,42.43465],[-82.9961,42.4347],[-82.99563,42.43461],[-82.99468,42.43473],[-82.9937,42.43476],[-82.99325,42.43467],[-82.99278,42.43477],[-82.99122,42.43481],[-82.99083,42.43471],[-82.99036,42.43482],[-82.98882,42.43486],[-82.98844,42.43477],[-82.98797,42.43487],[-82.98637,42.43492],[-82.98597,42.4348],[-82.98534,42.43495],[-82.98478,42.43482],[-82.98408,42.43496],[-82.98251,42.435],[-82.98215,42.43489],[-82.98169,42.43501],[-82.97909,42.43507],[-82.97849,42.43501],[-82.97754,42.43511],[-82.97697,42.43502],[-82.97651,42.43513],[-82.9753,42.43516],[-82.97475,42.43507],[-82.97404,42.4352],[-82.97273,42.43523],[-82.97222,42.43514],[-82.97164,42.43527],[-82.97067,42.43529],[-82.97013,42.43521],[-82.96967,42.43532],[-82.96797,42.43538],[-82.96737,42.43529],[-82.96691,42.4354],[-82.96549,42.43545],[-82.96509,42.43531],[-82.96465,42.43546],[-82.96205,42.43555],[-82.96182,42.43505],[-82.96153,42.43476],[-82.96065,42.43343],[-82.96048,42.43302],[-82.96019,42.43273],[-82.9596,42.43183],[-82.95951,42.43154],[-82.95918,42.43119],[-82.95846,42.43012],[-82.95785,42.42952],[-82.95706,42.42904],[-82.95673,42.42875],[-82.95603,42.42861],[-82.95414,42.42783],[-82.95385,42.42759],[-82.95315,42.42743],[-82.9523,42.42708],[-82.95194,42.42682],[-82.95125,42.42665],[-82.95019,42.42622],[-82.94981,42.42596],[-82.94934,42.42587],[-82.94786,42.42527],[-82.94751,42.42503],[-82.94705,42.42493],[-82.94577,42.42441],[-82.94541,42.42416],[-82.94483,42.42403],[-82.94376,42.42359],[-82.94343,42.42335],[-82.94296,42.42326],[-82.94158,42.4227],[-82.94125,42.42248],[-82.94027,42.42216],[-82.93995,42.42193],[-82.93957,42.42188],[-82.93834,42.42137],[-82.93802,42.42113],[-82.93763,42.42108],[-82.93632,42.42055],[-82.93606,42.42035],[-82.93559,42.42025],[-82.93403,42.41962],[-82.93272,42.41877],[-82.93233,42.41907],[-82.93209,42.41958],[-82.93175,42.41999],[-82.93142,42.42022],[-82.93129,42.42057],[-82.9307,42.42134],[-82.93032,42.42166],[-82.93017,42.42201],[-82.92843,42.42423],[-82.9281,42.424],[-82.92771,42.42393],[-82.92619,42.42319],[-82.92588,42.42298],[-82.92352,42.42206],[-82.92318,42.42184],[-82.92271,42.42173],[-82.92184,42.4213],[-82.92138,42.4212],[-82.92005,42.42065],[-82.91967,42.42043],[-82.9192,42.42032],[-82.91771,42.41973],[-82.9174,42.41951],[-82.91693,42.41941],[-82.91529,42.41875],[-82.91473,42.41842],[-82.91426,42.41832],[-82.91132,42.4172],[-82.91123,42.41736],[-82.91182,42.41769]]]}},{"type":"Feature","properties":{"agency":"ddot","agency_label":"DDOT","route":"8","name":"Warren","route_type":3},"geometry":{"type":"MultiLineString","coordinates":[[[-82.91328,42.41839],[-82.91449,42.41878],[-82.91476,42.41873],[-82.91488,42.41858],[-82.91083,42.41701],[-82.91126,42.41563],[-82.91274,42.41236],[-82.91322,42.41228],[-82.9137,42.41204],[-82.91785,42.41057],[-82.9204,42.40955],[-82.92076,42.40949],[-82.92115,42.40927],[-82.92288,42.40869],[-82.92364,42.40835],[-82.92496,42.40788],[-82.92551,42.40777],[-82.92589,42.40754],[-82.92737,42.40707],[-82.92985,42.4061],[-82.93022,42.40605],[-82.93082,42.40575],[-82.93642,42.40369],[-82.93699,42.40355],[-82.93738,42.40334],[-82.9428,42.40135],[-82.94319,42.40129],[-82.94357,42.40107],[-82.94659,42.39996],[-82.94696,42.39993],[-82.94733,42.3997],[-82.94872,42.39918],[-82.94919,42.3991],[-82.94957,42.39887],[-82.95241,42.39782],[-82.95281,42.39777],[-82.95358,42.39739],[-82.95451,42.39705],[-82.95492,42.39701],[-82.95519,42.3968],[-82.95887,42.39547],[-82.95926,42.39543],[-82.95964,42.3952],[-82.96266,42.39411],[-82.9631,42.39408],[-82.9634,42.39384],[-82.96707,42.39253],[-82.96749,42.39249],[-82.96807,42.39216],[-82.97113,42.39106],[-82.97151,42.39103],[-82.97188,42.3908],[-82.97283,42.39045],[-82.97331,42.3904],[-82.97366,42.39015],[-82.97583,42.38937],[-82.97653,42.38926],[-82.97707,42.38929],[-82.97751,42.38914],[-82.97933,42.38892],[-82.98409,42.38721],[-82.9845,42.38715],[-82.98489,42.38693],[-82.98727,42.38605],[-82.98768,42.38599],[-82.98806,42.38577],[-82.98995,42.38512],[-82.99033,42.38491],[-82.99182,42.38439],[-82.9922,42.38416],[-82.99346,42.38366],[-82.99386,42.38358],[-82.99423,42.38335],[-82.99508,42.38302],[-82.99684,42.38238],[-82.99729,42.38233],[-82.99785,42.38199],[-82.99876,42.38163],[-82.99932,42.38151],[-83.00074,42.38069],[-83.00601,42.37867],[-83.01243,42.37607],[-83.01286,42.37602],[-83.01318,42.37579],[-83.01468,42.37525],[-83.01507,42.37517],[-83.01555,42.37493],[-83.0199,42.37332],[-83.02196,42.37263],[-83.03576,42.36756],[-83.03623,42.36746],[-83.03659,42.36726],[-83.04925,42.36266],[-83.04991,42.36247],[-83.05103,42.36228],[-83.05678,42.36013],[-83.05761,42.35989],[-83.06025,42.35878],[-83.06206,42.35784],[-83.06351,42.35726],[-83.06486,42.35689],[-83.0675,42.35585],[-83.07659,42.35303],[-83.07818,42.35245],[-83.07875,42.35212],[-83.07956,42.35186],[-83.08544,42.35007],[-83.09262,42.3477],[-83.09327,42.3476],[-83.09365,42.34738],[-83.09452,42.34711],[-83.09501,42.34705],[-83.0954,42.34683],[-83.09685,42.34637],[-83.09812,42.34598],[-83.0986,42.34591],[-83.099,42.3457],[-83.10083,42.34513],[-83.10121,42.34513],[-83.10165,42.34497],[-83.10208,42.34493],[-83.10454,42.34488],[-83.10488,42.34497],[-83.10535,42.34487],[-83.10811,42.34482],[-83.10859,42.34489],[-83.10906,42.3448],[-83.1099,42.34486],[-83.11108,42.34476],[-83.1116,42.34486],[-83.11231,42.34474],[-83.11393,42.34471],[-83.11439,42.3448],[-83.11481,42.3447],[-83.1178,42.34464],[-83.11817,42.3447],[-83.11852,42.34463],[-83.12031,42.34459],[-83.12084,42.34468],[-83.12141,42.34457],[-83.12473,42.34451],[-83.12508,42.34459],[-83.12555,42.3445],[-83.12684,42.34447],[-83.12949,42.34461],[-83.12986,42.34472],[-83.13082,42.34469],[-83.13117,42.34481],[-83.13165,42.34474],[-83.13472,42.34492],[-83.13511,42.34505],[-83.13559,42.34498],[-83.13927,42.34492],[-83.13978,42.34497],[-83.14025,42.3449],[-83.14262,42.34484],[-83.14298,42.34493],[-83.14345,42.34483],[-83.14556,42.34478],[-83.14615,42.34486],[-83.14686,42.34475],[-83.15657,42.34453],[-83.15695,42.34467],[-83.15726,42.34452],[-83.15791,42.3445],[-83.16088,42.34443],[-83.16128,42.3445],[-83.16164,42.34441],[-83.1709,42.34419],[-83.17135,42.34427],[-83.17169,42.34417],[-83.17542,42.34406],[-83.17593,42.34412],[-83.1764,42.34403],[-83.17857,42.34397],[-83.17912,42.34407],[-83.17957,42.34395],[-83.18272,42.3439],[-83.18312,42.34398],[-83.18359,42.34388],[-83.18609,42.34383],[-83.18668,42.3439],[-83.18703,42.34381],[-83.19615,42.34369],[-83.19662,42.34378],[-83.1971,42.34368],[-83.19847,42.34366],[-83.19895,42.34375],[-83.19942,42.34365],[-83.20234,42.34361],[-83.20275,42.3437],[-83.20347,42.3436],[-83.20787,42.34359],[-83.21104,42.34348],[-83.21141,42.34353],[-83.21184,42.34347],[-83.21466,42.34347],[-83.21649,42.34339],[-83.21686,42.34344],[-83.21983,42.34336],[-83.22025,42.34343],[-83.22179,42.34335],[-83.22234,42.34345],[-83.2228,42.34334],[-83.22567,42.3433],[-83.22613,42.34341],[-83.22684,42.34329],[-83.22837,42.34332],[-83.23029,42.34323],[-83.23083,42.34331],[-83.2313,42.34322],[-83.23271,42.3432],[-83.23318,42.34327],[-83.23365,42.34318],[-83.23535,42.34315],[-83.23577,42.34323],[-83.23624,42.34314],[-83.23761,42.34312],[-83.23813,42.3432],[-83.2386,42.3431],[-83.24,42.34307],[-83.24045,42.34317],[-83.24091,42.34306],[-83.24235,42.34303],[-83.24276,42.34314],[-83.2431,42.34302],[-83.25218,42.34206],[-83.25273,42.34208],[-83.25386,42.3419],[-83.25473,42.34186],[-83.25513,42.34194],[-83.2556,42.34184],[-83.25706,42.3418],[-83.25759,42.34186],[-83.25807,42.34177],[-83.25951,42.34174],[-83.25995,42.34181],[-83.26067,42.34172],[-83.26222,42.34175],[-83.26261,42.34183],[-83.26321,42.34174],[-83.26643,42.34165],[-83.2669,42.34173],[-83.26737,42.34163],[-83.26997,42.34155],[-83.27046,42.34161]],[[-83.27017,42.34141],[-83.26947,42.34156],[-83.26729,42.34163],[-83.26692,42.34152],[-83.26646,42.34165],[-83.26249,42.34176],[-83.26177,42.34175],[-83.26132,42.34162],[-83.26086,42.34172],[-83.26013,42.34173],[-83.25972,42.34161],[-83.25926,42.34174],[-83.25736,42.34179],[-83.257,42.34167],[-83.25655,42.3418],[-83.25386,42.3419],[-83.25197,42.34208],[-83.25144,42.34202],[-83.25077,42.34222],[-83.24298,42.34302],[-83.24244,42.34292],[-83.24198,42.34303],[-83.24089,42.34306],[-83.24043,42.34295],[-83.24004,42.34307],[-83.23787,42.34311],[-83.23748,42.34301],[-83.23702,42.34312],[-83.23518,42.34316],[-83.23476,42.34306],[-83.23429,42.34316],[-83.23246,42.3432],[-83.23202,42.3431],[-83.23156,42.34321],[-83.23034,42.34323],[-83.22993,42.34312],[-83.22947,42.34324],[-83.22835,42.34326],[-83.22788,42.34314],[-83.22719,42.34328],[-83.22621,42.3433],[-83.22575,42.3432],[-83.22518,42.34331],[-83.22318,42.34333],[-83.22274,42.34323],[-83.22179,42.34335],[-83.22057,42.34336],[-83.22024,42.34324],[-83.21978,42.34336],[-83.21839,42.34338],[-83.21802,42.34326],[-83.21719,42.34339],[-83.21686,42.34327],[-83.21631,42.34339],[-83.21582,42.3434],[-83.21543,42.34328],[-83.21482,42.34342],[-83.21044,42.34349],[-83.21003,42.3434],[-83.20957,42.3435],[-83.2062,42.34356],[-83.20584,42.34345],[-83.20543,42.34357],[-83.20366,42.3436],[-83.20327,42.34348],[-83.20282,42.3436],[-83.19999,42.34364],[-83.19954,42.34352],[-83.19909,42.34365],[-83.19631,42.34369],[-83.19589,42.34356],[-83.19543,42.34369],[-83.19257,42.34374],[-83.19218,42.34361],[-83.19176,42.34375],[-83.19012,42.34377],[-83.18967,42.34364],[-83.18922,42.34378],[-83.18729,42.34381],[-83.18678,42.34367],[-83.18635,42.34382],[-83.1844,42.34386],[-83.18396,42.34377],[-83.18349,42.34388],[-83.18179,42.34392],[-83.18125,42.34381],[-83.18079,42.34393],[-83.17667,42.34402],[-83.17613,42.34392],[-83.17568,42.34405],[-83.17352,42.34412],[-83.17145,42.34417],[-83.17107,42.34405],[-83.17042,42.3442],[-83.16685,42.34426],[-83.1665,42.34417],[-83.16582,42.3443],[-83.16145,42.34442],[-83.16105,42.34433],[-83.16064,42.34444],[-83.15791,42.3445],[-83.15752,42.34437],[-83.15682,42.34453],[-83.15591,42.34455],[-83.15537,42.34444],[-83.15467,42.34457],[-83.14748,42.34474],[-83.14709,42.34464],[-83.14667,42.34476],[-83.14521,42.34479],[-83.14471,42.34468],[-83.14435,42.34481],[-83.14247,42.34485],[-83.14205,42.34474],[-83.14165,42.34487],[-83.13929,42.34492],[-83.13873,42.3448],[-83.13828,42.34493],[-83.13619,42.34499],[-83.13595,42.34499],[-83.13553,42.34484],[-83.13506,42.34493],[-83.13332,42.34484],[-83.133,42.3447],[-83.13253,42.34479],[-83.12992,42.34464],[-83.12946,42.34447],[-83.129,42.34457],[-83.12684,42.34447],[-83.1237,42.34454],[-83.12322,42.34441],[-83.12282,42.34455],[-83.12141,42.34457],[-83.12088,42.34445],[-83.12052,42.34459],[-83.11755,42.34464],[-83.11707,42.34452],[-83.11662,42.34465],[-83.11541,42.34468],[-83.11482,42.34456],[-83.11437,42.3447],[-83.11113,42.34476],[-83.11059,42.34464],[-83.10989,42.34478],[-83.10887,42.3448],[-83.10837,42.34469],[-83.10791,42.34482],[-83.10448,42.34488],[-83.10405,42.34489],[-83.10364,42.34476],[-83.10319,42.3449],[-83.10169,42.34496],[-83.10083,42.34513],[-83.10043,42.3451],[-83.10008,42.34535],[-83.09829,42.34592],[-83.0962,42.34658],[-83.09568,42.34659],[-83.09523,42.34688],[-83.09434,42.34716],[-83.09379,42.34718],[-83.09323,42.34751],[-83.09028,42.34843],[-83.08981,42.34845],[-83.08905,42.34888],[-83.08688,42.34956],[-83.0864,42.3496],[-83.08602,42.34982],[-83.08496,42.35016],[-83.08448,42.35018],[-83.08415,42.35042],[-83.08324,42.3507],[-83.08266,42.35076],[-83.08229,42.35099],[-83.08184,42.35114],[-83.07936,42.35192],[-83.07897,42.35193],[-83.07852,42.35219],[-83.07652,42.35282],[-83.0761,42.35281],[-83.07554,42.35313],[-83.07202,42.35423],[-83.07162,42.35425],[-83.07134,42.35445],[-83.06889,42.35521],[-83.06843,42.35525],[-83.06805,42.35548],[-83.06621,42.35611],[-83.06575,42.35616],[-83.06542,42.35642],[-83.06468,42.35672],[-83.06431,42.35681],[-83.06377,42.35681],[-83.06329,42.35714],[-83.0621,42.35762],[-83.06172,42.35765],[-83.06146,42.35791],[-83.05862,42.35927],[-83.05815,42.35933],[-83.05757,42.35965],[-83.05624,42.36014],[-83.05569,42.36023],[-83.05516,42.36053],[-83.05233,42.36156],[-83.05155,42.36174],[-83.05075,42.36212],[-83.0494,42.36238],[-83.04795,42.3629],[-83.04713,42.36293],[-83.04658,42.36265],[-83.04586,42.36162],[-83.0455,42.36142],[-83.04299,42.36233],[-83.04259,42.36239],[-83.04231,42.36258],[-83.03948,42.36361],[-83.03896,42.36368],[-83.03852,42.36396],[-83.03744,42.36435],[-83.03703,42.3644],[-83.03669,42.36463],[-83.03449,42.36543],[-83.03409,42.36547],[-83.03377,42.36569],[-83.03044,42.3669],[-83.03002,42.36694],[-83.02978,42.36714],[-83.0289,42.36746],[-83.02851,42.3675],[-83.0282,42.36771],[-83.02633,42.36839],[-83.02589,42.36843],[-83.02558,42.36866],[-83.02374,42.36933],[-83.02328,42.36939],[-83.023,42.3696],[-83.02166,42.37009],[-83.02121,42.37014],[-83.02091,42.37037],[-83.01992,42.37073],[-83.01941,42.3708],[-83.01897,42.37108],[-83.01729,42.3717],[-83.01692,42.37175],[-83.01654,42.37197],[-83.0155,42.37235],[-83.01509,42.37242],[-83.01454,42.3727],[-83.01341,42.37311],[-83.01301,42.37317],[-83.01263,42.37339],[-83.01117,42.3739],[-83.01064,42.37398],[-83.01008,42.37431],[-83.00889,42.37468],[-83.00845,42.37494],[-83.00719,42.37544],[-83.00664,42.37556],[-83.00607,42.37589],[-83.00438,42.37655],[-83.00398,42.37662],[-83.00362,42.37686],[-83.00096,42.37792],[-83.00058,42.37798],[-83.00022,42.37822],[-82.99886,42.37876],[-82.99846,42.37883],[-82.9982,42.37902],[-82.99661,42.37965],[-82.99618,42.37972],[-82.99593,42.37992],[-82.99534,42.38016],[-82.99684,42.38238],[-82.99637,42.38237],[-82.99585,42.38273],[-82.9946,42.38321],[-82.99424,42.38325],[-82.99388,42.38349],[-82.99253,42.38403],[-82.99216,42.38403],[-82.99184,42.3843],[-82.99065,42.38478],[-82.99023,42.3848],[-82.98991,42.38507],[-82.98963,42.38518],[-82.9884,42.38564],[-82.98802,42.38563],[-82.98747,42.38598],[-82.9864,42.38638],[-82.98601,42.38641],[-82.98569,42.38664],[-82.98365,42.38737],[-82.98322,42.38737],[-82.98298,42.38761],[-82.97933,42.38892],[-82.9786,42.38886],[-82.97818,42.38905],[-82.97605,42.38931],[-82.97543,42.38952],[-82.97495,42.38954],[-82.97451,42.38985],[-82.97133,42.39099],[-82.97083,42.39101],[-82.97029,42.39136],[-82.96942,42.39168],[-82.96886,42.39172],[-82.96854,42.39199],[-82.96707,42.39253],[-82.96659,42.39253],[-82.96605,42.39289],[-82.96328,42.39389],[-82.96285,42.3939],[-82.96229,42.39424],[-82.95887,42.39547],[-82.95846,42.39547],[-82.95791,42.39582],[-82.95454,42.39704],[-82.95402,42.39706],[-82.9537,42.39733],[-82.95094,42.39836],[-82.95051,42.39835],[-82.9502,42.39863],[-82.94785,42.3995],[-82.94742,42.39947],[-82.94712,42.39975],[-82.94675,42.3999],[-82.94572,42.40028],[-82.94535,42.40023],[-82.94504,42.40051],[-82.94461,42.40069],[-82.94201,42.40164],[-82.94162,42.40163],[-82.94108,42.40198],[-82.93955,42.40254],[-82.93903,42.40261],[-82.93873,42.40284],[-82.93645,42.40368],[-82.93606,42.40367],[-82.93552,42.40402],[-82.93292,42.40497],[-82.93242,42.40503],[-82.93208,42.40528],[-82.92985,42.4061],[-82.92939,42.4061],[-82.92908,42.40637],[-82.92757,42.40694],[-82.92713,42.40709],[-82.9267,42.40712],[-82.92636,42.40737],[-82.92365,42.40834],[-82.92322,42.40835],[-82.92268,42.4087],[-82.92159,42.40911],[-82.92101,42.4092],[-82.92066,42.40945],[-82.91958,42.40986],[-82.91904,42.40993],[-82.9186,42.41023],[-82.9173,42.41071],[-82.91679,42.41079],[-82.91643,42.41103],[-82.91526,42.41147],[-82.91482,42.41151],[-82.91429,42.41182],[-82.91348,42.41212],[-82.91302,42.41213],[-82.91274,42.41236],[-82.91245,42.41246],[-82.911,42.41555],[-82.91056,42.4171],[-82.91251,42.4179],[-82.91291,42.4181],[-82.91328,42.41839]]]}},{"type":"Feature","properties":{"agency":"ddot","agency_label":"DDOT","route":"9","name":"Jefferson","route_type":3},"geometry":{"type":"MultiLineString","coordinates":[[[-83.05246,42.33323],[-83.05228,42.33368],[-83.05121,42.3337],[-83.05123,42.3314],[-83.05052,42.33057],[-83.05031,42.33016],[-83.04994,42.32981],[-83.04862,42.32801],[-83.04708,42.32867],[-83.04655,42.32877],[-83.04621,42.32903],[-83.04486,42.32963],[-83.04439,42.32964],[-83.04416,42.32993],[-83.04172,42.33098],[-83.04119,42.3311],[-83.04084,42.33136],[-83.04031,42.33159],[-83.03963,42.33064],[-83.03941,42.33072],[-83.03903,42.33071],[-83.0388,42.33095],[-83.0365,42.33158],[-83.03598,42.33189],[-83.03529,42.33271],[-83.03419,42.33331],[-83.03398,42.3334],[-83.03361,42.33337],[-83.03333,42.33366],[-83.03313,42.33376],[-83.03061,42.33485],[-83.03005,42.33486],[-83.02975,42.33521],[-83.02939,42.33537],[-83.02609,42.3368],[-83.02569,42.33676],[-83.02539,42.3371],[-83.02475,42.33737],[-83.02431,42.33736],[-83.024,42.33769],[-83.02267,42.33827],[-83.0222,42.33826],[-83.0219,42.33859],[-83.0198,42.3395],[-83.01931,42.33948],[-83.01901,42.33982],[-83.01881,42.33992],[-83.01791,42.34032],[-83.0175,42.34034],[-83.01719,42.34062],[-83.01638,42.34098],[-83.01592,42.34097],[-83.01568,42.34127],[-83.01373,42.34211],[-83.01321,42.34213],[-83.01295,42.34244],[-83.01274,42.34254],[-83.00986,42.34378],[-83.00933,42.34389],[-83.00899,42.34415],[-83.00668,42.34515],[-83.00624,42.34517],[-83.00603,42.34542],[-83.005,42.34584],[-83.0032,42.3464],[-83.00268,42.34649],[-83.00214,42.34685],[-83.00161,42.34707],[-83.00125,42.34712],[-83.00091,42.34738],[-83.00029,42.34766],[-82.9996,42.34828],[-82.99926,42.34842],[-82.99902,42.34873],[-82.99778,42.34957],[-82.99737,42.34969],[-82.99711,42.34999],[-82.9966,42.35033],[-82.99616,42.35038],[-82.99595,42.35075],[-82.9949,42.35142],[-82.99451,42.35144],[-82.9943,42.35182],[-82.99214,42.35321],[-82.99175,42.35321],[-82.99155,42.35359],[-82.98965,42.35491],[-82.98916,42.35502],[-82.98903,42.35537],[-82.98888,42.35551],[-82.98761,42.3565],[-82.98721,42.35665],[-82.98693,42.35703],[-82.98412,42.35923],[-82.98375,42.35927],[-82.98348,42.35972],[-82.98164,42.36115],[-82.98114,42.36129],[-82.98099,42.36167],[-82.97949,42.36274],[-82.97908,42.36283],[-82.97891,42.36308],[-82.97716,42.36391],[-82.97663,42.36397],[-82.97637,42.36427],[-82.97474,42.36506],[-82.97416,42.36515],[-82.97389,42.36545],[-82.97286,42.36596],[-82.97245,42.36595],[-82.97212,42.36631],[-82.97065,42.367],[-82.97028,42.36697],[-82.97003,42.36728],[-82.96953,42.36754],[-82.96686,42.36854],[-82.96638,42.36854],[-82.96607,42.36882],[-82.96482,42.36926],[-82.95868,42.37005],[-82.95826,42.36995],[-82.95784,42.37013],[-82.95694,42.37023],[-82.95653,42.37027],[-82.95599,42.37016],[-82.95561,42.37036],[-82.95366,42.37054],[-82.95325,42.37042],[-82.9526,42.37065],[-82.94932,42.37097],[-82.94891,42.37087],[-82.94855,42.37119],[-82.94758,42.37159],[-82.9472,42.37155],[-82.94689,42.37187],[-82.94593,42.37227],[-82.94538,42.3723],[-82.9451,42.37259],[-82.94397,42.37308],[-82.94354,42.37306],[-82.94339,42.37331],[-82.94222,42.3738],[-82.94179,42.37397],[-82.9414,42.37394],[-82.94115,42.37423],[-82.93955,42.3749],[-82.93972,42.37528],[-82.94,42.37558],[-82.9432,42.38042],[-82.94329,42.3807],[-82.94358,42.38099],[-82.94433,42.38212],[-82.94448,42.3825],[-82.94477,42.38279],[-82.94595,42.38457],[-82.94637,42.3845],[-82.94683,42.38427],[-82.94895,42.38359],[-82.95036,42.38303],[-82.95068,42.38318],[-82.95098,42.38346],[-82.95298,42.3865],[-82.95255,42.38641],[-82.95192,42.38667],[-82.95097,42.38681],[-82.95046,42.38674],[-82.95006,42.38695],[-82.9485,42.38721],[-82.94799,42.38714]],[[-82.94799,42.38714],[-82.94772,42.38733],[-82.94601,42.38467],[-82.94589,42.38432],[-82.9456,42.38404],[-82.94453,42.38242],[-82.94436,42.38201],[-82.94407,42.38172],[-82.94324,42.38047],[-82.94316,42.3802],[-82.94288,42.37993],[-82.9397,42.37513],[-82.94021,42.37462],[-82.94115,42.37423],[-82.94164,42.37413],[-82.942,42.37389],[-82.94403,42.37305],[-82.94451,42.37295],[-82.94476,42.37275],[-82.94714,42.37177],[-82.94764,42.37173],[-82.94795,42.37145],[-82.9491,42.371],[-82.94948,42.37095],[-82.94987,42.37101],[-82.95046,42.37086],[-82.95279,42.37063],[-82.95315,42.37069],[-82.9536,42.37055],[-82.95677,42.37024],[-82.95717,42.3703],[-82.95762,42.37016],[-82.95917,42.37],[-82.95954,42.37004],[-82.95999,42.36991],[-82.96495,42.36923],[-82.96761,42.36826],[-82.96805,42.36822],[-82.96841,42.36797],[-82.97061,42.36702],[-82.97102,42.36695],[-82.97125,42.36671],[-82.97273,42.36602],[-82.97317,42.36595],[-82.97348,42.36567],[-82.97548,42.36471],[-82.97602,42.36462],[-82.97631,42.36433],[-82.97804,42.3635],[-82.97854,42.36339],[-82.97885,42.36312],[-82.97994,42.36244],[-82.98032,42.36234],[-82.98046,42.36208],[-82.98171,42.3611],[-82.9821,42.36093],[-82.98234,42.36061],[-82.98444,42.35898],[-82.98488,42.35877],[-82.98528,42.35832],[-82.98901,42.3554],[-82.98938,42.35524],[-82.98962,42.35493],[-82.99047,42.35429],[-82.9912,42.35382],[-82.9916,42.35368],[-82.99188,42.35338],[-82.99423,42.35186],[-82.99464,42.35173],[-82.9949,42.35142],[-82.99678,42.35021],[-82.99729,42.35004],[-82.99772,42.34961],[-82.99812,42.34945],[-82.99849,42.34908],[-83.00044,42.34789],[-83.00087,42.34776],[-83.0024,42.34701],[-83.00244,42.34707],[-83.0024,42.34701],[-83.0043,42.3462],[-83.00494,42.34585],[-83.00527,42.34571],[-83.00537,42.34584],[-83.00527,42.34571],[-83.00816,42.34448],[-83.00838,42.34456],[-83.00878,42.34424],[-83.01007,42.34369],[-83.01048,42.34363],[-83.01082,42.34337],[-83.01123,42.34319],[-83.01355,42.34219],[-83.014,42.34211],[-83.01455,42.34176],[-83.01638,42.34098],[-83.01691,42.34085],[-83.01726,42.3406],[-83.01977,42.33952],[-83.02016,42.33944],[-83.02052,42.33919],[-83.02263,42.33829],[-83.0232,42.33816],[-83.02354,42.3379],[-83.02437,42.33753],[-83.02485,42.33743],[-83.0252,42.33718],[-83.02604,42.33682],[-83.02654,42.33673],[-83.02686,42.33647],[-83.02834,42.33582],[-83.03065,42.33483],[-83.03103,42.33477],[-83.03158,42.33443],[-83.03347,42.33362],[-83.03397,42.33352],[-83.03472,42.33308],[-83.03708,42.33216],[-83.03809,42.33167],[-83.03861,42.33152],[-83.03913,42.33118],[-83.04024,42.33079],[-83.04815,42.32738],[-83.04825,42.3277],[-83.04858,42.32796],[-83.04923,42.32877],[-83.05052,42.33057],[-83.05067,42.33096],[-83.05087,42.33121],[-83.05083,42.3317],[-83.05268,42.3317],[-83.05382,42.33358],[-83.0537,42.33362],[-83.05334,42.33409],[-83.05228,42.33368],[-83.05241,42.33326]]]}},{"type":"Feature","properties":{"agency":"smart","agency_label":"SMART","route":"125","name":"Fort St-Eureka Rd","route_type":3},"geometry":{"type":"MultiLineString","coordinates":[[[-83.3462,42.22626],[-83.34633,42.22644],[-83.34648,42.22635],[-83.34762,42.22479],[-83.34774,42.22422],[-83.34832,42.22361],[-83.3485,42.22354],[-83.34908,42.22271],[-83.34904,42.22234],[-83.34841,42.22166],[-83.34816,42.22159],[-83.34788,42.22163],[-83.34689,42.22198],[-83.34657,42.22218],[-83.34414,42.22546],[-83.34385,42.22628],[-83.34396,42.22763],[-83.34388,42.22813],[-83.34373,42.22849],[-83.34302,42.22945],[-83.34192,42.23051],[-83.3413,42.2313],[-83.34062,42.23227],[-83.3401,42.23333],[-83.34028,42.23355],[-83.34065,42.23367],[-83.34171,42.23254],[-83.34227,42.23182],[-83.34314,42.23218],[-83.34154,42.23467],[-83.34181,42.23491],[-83.34247,42.23524],[-83.34419,42.23564],[-83.3323,42.23864],[-83.331,42.23886],[-83.32786,42.23892],[-83.32774,42.23755],[-83.32755,42.23208],[-83.32747,42.22963],[-83.32753,42.22962],[-83.32747,42.22963],[-83.32732,42.22499],[-83.32738,42.22499],[-83.32732,42.22499],[-83.32731,42.22489],[-83.32709,42.22009],[-83.32718,42.22009],[-83.32709,42.22009],[-83.32663,42.21084],[-83.32659,42.20966],[-83.32667,42.20965],[-83.32659,42.20966],[-83.32624,42.20291],[-83.32624,42.20275],[-83.32642,42.20278],[-83.32624,42.20275],[-83.32589,42.19547],[-83.32589,42.19553],[-83.325,42.19555],[-83.32506,42.19548],[-83.325,42.19555],[-83.31681,42.1957],[-83.3165,42.1957],[-83.3165,42.19558],[-83.3165,42.1957],[-83.30773,42.19589],[-83.30563,42.19605],[-83.30562,42.196],[-83.30563,42.19605],[-83.30084,42.19646],[-83.29599,42.19679],[-83.29529,42.19676],[-83.28647,42.19705],[-83.28597,42.19706],[-83.28598,42.19701],[-83.28103,42.19721],[-83.28032,42.19722],[-83.28032,42.19717],[-83.28032,42.19722],[-83.2776,42.1973],[-83.2776,42.19725],[-83.2776,42.1973],[-83.26921,42.19754],[-83.26707,42.19758],[-83.26711,42.19751],[-83.26701,42.19759],[-83.26439,42.19765],[-83.26438,42.1976],[-83.26439,42.19765],[-83.26387,42.19767],[-83.24909,42.19805],[-83.24644,42.1979],[-83.2426,42.19799],[-83.23553,42.19821],[-83.2287,42.19867],[-83.22793,42.19869],[-83.22793,42.19861],[-83.22793,42.19869],[-83.22586,42.19867],[-83.22172,42.1988],[-83.22156,42.19875],[-83.22095,42.19882],[-83.21846,42.19886],[-83.21846,42.19881],[-83.21846,42.19886],[-83.21801,42.19887],[-83.2148,42.19892],[-83.2148,42.19887],[-83.19894,42.19917],[-83.19894,42.19912],[-83.19894,42.19917],[-83.19023,42.19932],[-83.19023,42.19927],[-83.19023,42.19932],[-83.18166,42.19943],[-83.18126,42.19943],[-83.18126,42.19936],[-83.18126,42.19943],[-83.18047,42.19944],[-83.18045,42.19884],[-83.18035,42.19879],[-83.18031,42.19809],[-83.17998,42.19804],[-83.18002,42.19945],[-83.18001,42.1998],[-83.17993,42.1998],[-83.18001,42.1998],[-83.18002,42.19998],[-83.18009,42.20179],[-83.18001,42.20179],[-83.18009,42.20179],[-83.1802,42.2041],[-83.1801,42.2041],[-83.1802,42.2041],[-83.18032,42.20696],[-83.1802,42.20697],[-83.18032,42.20696],[-83.18034,42.2073],[-83.18042,42.20917],[-83.18033,42.20912],[-83.18042,42.20917],[-83.18049,42.21039],[-83.18057,42.21222],[-83.18047,42.21222],[-83.18057,42.21222],[-83.18066,42.21423],[-83.18058,42.21423],[-83.18066,42.21423],[-83.18078,42.21733],[-83.18069,42.21733],[-83.18078,42.21733],[-83.18082,42.21779],[-83.18084,42.21888],[-83.18074,42.21888],[-83.18084,42.21888],[-83.18092,42.22101],[-83.18084,42.22101],[-83.18092,42.22101],[-83.18099,42.22212],[-83.181,42.22308],[-83.1809,42.22308],[-83.181,42.22308],[-83.18108,42.22469],[-83.18102,42.22555],[-83.1809,42.22555],[-83.18102,42.22555],[-83.18102,42.22567],[-83.18079,42.22747],[-83.18068,42.22746],[-83.18079,42.22747],[-83.18051,42.23],[-83.18042,42.23],[-83.18051,42.23],[-83.18024,42.23263],[-83.18012,42.23262],[-83.18024,42.23263],[-83.18,42.23478],[-83.1799,42.23477],[-83.18,42.23478],[-83.17984,42.23629],[-83.17974,42.23629],[-83.17984,42.23629],[-83.17976,42.23741],[-83.17981,42.2386],[-83.17972,42.2386],[-83.17981,42.2386],[-83.17994,42.24067],[-83.17985,42.24067],[-83.17994,42.24067],[-83.18001,42.24228],[-83.17989,42.24226],[-83.18001,42.24228],[-83.18015,42.24369],[-83.18003,42.24368],[-83.18015,42.24369],[-83.18002,42.24436],[-83.17979,42.24477],[-83.17969,42.24474],[-83.17979,42.24477],[-83.179,42.24617],[-83.17893,42.24615],[-83.179,42.24617],[-83.1781,42.24779],[-83.17802,42.24777],[-83.1781,42.24779],[-83.17746,42.24897],[-83.17737,42.24894],[-83.17746,42.24897],[-83.17674,42.25025],[-83.17642,42.25064],[-83.17635,42.25062],[-83.17642,42.25064],[-83.17462,42.25281],[-83.17456,42.25278],[-83.17462,42.25281],[-83.17352,42.25415],[-83.17325,42.25446],[-83.17319,42.25441],[-83.17325,42.25446],[-83.17186,42.25613],[-83.17179,42.2561],[-83.17186,42.25613],[-83.16962,42.25882],[-83.16955,42.25879],[-83.16962,42.25882],[-83.16698,42.26199],[-83.16683,42.26165],[-83.16675,42.26117],[-83.16675,42.26036],[-83.16663,42.25999],[-83.16642,42.25968],[-83.1664,42.25973],[-83.16632,42.25958],[-83.16543,42.25885],[-83.16459,42.25836],[-83.16315,42.25734],[-83.16265,42.25688],[-83.1627,42.25686],[-83.16211,42.25609],[-83.16127,42.25513],[-83.15906,42.25372],[-83.15527,42.25177],[-83.15046,42.2499],[-83.14246,42.24779],[-83.14192,42.24912],[-83.1418,42.24909],[-83.14192,42.24912],[-83.14106,42.25113],[-83.14094,42.2511],[-83.14106,42.25113],[-83.14059,42.25224],[-83.14046,42.25221],[-83.14059,42.25224],[-83.13993,42.25383],[-83.1398,42.2538],[-83.13993,42.25383],[-83.13923,42.25581],[-83.13908,42.25578],[-83.13923,42.25581],[-83.13842,42.25857],[-83.13829,42.25855],[-83.13842,42.25857],[-83.13759,42.26144],[-83.13749,42.26138],[-83.13759,42.26144],[-83.13711,42.26351],[-83.13697,42.2635],[-83.13711,42.26351],[-83.13697,42.26418],[-83.13652,42.26573],[-83.13638,42.26571],[-83.13652,42.26573],[-83.13589,42.26786],[-83.13573,42.26784],[-83.13589,42.26786],[-83.13491,42.2713],[-83.13471,42.27128],[-83.13491,42.27131],[-83.13441,42.27306],[-83.13409,42.27397],[-83.13376,42.2744],[-83.1336,42.27438]],[[-83.13455,42.27305],[-83.1345,42.27289],[-83.13541,42.26962],[-83.13555,42.26965],[-83.13539,42.26962],[-83.13556,42.26902],[-83.13586,42.26806],[-83.13601,42.26809],[-83.13586,42.26806],[-83.13641,42.26614],[-83.13657,42.26617],[-83.13641,42.26614],[-83.13706,42.26382],[-83.13719,42.26384],[-83.13706,42.2638],[-83.13733,42.26236],[-83.13749,42.26239],[-83.13733,42.26236],[-83.13747,42.26182],[-83.13776,42.26084],[-83.13792,42.26087],[-83.13776,42.26084],[-83.13811,42.25969],[-83.13829,42.25971],[-83.13812,42.25968],[-83.13837,42.25876],[-83.13853,42.25879],[-83.13837,42.25876],[-83.1386,42.25799],[-83.13873,42.25801],[-83.1386,42.25799],[-83.13913,42.25615],[-83.13929,42.25618],[-83.13913,42.25615],[-83.13946,42.25503],[-83.13959,42.25505],[-83.13946,42.25503],[-83.13948,42.25496],[-83.13993,42.25383],[-83.14008,42.25386],[-83.13993,42.25383],[-83.14076,42.25185],[-83.14094,42.25189],[-83.14078,42.25186],[-83.14141,42.25037],[-83.14156,42.25046],[-83.14141,42.25037],[-83.14243,42.24797],[-83.14291,42.24814],[-83.14501,42.24859],[-83.14913,42.24964],[-83.15124,42.25051],[-83.15576,42.25221],[-83.15729,42.25302],[-83.15725,42.25306],[-83.15729,42.25302],[-83.15882,42.25384],[-83.16034,42.25478],[-83.16156,42.25586],[-83.16248,42.257],[-83.16243,42.25703],[-83.16248,42.257],[-83.16299,42.25754],[-83.16451,42.25852],[-83.16445,42.25858],[-83.16451,42.25852],[-83.16522,42.25898],[-83.16606,42.25966],[-83.16641,42.26012],[-83.16658,42.26161],[-83.16687,42.26214],[-83.16534,42.26399],[-83.16541,42.26419],[-83.1656,42.26422],[-83.16761,42.26183],[-83.16817,42.26136],[-83.17027,42.25863],[-83.17149,42.25716],[-83.17158,42.2572],[-83.17149,42.25716],[-83.17165,42.25696],[-83.17257,42.25585],[-83.17265,42.25588],[-83.17257,42.25585],[-83.17379,42.25439],[-83.17384,42.25441],[-83.17379,42.25439],[-83.1752,42.2527],[-83.17529,42.25274],[-83.1752,42.2527],[-83.17714,42.25038],[-83.17751,42.24972],[-83.17756,42.24973],[-83.17751,42.24972],[-83.17774,42.24926],[-83.17936,42.2465],[-83.18022,42.24469],[-83.18036,42.24469],[-83.18024,42.24466],[-83.18037,42.24438],[-83.18047,42.2438],[-83.18039,42.24167],[-83.18047,42.24167],[-83.18039,42.24167],[-83.18026,42.23772],[-83.18018,42.23703],[-83.18029,42.23598],[-83.18036,42.23587],[-83.18033,42.23561],[-83.18059,42.23317],[-83.18068,42.23317],[-83.18109,42.22849],[-83.18117,42.22785],[-83.18123,42.2279],[-83.18118,42.22776],[-83.18142,42.22575],[-83.18147,42.22575],[-83.18142,42.22575],[-83.18149,42.22481],[-83.18144,42.22279],[-83.18152,42.22279],[-83.18143,42.22272],[-83.18136,42.22091],[-83.18142,42.22094],[-83.18136,42.22091],[-83.18133,42.22007],[-83.18139,42.21999],[-83.18132,42.21994],[-83.18127,42.21834],[-83.18133,42.2183],[-83.18127,42.2183],[-83.18121,42.21684],[-83.18126,42.21674],[-83.1812,42.21668],[-83.18116,42.21553],[-83.18122,42.21553],[-83.18116,42.21553],[-83.18109,42.21377],[-83.18108,42.21341],[-83.18115,42.21341],[-83.18108,42.21341],[-83.18096,42.21096],[-83.18101,42.21096],[-83.18091,42.2101],[-83.1809,42.20952],[-83.18096,42.20952],[-83.1809,42.20952],[-83.18088,42.20923],[-83.18088,42.20769],[-83.18068,42.20521],[-83.18057,42.20226],[-83.18063,42.20226],[-83.18061,42.2014],[-83.18058,42.20068],[-83.18051,42.20068],[-83.18047,42.19944],[-83.18332,42.19941],[-83.18532,42.1995],[-83.19313,42.19926],[-83.194,42.19925],[-83.19397,42.19931],[-83.194,42.19925],[-83.19679,42.1992],[-83.19679,42.19927],[-83.19679,42.1992],[-83.19962,42.19915],[-83.20008,42.19915],[-83.20008,42.19922],[-83.20008,42.19915],[-83.20261,42.19911],[-83.20261,42.19918],[-83.20261,42.19911],[-83.20595,42.19912],[-83.20763,42.19903],[-83.20814,42.19903],[-83.20814,42.19912],[-83.20814,42.19903],[-83.20835,42.19902],[-83.21175,42.19896],[-83.21175,42.19904],[-83.21175,42.19896],[-83.2148,42.19892],[-83.2148,42.19899],[-83.2148,42.19892],[-83.21693,42.19888],[-83.21693,42.19897],[-83.21693,42.19888],[-83.21939,42.19884],[-83.2194,42.19892],[-83.21939,42.19884],[-83.22208,42.19879],[-83.22208,42.19886],[-83.22208,42.19879],[-83.22269,42.19878],[-83.22404,42.19884],[-83.22903,42.19865],[-83.22919,42.19865],[-83.2292,42.19875],[-83.22919,42.19865],[-83.2315,42.19853],[-83.23187,42.19862],[-83.23482,42.19845],[-83.24541,42.19811],[-83.24904,42.19805],[-83.24904,42.19814],[-83.24904,42.19805],[-83.25317,42.19793],[-83.25341,42.19798],[-83.25661,42.19783],[-83.25751,42.19782],[-83.25751,42.19789],[-83.25751,42.19782],[-83.25761,42.19781],[-83.26902,42.19761],[-83.2714,42.19747],[-83.27318,42.19742],[-83.27318,42.19749],[-83.27318,42.19742],[-83.2778,42.19729],[-83.27781,42.19736],[-83.2778,42.19729],[-83.28218,42.19717],[-83.28218,42.19725],[-83.2865,42.19707],[-83.28795,42.19708],[-83.28795,42.19701],[-83.28806,42.197],[-83.2924,42.19688],[-83.2924,42.19696],[-83.2924,42.19688],[-83.2948,42.19682],[-83.2948,42.19691],[-83.2948,42.19682],[-83.29886,42.1966],[-83.29905,42.19659],[-83.29906,42.19668],[-83.29905,42.19659],[-83.30078,42.19645],[-83.301,42.19644],[-83.30102,42.19653],[-83.301,42.19644],[-83.30118,42.19642],[-83.30566,42.19605],[-83.30567,42.19614],[-83.30566,42.19605],[-83.30751,42.1959],[-83.30751,42.19599],[-83.30751,42.1959],[-83.30773,42.19589],[-83.31298,42.19577],[-83.31298,42.19585],[-83.31298,42.19577],[-83.3166,42.1957],[-83.31661,42.19579],[-83.3166,42.1957],[-83.32509,42.19554],[-83.32541,42.19554],[-83.32541,42.19563],[-83.32541,42.19554],[-83.32589,42.19553],[-83.32621,42.20209],[-83.32613,42.2021],[-83.32621,42.20209],[-83.32709,42.22024],[-83.32702,42.22024],[-83.3271,42.22029],[-83.3273,42.22442],[-83.32732,42.22512],[-83.32724,42.22512],[-83.32732,42.22512],[-83.32741,42.22764],[-83.32747,42.22962],[-83.3274,42.22962],[-83.32747,42.22962],[-83.32748,42.22974],[-83.32755,42.2321],[-83.32748,42.2321],[-83.32755,42.2321],[-83.32767,42.2355],[-83.32756,42.2355],[-83.32767,42.2355],[-83.32778,42.23865],[-83.32772,42.23891],[-83.32905,42.23898],[-83.33033,42.23886],[-83.33832,42.23699],[-83.34038,42.2368],[-83.34391,42.23593],[-83.34463,42.23568],[-83.34466,42.23552],[-83.34449,42.23547],[-83.34391,42.23556],[-83.34338,42.2355],[-83.34151,42.23473],[-83.34274,42.23294],[-83.34312,42.23226],[-83.34304,42.23211],[-83.34244,42.23185],[-83.34233,42.23161],[-83.3429,42.2308],[-83.34319,42.23008],[-83.34403,42.2289],[-83.34412,42.22825],[-83.34431,42.22783],[-83.34423,42.22712],[-83.34411,42.22678],[-83.3437,42.2262],[-83.34287,42.22544],[-83.34256,42.22487],[-83.34247,42.22426],[-83.34256,42.2238],[-83.343,42.22295],[-83.34782,42.2164],[-83.35148,42.21173],[-83.35216,42.21114],[-83.35414,42.21022],[-83.3558,42.20812],[-83.35698,42.20631],[-83.35898,42.20367],[-83.35913,42.20342],[-83.35913,42.20305],[-83.35889,42.20279],[-83.35855,42.20261],[-83.35808,42.20258],[-83.35756,42.20274],[-83.35738,42.20291],[-83.35366,42.20806],[-83.35193,42.21025],[-83.34875,42.21493],[-83.34285,42.22308],[-83.34224,42.22421],[-83.34246,42.22511],[-83.34345,42.22677],[-83.34379,42.22752],[-83.34369,42.22837],[-83.34314,42.22941],[-83.34199,42.23045],[-83.34042,42.23269],[-83.34018,42.23329],[-83.34038,42.2336],[-83.34083,42.23365],[-83.34289,42.23107],[-83.34317,42.23037],[-83.34409,42.22897],[-83.34542,42.22751],[-83.3462,42.22626]]]}},{"type":"Feature","properties":{"agency":"smart","agency_label":"SMART","route":"140","name":"Southshore","route_type":3},"geometry":{"type":"MultiLineString","coordinates":[[[-83.18235,42.19077],[-83.18246,42.19174],[-83.18269,42.19187],[-83.18334,42.19186],[-83.18332,42.18992],[-83.18298,42.18949],[-83.18395,42.18902],[-83.18395,42.18882],[-83.18374,42.18875],[-83.18211,42.18953],[-83.18208,42.18949],[-83.1821,42.18954],[-83.1811,42.19008],[-83.18015,42.19096],[-83.1802,42.19098],[-83.17995,42.19149],[-83.17982,42.19223],[-83.17988,42.19444],[-83.17978,42.19444],[-83.17988,42.19444],[-83.17989,42.19458],[-83.17996,42.19739],[-83.17985,42.19734],[-83.17996,42.19739],[-83.18002,42.19945],[-83.17018,42.19964],[-83.16997,42.19964],[-83.16997,42.19954],[-83.16997,42.19964],[-83.16492,42.19974],[-83.16468,42.19968],[-83.15097,42.19999],[-83.15072,42.2],[-83.15054,42.2004],[-83.15038,42.20036],[-83.15054,42.2004],[-83.1505,42.20051],[-83.14962,42.20247],[-83.14952,42.20245],[-83.14962,42.20247],[-83.14872,42.20448],[-83.14862,42.20446],[-83.14872,42.20448],[-83.14843,42.20527],[-83.14844,42.20671],[-83.14831,42.20671],[-83.14844,42.20671],[-83.14855,42.20896],[-83.14844,42.20898],[-83.14855,42.20896],[-83.14897,42.21053],[-83.14887,42.21055],[-83.14897,42.21053],[-83.14941,42.21212],[-83.14933,42.21213],[-83.14941,42.21212],[-83.14991,42.21395],[-83.14998,42.21441],[-83.14986,42.21442],[-83.14998,42.21441],[-83.1502,42.21679],[-83.15008,42.2168],[-83.1502,42.21679],[-83.15049,42.21866],[-83.15041,42.22006],[-83.15032,42.22],[-83.15041,42.22006],[-83.15006,42.22425],[-83.14997,42.22425],[-83.15006,42.22425],[-83.15003,42.22511],[-83.14998,42.22595],[-83.14986,42.22595],[-83.14998,42.22595],[-83.14986,42.22707],[-83.14934,42.23051],[-83.14924,42.2305],[-83.14934,42.23051],[-83.14919,42.23141],[-83.14893,42.23267],[-83.14881,42.23265],[-83.14893,42.23267],[-83.14828,42.2361],[-83.148,42.23662],[-83.1479,42.23658],[-83.148,42.23662],[-83.14792,42.23674],[-83.14761,42.23708],[-83.14664,42.23786],[-83.14553,42.2395],[-83.14542,42.23947],[-83.14553,42.2395],[-83.14468,42.24138],[-83.14532,42.24154],[-83.14522,42.2416],[-83.14532,42.24154],[-83.14563,42.24161],[-83.14707,42.24196],[-83.14704,42.24202],[-83.14707,42.24196],[-83.14776,42.24211],[-83.14809,42.24226],[-83.15277,42.24334],[-83.15271,42.24347],[-83.15277,42.24334],[-83.1547,42.24382],[-83.15474,42.24397],[-83.15479,42.24385],[-83.15767,42.24456],[-83.15761,42.24469],[-83.15767,42.24456],[-83.15981,42.2451],[-83.15976,42.2452],[-83.15981,42.2451],[-83.15992,42.24512],[-83.16189,42.24563],[-83.16254,42.24583],[-83.16242,42.24597],[-83.1623,42.24591],[-83.16242,42.24597],[-83.16254,42.24583],[-83.16305,42.24598],[-83.16495,42.24656],[-83.16488,42.24669],[-83.16495,42.24656],[-83.16702,42.2472],[-83.16694,42.24732],[-83.16702,42.2472],[-83.16904,42.24782],[-83.16896,42.24796],[-83.16904,42.24782],[-83.17158,42.2486],[-83.17219,42.24895],[-83.17226,42.24882],[-83.17554,42.24982],[-83.17548,42.24994],[-83.17554,42.24982],[-83.1758,42.24989],[-83.17607,42.25005],[-83.17719,42.2504],[-83.17734,42.25055],[-83.17739,42.25046],[-83.17975,42.25117],[-83.18067,42.25145],[-83.18063,42.25154],[-83.18067,42.25145],[-83.18248,42.252],[-83.18244,42.25206],[-83.18248,42.252],[-83.18622,42.25313],[-83.19074,42.25456],[-83.19071,42.25462],[-83.19074,42.25456],[-83.1945,42.25571],[-83.19447,42.25576],[-83.1945,42.25571],[-83.19725,42.25651],[-83.19719,42.25661],[-83.19725,42.25651],[-83.20179,42.25789],[-83.20174,42.258],[-83.20179,42.25789],[-83.20223,42.258],[-83.20597,42.25918],[-83.19768,42.2691],[-83.19503,42.27248],[-83.19508,42.27252],[-83.19494,42.27277],[-83.19404,42.27297],[-83.19244,42.27217],[-83.19216,42.27195],[-83.19097,42.27139],[-83.19021,42.27115],[-83.18889,42.27112],[-83.18872,42.27133],[-83.18975,42.2713],[-83.1905,42.27145],[-83.19244,42.27217],[-83.19271,42.27231],[-83.19264,42.27238],[-83.19271,42.27231],[-83.19285,42.27237],[-83.195,42.2734],[-83.19506,42.27354],[-83.1974,42.27443],[-83.19745,42.27435],[-83.19922,42.27489],[-83.19918,42.27497],[-83.19922,42.27489],[-83.19952,42.27497],[-83.20107,42.27551],[-83.20502,42.27661],[-83.20499,42.27666],[-83.20502,42.27661],[-83.20615,42.27701],[-83.20757,42.27763],[-83.20743,42.27783],[-83.20742,42.27799],[-83.20791,42.27852],[-83.20811,42.27899],[-83.20792,42.27969],[-83.20752,42.28027],[-83.20703,42.28068],[-83.2059,42.28138],[-83.20595,42.28141],[-83.20563,42.28162],[-83.20416,42.28316],[-83.20363,42.28427],[-83.20337,42.28555],[-83.203,42.28602],[-83.20226,42.2867],[-83.20207,42.28727],[-83.20177,42.28764],[-83.20239,42.28793],[-83.20233,42.28801],[-83.20239,42.28793],[-83.20765,42.29025],[-83.20757,42.29035],[-83.20746,42.2903],[-83.20757,42.29035],[-83.20765,42.29025],[-83.21265,42.29221],[-83.21259,42.29228],[-83.21265,42.29221],[-83.21625,42.2936],[-83.21618,42.29369],[-83.21625,42.2936],[-83.22,42.29506],[-83.21994,42.29515],[-83.22,42.29506],[-83.22696,42.29776],[-83.2269,42.29785],[-83.22696,42.29776],[-83.23183,42.29965],[-83.23176,42.29974],[-83.23183,42.29965],[-83.2345,42.30068],[-83.23445,42.30075],[-83.2345,42.30068],[-83.23953,42.30262],[-83.23963,42.30267],[-83.23959,42.30272],[-83.23963,42.30267],[-83.23992,42.3028],[-83.24064,42.30321],[-83.24154,42.304],[-83.24193,42.30455],[-83.24277,42.30652],[-83.23752,42.30778],[-83.23535,42.30804],[-83.23395,42.30801],[-83.23373,42.30773],[-83.23375,42.30746],[-83.23385,42.30736],[-83.23441,42.30725],[-83.23467,42.30728]],[[-83.23467,42.30728],[-83.23554,42.30723],[-83.23597,42.30698],[-83.23656,42.3068],[-83.23696,42.30689],[-83.23734,42.30777],[-83.23595,42.308],[-83.23585,42.30812],[-83.23587,42.30827],[-83.23881,42.30745],[-83.24278,42.30652],[-83.24256,42.30609],[-83.24263,42.30596],[-83.24254,42.30598],[-83.24193,42.30455],[-83.24163,42.3041],[-83.24093,42.30342],[-83.2399,42.30274],[-83.23296,42.30009],[-83.23275,42.3],[-83.23279,42.29993],[-83.23275,42.3],[-83.23217,42.29978],[-83.22866,42.29842],[-83.2287,42.29837],[-83.22866,42.29842],[-83.20799,42.29039],[-83.20194,42.28772],[-83.20227,42.28732],[-83.20243,42.28683],[-83.20323,42.28594],[-83.20353,42.28548],[-83.20372,42.28443],[-83.20368,42.28421],[-83.20372,42.28409],[-83.20388,42.28411],[-83.20372,42.28409],[-83.20402,42.2834],[-83.20427,42.28322],[-83.20617,42.28118],[-83.20703,42.28068],[-83.20747,42.28031],[-83.20755,42.28036],[-83.20747,42.28031],[-83.20792,42.27969],[-83.20817,42.27892],[-83.20803,42.27848],[-83.20757,42.27798],[-83.20785,42.27751],[-83.2066,42.27698],[-83.20498,42.27646],[-83.19881,42.27477],[-83.19886,42.2747],[-83.19881,42.27477],[-83.19755,42.27439],[-83.19463,42.27327],[-83.19565,42.27164],[-83.19797,42.26892],[-83.20065,42.26559],[-83.20072,42.26562],[-83.20065,42.26559],[-83.20282,42.26295],[-83.20357,42.26206],[-83.20364,42.26209],[-83.20357,42.26206],[-83.20566,42.25952],[-83.20574,42.25956],[-83.20566,42.25952],[-83.20597,42.25918],[-83.20823,42.25985],[-83.20848,42.25975],[-83.20848,42.25957],[-83.17934,42.25068],[-83.17744,42.25015],[-83.17589,42.24991],[-83.17505,42.24967],[-83.17414,42.24939],[-83.17418,42.24934],[-83.17414,42.24939],[-83.1726,42.24892],[-83.17241,42.24885],[-83.17244,42.2488],[-83.17241,42.24885],[-83.1712,42.24849],[-83.16958,42.24799],[-83.16961,42.24794],[-83.16958,42.24799],[-83.16514,42.24662],[-83.16516,42.24657],[-83.16514,42.24662],[-83.16251,42.24582],[-83.16254,42.24576],[-83.16251,42.24582],[-83.16004,42.24511],[-83.15409,42.24367],[-83.15412,42.24361],[-83.15409,42.24367],[-83.15023,42.24273],[-83.15014,42.24265],[-83.14664,42.24186],[-83.14638,42.24179],[-83.14641,42.24174],[-83.14638,42.24179],[-83.14468,42.24138],[-83.14477,42.24117],[-83.14484,42.24119],[-83.14477,42.24117],[-83.14556,42.23943],[-83.14576,42.23913],[-83.14584,42.23915],[-83.14576,42.23913],[-83.14583,42.239],[-83.14637,42.23821],[-83.14676,42.23774],[-83.14767,42.23702],[-83.14812,42.23643],[-83.14822,42.23646],[-83.14812,42.23643],[-83.14828,42.2361],[-83.14886,42.23296],[-83.14895,42.23257],[-83.14902,42.23258],[-83.14895,42.23257],[-83.14936,42.23036],[-83.14946,42.23037],[-83.14936,42.23036],[-83.14954,42.22912],[-83.14966,42.22855],[-83.14973,42.22857],[-83.14966,42.22855],[-83.14997,42.2262],[-83.15014,42.2234],[-83.15022,42.2234],[-83.15014,42.2234],[-83.15019,42.22246],[-83.15024,42.22193],[-83.15035,42.22193],[-83.15024,42.22193],[-83.15047,42.2193],[-83.15048,42.21923],[-83.15057,42.21923],[-83.15048,42.21923],[-83.15048,42.21856],[-83.15027,42.21729],[-83.15036,42.21728],[-83.15027,42.21729],[-83.15024,42.21714],[-83.14995,42.21415],[-83.14944,42.21223],[-83.14949,42.21222],[-83.14944,42.21223],[-83.14902,42.21076],[-83.14872,42.20956],[-83.14878,42.20955],[-83.14872,42.20956],[-83.14851,42.20882],[-83.14843,42.20527],[-83.14878,42.20432],[-83.14886,42.20434],[-83.14878,42.20432],[-83.14968,42.20229],[-83.14975,42.2023],[-83.14968,42.20229],[-83.14974,42.20212],[-83.1507,42.19999],[-83.15184,42.19997],[-83.15184,42.20007],[-83.15184,42.19997],[-83.15228,42.19996],[-83.15329,42.19995],[-83.15329,42.20001],[-83.15329,42.19995],[-83.15669,42.19988],[-83.15669,42.19996],[-83.15669,42.19988],[-83.15688,42.19987],[-83.16256,42.19983],[-83.16575,42.19971],[-83.16605,42.19971],[-83.16605,42.1998],[-83.16605,42.19971],[-83.16879,42.19966],[-83.16879,42.19974],[-83.16879,42.19966],[-83.1729,42.19958],[-83.17291,42.19967],[-83.1729,42.19958],[-83.17517,42.19954],[-83.17549,42.19954],[-83.17549,42.19962],[-83.17549,42.19954],[-83.17561,42.19953],[-83.17712,42.1995],[-83.17902,42.19965],[-83.17934,42.19947],[-83.18,42.19946],[-83.18002,42.20093],[-83.18036,42.20109],[-83.1805,42.20102],[-83.18046,42.1992],[-83.18075,42.19918],[-83.18046,42.19918],[-83.18038,42.19666],[-83.1805,42.19666],[-83.18038,42.19666],[-83.18031,42.19404],[-83.18048,42.19404],[-83.18048,42.19396],[-83.18048,42.19404],[-83.18031,42.19404],[-83.18026,42.19222],[-83.18032,42.19171],[-83.18055,42.19121],[-83.1811,42.19054],[-83.18179,42.19006],[-83.18189,42.19001],[-83.18194,42.19007],[-83.18189,42.19001],[-83.18298,42.18949],[-83.18332,42.18992],[-83.18335,42.19066],[-83.18238,42.19069],[-83.18235,42.19077]]]}},{"type":"Feature","properties":{"agency":"smart","agency_label":"SMART","route":"160","name":"Downriver","route_type":3},"geometry":{"type":"MultiLineString","coordinates":[[[-83.2111,42.14095],[-83.2111,42.141],[-83.20995,42.14102],[-83.19991,42.14117],[-83.19967,42.14117],[-83.19967,42.14112],[-83.19967,42.14117],[-83.19879,42.14119],[-83.19646,42.14117],[-83.18457,42.1414],[-83.18102,42.14124],[-83.17797,42.14086],[-83.17757,42.14263],[-83.17748,42.14256],[-83.17757,42.14263],[-83.17747,42.1431],[-83.1772,42.14379],[-83.1768,42.14574],[-83.17673,42.14573],[-83.1768,42.14574],[-83.17642,42.14748],[-83.17609,42.14891],[-83.17603,42.14891],[-83.17608,42.14924],[-83.17596,42.14982],[-83.17584,42.14998],[-83.175,42.15609],[-83.17603,42.15608],[-83.17603,42.15616],[-83.17603,42.15608],[-83.18401,42.15593],[-83.18402,42.156],[-83.18401,42.15593],[-83.18809,42.15585],[-83.18811,42.15623],[-83.18844,42.16575],[-83.18872,42.1708],[-83.18872,42.17091],[-83.18864,42.17091],[-83.18872,42.17091],[-83.18874,42.17116],[-83.1889,42.17417],[-83.18878,42.17418],[-83.1889,42.17417],[-83.18905,42.17808],[-83.18894,42.17808],[-83.18905,42.17808],[-83.18917,42.18041],[-83.18925,42.18243],[-83.18917,42.18243],[-83.18925,42.18243],[-83.18927,42.18282],[-83.1893,42.18521],[-83.18907,42.18576],[-83.18838,42.18647],[-83.18764,42.18689],[-83.18155,42.1898],[-83.18095,42.19019],[-83.18044,42.19068],[-83.18077,42.19091],[-83.18101,42.19062],[-83.1815,42.19025],[-83.18298,42.18949],[-83.18332,42.18992],[-83.18335,42.19066],[-83.18238,42.19069],[-83.18243,42.19165],[-83.18257,42.19183],[-83.1862,42.19179],[-83.1863,42.19171],[-83.18624,42.19049],[-83.1863,42.19049],[-83.18624,42.19049],[-83.18619,42.18944],[-83.18813,42.18943],[-83.18914,42.18971],[-83.18985,42.18971],[-83.18985,42.18978],[-83.18985,42.18971],[-83.19275,42.18965],[-83.19276,42.18972],[-83.19275,42.18965],[-83.19309,42.18964],[-83.19321,42.19046],[-83.19326,42.19184],[-83.1932,42.19185],[-83.19326,42.19184],[-83.19348,42.19644],[-83.19348,42.19658],[-83.19339,42.19658],[-83.19348,42.19658],[-83.19348,42.19695],[-83.19316,42.19852],[-83.19314,42.19927],[-83.194,42.19926],[-83.19397,42.19931],[-83.19425,42.19925],[-83.19679,42.19921],[-83.19679,42.19927],[-83.19679,42.19921],[-83.19706,42.1992],[-83.20008,42.19915],[-83.20008,42.19922],[-83.20008,42.19915],[-83.20203,42.19912],[-83.20261,42.19912],[-83.20261,42.19918],[-83.20261,42.19912],[-83.20288,42.19911],[-83.20595,42.19907],[-83.20595,42.19912],[-83.20595,42.19907],[-83.20763,42.19903],[-83.20814,42.19904],[-83.20814,42.19912],[-83.20814,42.19904],[-83.20835,42.19903],[-83.21175,42.19897],[-83.21175,42.19904],[-83.21175,42.19897],[-83.2148,42.19892],[-83.2148,42.19899],[-83.2148,42.19892],[-83.21693,42.19889],[-83.21693,42.19897],[-83.21693,42.19889],[-83.21939,42.19885],[-83.2194,42.19892],[-83.21939,42.19885],[-83.22208,42.1988],[-83.22208,42.19886],[-83.22208,42.1988],[-83.22628,42.19872],[-83.22645,42.19872],[-83.22644,42.19879],[-83.22645,42.19872],[-83.22924,42.19865],[-83.2292,42.19875],[-83.22924,42.19865],[-83.23113,42.19855],[-83.23187,42.19862],[-83.23979,42.19828],[-83.24673,42.19808],[-83.24904,42.19805],[-83.24904,42.19814],[-83.24904,42.19805],[-83.25317,42.19793],[-83.25341,42.19798],[-83.25661,42.19783],[-83.25751,42.19782],[-83.25751,42.19789],[-83.25751,42.19782],[-83.25808,42.1978],[-83.25824,42.20084],[-83.25815,42.2018],[-83.25809,42.20179],[-83.25815,42.2018],[-83.25796,42.20227],[-83.2574,42.20311],[-83.25565,42.20556],[-83.25556,42.20553],[-83.25565,42.20556],[-83.25463,42.2074],[-83.25445,42.20818],[-83.25387,42.21239],[-83.25366,42.2124],[-83.25365,42.21227],[-83.25366,42.2124],[-83.25321,42.21242],[-83.24823,42.21258],[-83.24784,42.21259],[-83.24783,42.21253],[-83.24784,42.21259],[-83.24013,42.21283],[-83.2401,42.2132],[-83.24025,42.21359],[-83.24013,42.2139],[-83.23935,42.21435],[-83.23878,42.21488],[-83.23829,42.2157],[-83.23828,42.21606],[-83.23836,42.21619],[-83.24047,42.21617],[-83.24043,42.2149],[-83.23878,42.21488],[-83.23956,42.2142],[-83.24048,42.21377],[-83.24026,42.21338],[-83.24013,42.21283],[-83.2399,42.21281],[-83.22459,42.21318],[-83.21829,42.21322],[-83.21007,42.21344],[-83.19409,42.21366],[-83.19385,42.21367],[-83.19372,42.21404],[-83.19364,42.21403],[-83.19372,42.21404],[-83.19373,42.21532],[-83.19383,42.21539],[-83.19387,42.21637],[-83.1937,42.21638],[-83.19387,42.21637],[-83.194,42.21908],[-83.1938,42.21909],[-83.194,42.21908],[-83.19412,42.22157],[-83.19393,42.22158],[-83.19412,42.22157],[-83.19427,42.22389],[-83.19409,42.22386],[-83.19427,42.22389],[-83.19428,42.22397],[-83.19433,42.22533],[-83.19415,42.22533],[-83.19415,42.22541],[-83.19415,42.22533],[-83.19433,42.22533],[-83.1944,42.2268],[-83.19421,42.22681],[-83.19422,42.2269],[-83.19421,42.22681],[-83.1944,42.2268],[-83.19452,42.22895],[-83.19435,42.22896],[-83.19452,42.22895],[-83.19454,42.22925],[-83.1946,42.23113],[-83.19427,42.23112],[-83.19427,42.231],[-83.19441,42.231],[-83.19427,42.231],[-83.19427,42.23112],[-83.1946,42.23113],[-83.19461,42.23132],[-83.19468,42.23312],[-83.19454,42.23313],[-83.19468,42.23312],[-83.19476,42.23526],[-83.19457,42.23527],[-83.19476,42.23526],[-83.1948,42.23637],[-83.19463,42.23638],[-83.19463,42.23646],[-83.19463,42.23638],[-83.1948,42.23637],[-83.19494,42.23993],[-83.19476,42.23993],[-83.19494,42.23993],[-83.19499,42.24043],[-83.19488,42.24054],[-83.19482,42.24321],[-83.19493,42.24477],[-83.19534,42.24735],[-83.19521,42.24733],[-83.19534,42.24735],[-83.19512,42.2494],[-83.19509,42.2496],[-83.19503,42.2496],[-83.19509,42.2496],[-83.19491,42.25139],[-83.19478,42.25206],[-83.19445,42.25289],[-83.19329,42.25496],[-83.19187,42.25453],[-83.1916,42.25461],[-83.19154,42.25475],[-83.19453,42.25567],[-83.19447,42.25576],[-83.19453,42.25567],[-83.19465,42.2557],[-83.19725,42.2565],[-83.19719,42.25661],[-83.19725,42.2565],[-83.20142,42.25777],[-83.20174,42.258],[-83.20195,42.25793],[-83.20619,42.25923],[-83.20614,42.25946],[-83.20633,42.25937],[-83.2064,42.25943],[-83.20633,42.25937],[-83.20643,42.25928],[-83.20662,42.25933],[-83.20969,42.26028],[-83.20964,42.26039],[-83.20969,42.26028],[-83.21092,42.2606],[-83.21108,42.26071],[-83.21824,42.2629],[-83.21912,42.26331],[-83.22173,42.26509],[-83.22302,42.26614],[-83.22355,42.2667],[-83.22397,42.26728],[-83.22423,42.26801],[-83.22418,42.26876],[-83.22398,42.26946],[-83.22342,42.27028],[-83.21988,42.27439],[-83.21382,42.28168],[-83.20915,42.28703],[-83.20574,42.29111],[-83.20496,42.29217],[-83.20456,42.29305],[-83.20431,42.2942],[-83.20439,42.29544],[-83.20487,42.29691],[-83.20582,42.29826],[-83.20936,42.30196],[-83.21244,42.30488],[-83.21367,42.30651],[-83.21399,42.30713],[-83.21452,42.30873],[-83.21469,42.31194],[-83.21458,42.312],[-83.2145,42.31235],[-83.21417,42.31256],[-83.21358,42.3125],[-83.21319,42.31224],[-83.21312,42.31182],[-83.2132,42.31164],[-83.21363,42.31129],[-83.21837,42.31022],[-83.22558,42.30915],[-83.22781,42.30896],[-83.23387,42.30865],[-83.23543,42.30834],[-83.23547,42.30808],[-83.23395,42.308],[-83.23373,42.30774],[-83.23374,42.30746],[-83.23389,42.30735],[-83.23448,42.30724],[-83.23518,42.30731]],[[-83.23518,42.30731],[-83.23564,42.30719],[-83.23625,42.30688],[-83.23682,42.30681],[-83.23698,42.30692],[-83.23733,42.30776],[-83.23595,42.308],[-83.23503,42.30805],[-83.22959,42.30798],[-83.22112,42.30919],[-83.21916,42.30966],[-83.21896,42.30961],[-83.21776,42.30979],[-83.21654,42.30971],[-83.21539,42.30994],[-83.21516,42.3099],[-83.21502,42.30981],[-83.21487,42.30815],[-83.21466,42.3075],[-83.21439,42.30692],[-83.21375,42.3059],[-83.21286,42.30495],[-83.21192,42.3041],[-83.2118,42.30408],[-83.21039,42.30272],[-83.20718,42.29949],[-83.20571,42.29792],[-83.20493,42.2967],[-83.20454,42.2955],[-83.20447,42.29427],[-83.2047,42.29317],[-83.20526,42.29197],[-83.21102,42.28503],[-83.21431,42.28134],[-83.22107,42.2732],[-83.22384,42.26999],[-83.22418,42.26942],[-83.22435,42.26893],[-83.22438,42.26801],[-83.22424,42.26747],[-83.22385,42.26669],[-83.22074,42.26398],[-83.22019,42.26356],[-83.21894,42.26284],[-83.21902,42.26275],[-83.21894,42.26284],[-83.2181,42.2625],[-83.21553,42.26173],[-83.21559,42.26162],[-83.21553,42.26173],[-83.21285,42.26103],[-83.21074,42.26029],[-83.21079,42.2602],[-83.21074,42.26029],[-83.20621,42.25889],[-83.20584,42.25871],[-83.20581,42.25877],[-83.1933,42.25496],[-83.19337,42.25485],[-83.19362,42.25472],[-83.19355,42.25449],[-83.19449,42.25291],[-83.19474,42.25222],[-83.19504,42.2501],[-83.19518,42.25013],[-83.19521,42.25006],[-83.19518,42.25013],[-83.19504,42.2501],[-83.19534,42.24717],[-83.19549,42.24695],[-83.19544,42.24695],[-83.19526,42.24527],[-83.19509,42.24281],[-83.19509,42.24053],[-83.19498,42.24046],[-83.19492,42.23941],[-83.1949,42.23891],[-83.19521,42.2389],[-83.1949,42.23891],[-83.19478,42.23591],[-83.19503,42.2359],[-83.19478,42.23591],[-83.19471,42.23454],[-83.19492,42.23447],[-83.19471,42.23406],[-83.1947,42.23389],[-83.19458,42.23049],[-83.19473,42.23049],[-83.19458,42.23049],[-83.19448,42.22798],[-83.1946,42.22798],[-83.19448,42.22798],[-83.19439,42.22663],[-83.19451,42.22663],[-83.19439,42.22663],[-83.1943,42.22459],[-83.1943,42.22444],[-83.19441,42.22444],[-83.1943,42.22444],[-83.19423,42.2232],[-83.19433,42.22317],[-83.19422,42.22301],[-83.19411,42.22136],[-83.19422,42.22135],[-83.19411,42.22136],[-83.19405,42.2203],[-83.19395,42.21811],[-83.19406,42.21811],[-83.19395,42.21811],[-83.19386,42.21612],[-83.19397,42.21612],[-83.19386,42.21612],[-83.19383,42.2155],[-83.19391,42.21531],[-83.1939,42.21417],[-83.19407,42.21368],[-83.19505,42.21366],[-83.19504,42.21376],[-83.19505,42.21366],[-83.19749,42.21363],[-83.19749,42.21373],[-83.19749,42.21363],[-83.20094,42.21359],[-83.20094,42.21368],[-83.20094,42.21359],[-83.2039,42.21354],[-83.2039,42.21363],[-83.2039,42.21354],[-83.20709,42.21349],[-83.20709,42.21359],[-83.207,42.21359],[-83.20709,42.21359],[-83.20709,42.21349],[-83.21073,42.21342],[-83.21073,42.21352],[-83.21073,42.21342],[-83.2123,42.21339],[-83.21304,42.21339],[-83.21302,42.21348],[-83.21302,42.21339],[-83.21316,42.21339],[-83.21466,42.21355],[-83.21699,42.21351],[-83.21699,42.21361],[-83.21699,42.21351],[-83.21907,42.21347],[-83.21906,42.21368],[-83.2195,42.21367],[-83.21957,42.21346],[-83.22301,42.21321],[-83.2272,42.21313],[-83.2272,42.21321],[-83.2272,42.21313],[-83.22984,42.21307],[-83.22984,42.21315],[-83.22984,42.21307],[-83.23454,42.21297],[-83.23451,42.21304],[-83.23454,42.21297],[-83.23694,42.21291],[-83.23694,42.21298],[-83.23694,42.21291],[-83.2401,42.21285],[-83.24009,42.21326],[-83.24024,42.21359],[-83.24013,42.21389],[-83.23949,42.21424],[-83.23869,42.21498],[-83.23828,42.21571],[-83.23827,42.21608],[-83.23832,42.21619],[-83.24045,42.21619],[-83.24047,42.21505],[-83.2404,42.21489],[-83.2388,42.21489],[-83.23975,42.2141],[-83.24048,42.21377],[-83.24031,42.21348],[-83.24015,42.21285],[-83.24901,42.21255],[-83.24901,42.21262],[-83.24901,42.21255],[-83.254,42.21239],[-83.25411,42.21093],[-83.2543,42.20947],[-83.25438,42.20947],[-83.2543,42.20947],[-83.25433,42.20919],[-83.25461,42.20745],[-83.25528,42.20612],[-83.25781,42.20252],[-83.25817,42.20173],[-83.25823,42.20062],[-83.25834,42.20062],[-83.25823,42.20062],[-83.25808,42.1978],[-83.24842,42.19806],[-83.24817,42.19798],[-83.24672,42.19791],[-83.2426,42.19799],[-83.23553,42.19821],[-83.23164,42.19845],[-83.2315,42.19854],[-83.2304,42.19859],[-83.2304,42.19852],[-83.2304,42.19859],[-83.22821,42.19869],[-83.22793,42.19869],[-83.22793,42.19861],[-83.22793,42.19869],[-83.22582,42.19873],[-83.22586,42.19867],[-83.22561,42.19874],[-83.22172,42.19881],[-83.22156,42.19881],[-83.22156,42.19875],[-83.22156,42.19881],[-83.22021,42.19884],[-83.21846,42.19887],[-83.21846,42.19881],[-83.21846,42.19887],[-83.2148,42.19893],[-83.2148,42.19887],[-83.2148,42.19893],[-83.20868,42.19903],[-83.20868,42.19897],[-83.20868,42.19903],[-83.20507,42.19908],[-83.2049,42.19903],[-83.20333,42.19911],[-83.20223,42.19912],[-83.20223,42.19907],[-83.20223,42.19912],[-83.2008,42.19915],[-83.19894,42.19917],[-83.19894,42.19912],[-83.19887,42.19918],[-83.19646,42.19916],[-83.19636,42.19922],[-83.19314,42.19928],[-83.19316,42.19877],[-83.19325,42.19877],[-83.19316,42.19877],[-83.19321,42.19828],[-83.19348,42.19695],[-83.19344,42.19591],[-83.19353,42.19591],[-83.19344,42.19591],[-83.1933,42.19172],[-83.19317,42.19007],[-83.19307,42.18965],[-83.18926,42.18972],[-83.18813,42.18943],[-83.18491,42.18948],[-83.18406,42.18985],[-83.18331,42.18993],[-83.18335,42.19066],[-83.18238,42.19069],[-83.18246,42.19174],[-83.18269,42.19187],[-83.18626,42.19177],[-83.18624,42.19049],[-83.1863,42.19049],[-83.18624,42.19049],[-83.18617,42.18882],[-83.18611,42.18864],[-83.18571,42.1882],[-83.18826,42.18697],[-83.18886,42.18656],[-83.18947,42.18582],[-83.18977,42.18491],[-83.18976,42.18453],[-83.18983,42.18453],[-83.18976,42.18453],[-83.18969,42.1838],[-83.18963,42.18209],[-83.18971,42.18209],[-83.18963,42.18209],[-83.1896,42.18154],[-83.1893,42.17415],[-83.18939,42.17415],[-83.1893,42.17415],[-83.18919,42.17037],[-83.18919,42.16985],[-83.18924,42.16985],[-83.18919,42.16985],[-83.18917,42.16921],[-83.18924,42.16539],[-83.1888,42.15458],[-83.18864,42.15429],[-83.18846,42.15417],[-83.1882,42.15414],[-83.18805,42.15424],[-83.18809,42.15586],[-83.18769,42.15587],[-83.18769,42.15579],[-83.18769,42.15587],[-83.18367,42.15594],[-83.18367,42.15586],[-83.18367,42.15594],[-83.17516,42.1561],[-83.17586,42.15124],[-83.17596,42.14982],[-83.17745,42.14351],[-83.1774,42.14339],[-83.17796,42.14086],[-83.18048,42.14117],[-83.18047,42.14122],[-83.18048,42.14117],[-83.18215,42.14132],[-83.18475,42.14139],[-83.18867,42.14133],[-83.18861,42.14138],[-83.19065,42.14128],[-83.19085,42.14128],[-83.19083,42.14135],[-83.19085,42.14128],[-83.19451,42.14131],[-83.19477,42.14124],[-83.19751,42.1412],[-83.19751,42.14127],[-83.19751,42.1412],[-83.19991,42.14116],[-83.20013,42.14116],[-83.20013,42.14125],[-83.20013,42.14116],[-83.2052,42.14108],[-83.2052,42.14117],[-83.2052,42.14108],[-83.21032,42.14101],[-83.21068,42.14111]]]}},{"type":"Feature","properties":{"agency":"smart","agency_label":"SMART","route":"200","name":"Michigan Local","route_type":3},"geometry":{"type":"MultiLineString","coordinates":[[[-83.21965,42.31833],[-83.21849,42.31849],[-83.21823,42.31718],[-83.2157,42.31722],[-83.21551,42.31314],[-83.21597,42.31241],[-83.21788,42.31055],[-83.21862,42.31028],[-83.21939,42.31011],[-83.22654,42.30904],[-83.23363,42.30869],[-83.23578,42.30835],[-83.23944,42.30733],[-83.24359,42.3064],[-83.24647,42.30566],[-83.2465,42.30573],[-83.24647,42.30566],[-83.24835,42.30522],[-83.24837,42.30528],[-83.24835,42.30522],[-83.25047,42.30471],[-83.25553,42.30356],[-83.25571,42.3036],[-83.25568,42.30352],[-83.25682,42.30327],[-83.25849,42.30318],[-83.25985,42.30287],[-83.25988,42.30295],[-83.25985,42.30287],[-83.26393,42.30178],[-83.26398,42.30188],[-83.26393,42.30178],[-83.26534,42.30143],[-83.26662,42.30113],[-83.26665,42.30121],[-83.26662,42.30113],[-83.26947,42.30044],[-83.26982,42.30036],[-83.26986,42.30044],[-83.26982,42.30036],[-83.26992,42.30033],[-83.27271,42.29967],[-83.27275,42.29976],[-83.27271,42.29968],[-83.27314,42.29957],[-83.27565,42.29907],[-83.28083,42.29832],[-83.28395,42.29801],[-83.2862,42.2977],[-83.28623,42.29779],[-83.28621,42.29769],[-83.29092,42.29705],[-83.29095,42.29716],[-83.29092,42.29705],[-83.29395,42.29663],[-83.29402,42.29671],[-83.294,42.29663],[-83.29492,42.29649],[-83.29572,42.29639],[-83.29578,42.29647],[-83.29576,42.29639],[-83.29593,42.29636],[-83.30111,42.29566],[-83.30113,42.29574],[-83.30111,42.29566],[-83.30428,42.29522],[-83.3043,42.29531],[-83.30428,42.29522],[-83.3067,42.2949],[-83.30678,42.29489],[-83.30679,42.29498],[-83.30678,42.29489],[-83.30856,42.29463],[-83.31206,42.2939],[-83.31215,42.29397],[-83.31212,42.29389],[-83.31392,42.29347],[-83.31403,42.29355],[-83.31399,42.29346],[-83.3165,42.29284],[-83.31654,42.29293],[-83.3165,42.29284],[-83.31996,42.29198],[-83.32001,42.29208],[-83.31996,42.29198],[-83.32346,42.29111],[-83.3235,42.29121],[-83.32346,42.29111],[-83.32455,42.29083],[-83.32633,42.29039],[-83.32638,42.29049],[-83.32633,42.29039],[-83.33028,42.28941],[-83.33026,42.28952],[-83.33028,42.28941],[-83.33201,42.28898],[-83.33204,42.28903],[-83.33201,42.28898],[-83.33967,42.28701],[-83.34135,42.28667],[-83.34241,42.28655],[-83.34242,42.2866],[-83.34241,42.28655],[-83.34465,42.28616],[-83.34566,42.28603],[-83.34568,42.28609],[-83.34566,42.28603],[-83.34959,42.28548],[-83.3496,42.28554],[-83.34959,42.28548],[-83.35421,42.28478],[-83.35423,42.28484],[-83.35421,42.28478],[-83.35634,42.28446],[-83.35636,42.28453],[-83.35634,42.28446],[-83.35874,42.28409],[-83.35876,42.28414],[-83.35874,42.28409],[-83.36115,42.28372],[-83.36118,42.28381],[-83.36115,42.28372],[-83.36203,42.28358],[-83.36439,42.28323],[-83.3644,42.28328],[-83.36439,42.28323],[-83.36458,42.2832],[-83.36877,42.28257],[-83.36879,42.28263],[-83.36877,42.28257],[-83.37194,42.28207],[-83.37306,42.2819],[-83.37308,42.28197],[-83.37306,42.2819],[-83.37521,42.28162],[-83.37566,42.28159],[-83.37567,42.28165],[-83.3757,42.28158],[-83.37682,42.28148],[-83.37893,42.28138],[-83.38084,42.28182],[-83.3836,42.28231],[-83.38893,42.28297],[-83.38964,42.28293],[-83.39014,42.28286],[-83.39198,42.28231],[-83.39201,42.28236],[-83.39198,42.28231],[-83.39304,42.28201],[-83.39407,42.28178],[-83.39409,42.28184],[-83.39407,42.28178],[-83.39509,42.28156],[-83.3952,42.28154],[-83.39522,42.2816],[-83.3952,42.28154],[-83.39528,42.28152],[-83.39795,42.2814],[-83.39972,42.28113],[-83.39975,42.28121],[-83.39972,42.28113],[-83.40394,42.28036],[-83.40398,42.28046],[-83.40394,42.28036],[-83.40743,42.27964],[-83.40746,42.27973],[-83.40743,42.27964],[-83.41274,42.27858],[-83.41277,42.27866],[-83.41274,42.27858],[-83.41429,42.27829],[-83.4154,42.27819],[-83.41687,42.27822],[-83.41899,42.27842],[-83.41922,42.27856]],[[-83.42132,42.27832],[-83.41595,42.27786],[-83.41432,42.27799],[-83.41334,42.27813],[-83.40562,42.27971],[-83.4056,42.27965],[-83.40562,42.27971],[-83.40248,42.28035],[-83.39739,42.28114],[-83.39597,42.28115],[-83.39509,42.28105],[-83.39434,42.28082],[-83.39338,42.2804],[-83.39344,42.28032],[-83.39338,42.2804],[-83.39252,42.28007],[-83.39177,42.27993],[-83.39179,42.27982],[-83.39177,42.27993],[-83.38848,42.27982],[-83.38828,42.2799],[-83.38285,42.28001],[-83.38039,42.28026],[-83.37973,42.28044],[-83.37829,42.28105],[-83.37766,42.28119],[-83.37422,42.28149],[-83.3724,42.28173],[-83.34042,42.28653],[-83.33012,42.28913],[-83.33008,42.28905],[-83.33012,42.28913],[-83.32269,42.29094],[-83.31724,42.29236],[-83.31529,42.29283],[-83.31524,42.29275],[-83.31528,42.29284],[-83.31294,42.29341],[-83.30784,42.29443],[-83.28979,42.2969],[-83.28978,42.29684],[-83.28979,42.2969],[-83.28795,42.29715],[-83.28485,42.29751],[-83.28417,42.29766],[-83.277,42.29852],[-83.275,42.29893],[-83.27471,42.29898],[-83.27469,42.29893],[-83.27471,42.29898],[-83.27046,42.29996],[-83.27026,42.3],[-83.27023,42.29994],[-83.27026,42.3],[-83.2671,42.30079],[-83.2625,42.3019],[-83.26247,42.30183],[-83.2625,42.3019],[-83.25797,42.30293],[-83.25682,42.30327],[-83.25479,42.30373],[-83.25476,42.30367],[-83.25479,42.30373],[-83.24554,42.30582],[-83.23753,42.30776],[-83.23549,42.30803],[-83.22966,42.30797],[-83.22774,42.30823],[-83.22721,42.30861],[-83.22669,42.30959],[-83.22644,42.31024],[-83.22707,42.31475],[-83.22721,42.3153],[-83.2276,42.31619],[-83.22836,42.31734],[-83.22877,42.31782],[-83.2288,42.31808],[-83.22872,42.31822],[-83.22851,42.31837],[-83.22781,42.31862],[-83.2268,42.31859],[-83.22607,42.31839],[-83.22571,42.31899],[-83.22509,42.31954],[-83.22424,42.32],[-83.2235,42.32024],[-83.22307,42.32029],[-83.22137,42.3202],[-83.2206,42.32004],[-83.21962,42.31969],[-83.21886,42.3191],[-83.21849,42.31849],[-83.21965,42.31833]]]}},{"type":"Feature","properties":{"agency":"smart","agency_label":"SMART","route":"210","name":"Michigan Local","route_type":3},"geometry":{"type":"MultiLineString","coordinates":[[[-83.40756,42.33317],[-83.40903,42.33313],[-83.40908,42.33403],[-83.4076,42.33444],[-83.40685,42.33476],[-83.4025,42.33762],[-83.40245,42.33758],[-83.4025,42.33762],[-83.4022,42.33783],[-83.40143,42.33824],[-83.40048,42.33853],[-83.39972,42.33863],[-83.39955,42.33863],[-83.39955,42.33854],[-83.39955,42.33863],[-83.39934,42.33864],[-83.39394,42.33874],[-83.39411,42.34185],[-83.39474,42.34166],[-83.39473,42.3418],[-83.39474,42.34166],[-83.39653,42.34112],[-83.39744,42.34067],[-83.39754,42.34076],[-83.39744,42.34067],[-83.39965,42.33924],[-83.40033,42.3385],[-83.40039,42.33798],[-83.40035,42.33628],[-83.40042,42.33618],[-83.40034,42.33618],[-83.4002,42.33255],[-83.40007,42.33199],[-83.3997,42.33122],[-83.39954,42.33068],[-83.39949,42.33012],[-83.39958,42.329],[-83.39968,42.32906],[-83.39958,42.329],[-83.39951,42.32789],[-83.39927,42.32675],[-83.3992,42.32576],[-83.39932,42.32578],[-83.3992,42.32576],[-83.39904,42.32427],[-83.4003,42.32423],[-83.4003,42.32432],[-83.4003,42.32423],[-83.40419,42.32412],[-83.4042,42.3242],[-83.40419,42.32412],[-83.40861,42.32401],[-83.40859,42.32341],[-83.40866,42.32341],[-83.40859,42.32341],[-83.40851,42.32088],[-83.40855,42.31966],[-83.40838,42.31567],[-83.40846,42.3157],[-83.40838,42.31567],[-83.40826,42.31397],[-83.40808,42.30959],[-83.40722,42.30955],[-83.3976,42.30979],[-83.39745,42.30979],[-83.39745,42.30974],[-83.39745,42.30979],[-83.3923,42.30989],[-83.39235,42.30984],[-83.3923,42.30989],[-83.38867,42.30996],[-83.38863,42.30928],[-83.38871,42.30931],[-83.38863,42.30928],[-83.38855,42.30671],[-83.38863,42.30671],[-83.38855,42.30671],[-83.38849,42.30523],[-83.38832,42.29939],[-83.3882,42.29755],[-83.38826,42.29755],[-83.3882,42.29755],[-83.3881,42.2951],[-83.38817,42.2951],[-83.3881,42.2951],[-83.38802,42.29394],[-83.3878,42.29333],[-83.38729,42.29249],[-83.38737,42.29246],[-83.38729,42.29249],[-83.38592,42.29021],[-83.38599,42.29018],[-83.38592,42.29021],[-83.38477,42.28837],[-83.38459,42.28802],[-83.38465,42.28801],[-83.38459,42.28802],[-83.38432,42.2875],[-83.38407,42.28683],[-83.38399,42.28653],[-83.38405,42.28652],[-83.38399,42.28653],[-83.38337,42.28417],[-83.38336,42.28385],[-83.38377,42.2824],[-83.38376,42.28109],[-83.38383,42.28109],[-83.38376,42.28107],[-83.38386,42.28065],[-83.38401,42.28036],[-83.38437,42.27996],[-83.38528,42.27937],[-83.38558,42.27941],[-83.38576,42.2796],[-83.3857,42.27979],[-83.38551,42.27994],[-83.38195,42.28006],[-83.38039,42.28026],[-83.37973,42.28044],[-83.37829,42.28105],[-83.37766,42.28119],[-83.37422,42.28149],[-83.3724,42.28173],[-83.34042,42.28653],[-83.33012,42.28913],[-83.33008,42.28905],[-83.33012,42.28913],[-83.31568,42.29273],[-83.31525,42.29283],[-83.31515,42.29245],[-83.315,42.29247],[-83.31509,42.29274],[-83.31525,42.29283],[-83.31225,42.29356],[-83.30784,42.29443],[-83.28979,42.2969],[-83.28978,42.29684],[-83.28979,42.2969],[-83.28795,42.29715],[-83.28485,42.29751],[-83.28417,42.29766],[-83.277,42.29852],[-83.275,42.29893],[-83.27471,42.29898],[-83.27469,42.29893],[-83.27471,42.29898],[-83.27046,42.29996],[-83.27026,42.3],[-83.27023,42.29994],[-83.27026,42.3],[-83.2671,42.30079],[-83.2625,42.3019],[-83.26247,42.30183],[-83.2625,42.3019],[-83.25797,42.30293],[-83.25682,42.30327],[-83.25479,42.30373],[-83.25476,42.30367],[-83.25479,42.30373],[-83.23802,42.30758],[-83.23789,42.30769],[-83.23752,42.30778],[-83.23699,42.3078],[-83.2361,42.30799],[-83.23501,42.30806],[-83.22996,42.30795],[-83.2276,42.30825],[-83.22756,42.30836],[-83.22715,42.30865],[-83.22699,42.30892],[-83.2265,42.31004],[-83.22644,42.31055],[-83.22721,42.31529],[-83.22742,42.31594],[-83.22836,42.31734],[-83.22877,42.31782],[-83.2288,42.31808],[-83.22872,42.31822],[-83.22851,42.31837],[-83.22781,42.31862],[-83.2268,42.31859],[-83.22607,42.31839],[-83.22571,42.31899],[-83.22509,42.31954],[-83.22424,42.32],[-83.2235,42.32024],[-83.22307,42.32029],[-83.22137,42.3202],[-83.2206,42.32004],[-83.21962,42.31969],[-83.21886,42.3191],[-83.21849,42.31849],[-83.21965,42.31833]],[[-83.21965,42.31833],[-83.21849,42.31849],[-83.21823,42.31718],[-83.2157,42.31722],[-83.21551,42.31314],[-83.21597,42.31241],[-83.21788,42.31055],[-83.21862,42.31028],[-83.21939,42.31011],[-83.22654,42.30904],[-83.23363,42.30869],[-83.23578,42.30835],[-83.23944,42.30733],[-83.24359,42.3064],[-83.24647,42.30566],[-83.2465,42.30573],[-83.24647,42.30566],[-83.24835,42.30522],[-83.24837,42.30528],[-83.24835,42.30522],[-83.25047,42.30471],[-83.25553,42.30356],[-83.25571,42.3036],[-83.25568,42.30352],[-83.25682,42.30327],[-83.25849,42.30318],[-83.25985,42.30287],[-83.25988,42.30295],[-83.25985,42.30287],[-83.26393,42.30178],[-83.26398,42.30188],[-83.26393,42.30178],[-83.26534,42.30143],[-83.26662,42.30113],[-83.26665,42.30121],[-83.26662,42.30113],[-83.26947,42.30044],[-83.26982,42.30036],[-83.26986,42.30044],[-83.26982,42.30036],[-83.26992,42.30033],[-83.27271,42.29967],[-83.27275,42.29976],[-83.27284,42.29974],[-83.2728,42.29966],[-83.27314,42.29957],[-83.27565,42.29907],[-83.2811,42.29829],[-83.28621,42.2977],[-83.28623,42.29779],[-83.28621,42.2977],[-83.28752,42.2975],[-83.29092,42.29705],[-83.29095,42.29716],[-83.29092,42.29705],[-83.29395,42.29663],[-83.29402,42.29671],[-83.294,42.29663],[-83.29492,42.29649],[-83.29572,42.29639],[-83.29578,42.29647],[-83.29576,42.29639],[-83.29593,42.29636],[-83.30111,42.29566],[-83.30113,42.29574],[-83.30111,42.29566],[-83.30428,42.29522],[-83.3043,42.29531],[-83.30428,42.29522],[-83.3067,42.2949],[-83.30678,42.29489],[-83.30679,42.29498],[-83.30678,42.29489],[-83.30856,42.29463],[-83.31206,42.2939],[-83.31215,42.29397],[-83.31212,42.29389],[-83.31392,42.29347],[-83.31403,42.29355],[-83.31399,42.29346],[-83.3165,42.29284],[-83.31654,42.29293],[-83.3165,42.29284],[-83.31996,42.29198],[-83.32001,42.29208],[-83.31996,42.29198],[-83.32316,42.29118],[-83.32346,42.29111],[-83.3235,42.29121],[-83.32346,42.29111],[-83.32633,42.29039],[-83.32638,42.29049],[-83.32633,42.29039],[-83.33028,42.28941],[-83.33026,42.28952],[-83.33028,42.28941],[-83.33201,42.28898],[-83.33204,42.28903],[-83.33201,42.28898],[-83.34085,42.28675],[-83.34241,42.28655],[-83.34242,42.2866],[-83.34241,42.28655],[-83.34465,42.28616],[-83.34566,42.28603],[-83.34568,42.28609],[-83.34566,42.28603],[-83.34959,42.28548],[-83.3496,42.28554],[-83.34959,42.28548],[-83.35421,42.28478],[-83.35423,42.28484],[-83.35421,42.28478],[-83.35634,42.28446],[-83.35636,42.28453],[-83.35634,42.28446],[-83.35874,42.28409],[-83.35876,42.28414],[-83.35874,42.28409],[-83.36115,42.28372],[-83.36118,42.28381],[-83.36115,42.28372],[-83.36439,42.28323],[-83.3644,42.28328],[-83.36439,42.28323],[-83.36877,42.28257],[-83.36879,42.28263],[-83.36877,42.28257],[-83.37291,42.28192],[-83.37306,42.2819],[-83.37308,42.28197],[-83.37306,42.2819],[-83.37387,42.28178],[-83.37521,42.28162],[-83.37566,42.28159],[-83.37567,42.28165],[-83.3757,42.28158],[-83.37682,42.28148],[-83.37856,42.28136],[-83.37863,42.28136],[-83.37863,42.28143],[-83.37869,42.28136],[-83.37918,42.28141],[-83.38084,42.28182],[-83.38379,42.28231],[-83.38338,42.28385],[-83.38337,42.28417],[-83.38396,42.28639],[-83.3839,42.2865],[-83.38399,42.28649],[-83.38415,42.28709],[-83.38452,42.2879],[-83.38543,42.2894],[-83.38532,42.28942],[-83.38543,42.2894],[-83.38609,42.29049],[-83.38599,42.29053],[-83.38609,42.29049],[-83.38707,42.2921],[-83.38696,42.29214],[-83.38707,42.2921],[-83.38791,42.29356],[-83.38804,42.29404],[-83.38808,42.29464],[-83.38815,42.29634],[-83.38804,42.29634],[-83.38815,42.29634],[-83.38826,42.29881],[-83.38815,42.29881],[-83.38826,42.29881],[-83.38834,42.30072],[-83.38821,42.30072],[-83.38834,42.30072],[-83.38845,42.30402],[-83.38832,42.30398],[-83.38845,42.30402],[-83.38847,42.30424],[-83.38856,42.30686],[-83.38842,42.30687],[-83.38856,42.30686],[-83.38867,42.30996],[-83.38974,42.30994],[-83.38971,42.31003],[-83.38974,42.30994],[-83.39806,42.30978],[-83.39808,42.30987],[-83.39806,42.30978],[-83.39823,42.30977],[-83.40351,42.30966],[-83.40352,42.30975],[-83.40351,42.30966],[-83.40808,42.30959],[-83.40809,42.31021],[-83.40787,42.31021],[-83.40809,42.31021],[-83.40834,42.31497],[-83.4082,42.31498],[-83.40834,42.31497],[-83.40839,42.31586],[-83.40844,42.31752],[-83.40832,42.31753],[-83.40844,42.31752],[-83.40851,42.31992],[-83.40838,42.31992],[-83.40851,42.31992],[-83.40862,42.32402],[-83.40803,42.32396],[-83.40803,42.32403],[-83.40358,42.32414],[-83.40359,42.32397],[-83.40352,42.32397],[-83.40359,42.32397],[-83.40358,42.32414],[-83.39904,42.32427],[-83.39849,42.32427],[-83.39847,42.32406],[-83.39901,42.32393],[-83.39904,42.32551],[-83.39929,42.32918],[-83.39928,42.32982],[-83.3992,42.32982],[-83.39928,42.32982],[-83.39929,42.33065],[-83.39948,42.33133],[-83.39993,42.33226],[-83.40006,42.33287],[-83.40016,42.3357],[-83.40008,42.3357],[-83.40016,42.3357],[-83.40017,42.33582],[-83.40025,42.33793],[-83.40016,42.33867],[-83.39965,42.33924],[-83.3994,42.33941],[-83.39935,42.33937],[-83.3994,42.33941],[-83.39756,42.34059],[-83.3975,42.34054],[-83.39756,42.34059],[-83.39698,42.34093],[-83.39631,42.3412],[-83.39544,42.34145],[-83.39541,42.3414],[-83.39544,42.34145],[-83.39426,42.3418],[-83.39425,42.3415],[-83.3943,42.3415],[-83.39425,42.3415],[-83.39413,42.33874],[-83.39446,42.33877],[-83.39452,42.33885],[-83.39517,42.33873],[-83.39981,42.33865],[-83.40045,42.33855],[-83.40146,42.33826],[-83.40278,42.33748],[-83.40307,42.33745],[-83.40329,42.33715],[-83.40589,42.33539],[-83.40549,42.33503],[-83.40543,42.33439],[-83.40659,42.33431],[-83.40765,42.33406],[-83.40847,42.33314],[-83.40756,42.33317]]]}},{"type":"Feature","properties":{"agency":"smart","agency_label":"SMART","route":"250","name":"Ford Rd","route_type":3},"geometry":{"type":"MultiLineString","coordinates":[[[-83.40756,42.33317],[-83.4072,42.33317],[-83.40722,42.33382],[-83.40724,42.33418],[-83.40738,42.33414],[-83.4076,42.33446],[-83.40666,42.33488],[-83.40473,42.33616],[-83.40468,42.33611],[-83.40473,42.33616],[-83.40251,42.33763],[-83.40245,42.33758],[-83.40251,42.33763],[-83.40189,42.33802],[-83.40083,42.33845],[-83.39972,42.33864],[-83.39955,42.33864],[-83.39955,42.33854],[-83.39955,42.33864],[-83.39921,42.33865],[-83.39052,42.33883],[-83.39044,42.33883],[-83.39043,42.33872],[-83.39044,42.33883],[-83.38496,42.33894],[-83.38494,42.33844],[-83.38502,42.33844],[-83.38494,42.33844],[-83.38493,42.33836],[-83.38481,42.33636],[-83.38493,42.33539],[-83.38513,42.33481],[-83.38839,42.32759],[-83.38918,42.32444],[-83.38729,42.32448],[-83.38729,42.3244],[-83.38729,42.32448],[-83.38706,42.32449],[-83.38413,42.32454],[-83.38413,42.32446],[-83.38413,42.32454],[-83.3789,42.32464],[-83.37865,42.32464],[-83.37866,42.32456],[-83.37865,42.32464],[-83.37769,42.32467],[-83.37423,42.32475],[-83.37422,42.32467],[-83.37423,42.32475],[-83.36896,42.32486],[-83.36896,42.3248],[-83.36896,42.32486],[-83.36883,42.32487],[-83.36657,42.32491],[-83.36642,42.32491],[-83.36642,42.32484],[-83.36642,42.32491],[-83.3645,42.32495],[-83.36419,42.32494],[-83.36426,42.32487],[-83.36406,42.32495],[-83.35978,42.325],[-83.35978,42.32494],[-83.35978,42.325],[-83.35654,42.32505],[-83.35653,42.32498],[-83.35654,42.32505],[-83.35414,42.32508],[-83.35367,42.32508],[-83.35367,42.32502],[-83.35367,42.32508],[-83.35353,42.32509],[-83.35235,42.3251],[-83.35235,42.32504],[-83.35235,42.3251],[-83.35,42.32515],[-83.3498,42.32515],[-83.3498,42.32507],[-83.3498,42.32515],[-83.34949,42.32516],[-83.34369,42.3253],[-83.34369,42.32524],[-83.34369,42.3253],[-83.34009,42.32539],[-83.33997,42.32539],[-83.33997,42.32533],[-83.33997,42.32539],[-83.33033,42.32562],[-83.33033,42.32555],[-83.33033,42.32562],[-83.32567,42.32576],[-83.32567,42.32569],[-83.32567,42.32576],[-83.32056,42.32592],[-83.32047,42.32592],[-83.32047,42.32584],[-83.32047,42.32592],[-83.32034,42.32593],[-83.31725,42.32602],[-83.31724,42.32595],[-83.31725,42.32602],[-83.31359,42.32614],[-83.31359,42.32604],[-83.31359,42.32614],[-83.31087,42.32622],[-83.31022,42.32623],[-83.31019,42.32608],[-83.31038,42.32606],[-83.31019,42.32608],[-83.31009,42.32592],[-83.31,42.32596],[-83.31,42.32623],[-83.3098,42.32624],[-83.30053,42.32642],[-83.30052,42.32631],[-83.30053,42.32642],[-83.29687,42.3265],[-83.29663,42.3265],[-83.29663,42.32638],[-83.29663,42.3265],[-83.29276,42.32658],[-83.29275,42.32648],[-83.29276,42.32658],[-83.29077,42.32662],[-83.29076,42.3265],[-83.29089,42.3265],[-83.29076,42.3265],[-83.29077,42.32662],[-83.28911,42.32665],[-83.28911,42.32655],[-83.28911,42.32665],[-83.28671,42.32671],[-83.28671,42.32658],[-83.28671,42.32671],[-83.28155,42.32682],[-83.28154,42.32669],[-83.28155,42.32682],[-83.27923,42.32687],[-83.27909,42.32687],[-83.27908,42.32674],[-83.27909,42.32687],[-83.27753,42.32691],[-83.27731,42.3269],[-83.27729,42.32647],[-83.27674,42.32647],[-83.27675,42.3268],[-83.27662,42.3268],[-83.27675,42.3268],[-83.27674,42.32647],[-83.27729,42.32647],[-83.27731,42.3269],[-83.27589,42.32693],[-83.27483,42.32683],[-83.27192,42.32694],[-83.27191,42.32687],[-83.27192,42.32694],[-83.27175,42.327],[-83.26934,42.32704],[-83.26934,42.32692],[-83.26942,42.32693],[-83.26934,42.32692],[-83.26934,42.32704],[-83.26714,42.32706],[-83.26719,42.32693],[-83.26714,42.32706],[-83.26635,42.32709],[-83.26266,42.32677],[-83.24966,42.3271],[-83.24557,42.32691],[-83.24358,42.3271],[-83.24037,42.32799],[-83.23887,42.32816],[-83.23816,42.32811],[-83.23737,42.32783],[-83.23614,42.32705],[-83.23548,42.32697],[-83.23449,42.32709],[-83.23401,42.3249],[-83.23412,42.32489],[-83.23401,42.3249],[-83.23366,42.32332],[-83.2334,42.32267],[-83.23294,42.32213],[-83.23157,42.32104],[-83.22985,42.31872],[-83.22952,42.31852],[-83.22885,42.31834],[-83.2278,42.31859],[-83.22712,42.31862],[-83.22652,42.31854],[-83.22607,42.31839],[-83.22573,42.319],[-83.2254,42.31932],[-83.22424,42.32],[-83.22332,42.32027],[-83.22169,42.32023],[-83.22023,42.31993],[-83.21931,42.31949],[-83.21879,42.31902],[-83.21847,42.31849],[-83.21987,42.31834],[-83.21943,42.3185],[-83.21852,42.31865],[-83.21821,42.31746],[-83.21823,42.31668],[-83.2184,42.31608],[-83.21912,42.31471],[-83.21957,42.31418],[-83.22047,42.3135],[-83.22154,42.31314],[-83.22242,42.31306],[-83.2238,42.31312],[-83.22411,42.31269],[-83.2244,42.31249],[-83.2249,42.31231],[-83.22621,42.31222],[-83.22656,42.31215],[-83.22678,42.31199],[-83.22704,42.31159],[-83.22681,42.31009],[-83.22687,42.30976],[-83.22712,42.30939],[-83.22744,42.30917],[-83.22789,42.30896],[-83.23301,42.30872],[-83.23537,42.30836],[-83.23546,42.30826],[-83.23547,42.30805],[-83.23395,42.30801],[-83.23379,42.30784],[-83.23372,42.30767],[-83.23379,42.3074],[-83.23434,42.30726],[-83.23467,42.30728]],[[-83.23467,42.30728],[-83.23552,42.30723],[-83.23606,42.30694],[-83.23673,42.3068],[-83.23694,42.30688],[-83.23704,42.30702],[-83.23731,42.30774],[-83.23566,42.30802],[-83.23004,42.30795],[-83.22771,42.30826],[-83.22726,42.30852],[-83.22704,42.30881],[-83.22639,42.3103],[-83.22716,42.3152],[-83.22746,42.316],[-83.22881,42.318],[-83.22865,42.3183],[-83.22773,42.31857],[-83.22716,42.31858],[-83.22608,42.31839],[-83.22561,42.31913],[-83.22443,42.31994],[-83.22388,42.32014],[-83.22311,42.32028],[-83.22125,42.32017],[-83.21986,42.31975],[-83.21944,42.31953],[-83.21889,42.31909],[-83.21866,42.31879],[-83.21855,42.31849],[-83.21983,42.31834],[-83.21924,42.31854],[-83.21856,42.31866],[-83.21898,42.31921],[-83.2196,42.31967],[-83.22023,42.31993],[-83.22137,42.3202],[-83.223,42.32029],[-83.2235,42.32024],[-83.22424,42.32],[-83.22509,42.31954],[-83.22573,42.319],[-83.22607,42.31839],[-83.2268,42.31859],[-83.22765,42.31862],[-83.22764,42.3187],[-83.22765,42.31862],[-83.22873,42.3185],[-83.2294,42.3187],[-83.23147,42.32151],[-83.23272,42.32258],[-83.23303,42.32294],[-83.23333,42.32354],[-83.23375,42.32519],[-83.23405,42.32515],[-83.23412,42.32489],[-83.23395,42.32453],[-83.23363,42.32324],[-83.23344,42.32319],[-83.23326,42.32333],[-83.23376,42.32518],[-83.23452,42.32891],[-83.23436,42.32958],[-83.23415,42.32973],[-83.23381,42.32977],[-83.23341,42.3296],[-83.23331,42.32931],[-83.23347,42.32905],[-83.23393,42.3289],[-83.23522,42.32884],[-83.23532,42.32877],[-83.23976,42.32865],[-83.24562,42.32756],[-83.24884,42.32736],[-83.25494,42.32721],[-83.25567,42.32725],[-83.26268,42.32703],[-83.26283,42.32704],[-83.26282,42.32711],[-83.26283,42.32704],[-83.26422,42.32716],[-83.26614,42.32708],[-83.26613,42.3272],[-83.26614,42.32708],[-83.26755,42.32704],[-83.26832,42.32704],[-83.26832,42.32715],[-83.26832,42.32704],[-83.27121,42.327],[-83.27175,42.327],[-83.27189,42.32709],[-83.27429,42.32702],[-83.27429,42.32709],[-83.27429,42.32702],[-83.27589,42.32693],[-83.27632,42.32693],[-83.27631,42.32705],[-83.27632,42.32693],[-83.27646,42.32692],[-83.28019,42.32684],[-83.28019,42.32697],[-83.28019,42.32684],[-83.28296,42.32678],[-83.28291,42.32691],[-83.28296,42.32678],[-83.28505,42.32674],[-83.28506,42.32687],[-83.28505,42.32674],[-83.2877,42.32668],[-83.28775,42.32692],[-83.28806,42.32692],[-83.28806,42.32681],[-83.28806,42.32692],[-83.28775,42.32692],[-83.2877,42.32668],[-83.28992,42.32664],[-83.28992,42.32677],[-83.28992,42.32664],[-83.29263,42.32658],[-83.29257,42.32676],[-83.29253,42.32672],[-83.29262,42.32674],[-83.29263,42.32658],[-83.29541,42.32652],[-83.29542,42.32665],[-83.29541,42.32652],[-83.29574,42.3265],[-83.29728,42.32649],[-83.29728,42.32661],[-83.29728,42.32649],[-83.29748,42.32648],[-83.30208,42.32639],[-83.30208,42.3265],[-83.30208,42.32639],[-83.30587,42.32631],[-83.30588,42.32641],[-83.30587,42.32631],[-83.31248,42.32617],[-83.31249,42.3263],[-83.31248,42.32617],[-83.31271,42.32616],[-83.31679,42.32604],[-83.3168,42.3261],[-83.31679,42.32604],[-83.31822,42.32599],[-83.31823,42.32606],[-83.31822,42.32599],[-83.32263,42.32585],[-83.32263,42.32592],[-83.32263,42.32585],[-83.32613,42.32574],[-83.32679,42.32573],[-83.3268,42.3258],[-83.32679,42.32573],[-83.33164,42.32558],[-83.33164,42.32569],[-83.33164,42.32558],[-83.33669,42.32546],[-83.3367,42.32557],[-83.33669,42.32546],[-83.34123,42.32535],[-83.34124,42.32547],[-83.34132,42.32547],[-83.34124,42.32547],[-83.34123,42.32535],[-83.34442,42.32528],[-83.34442,42.32539],[-83.34442,42.32528],[-83.34788,42.3252],[-83.34789,42.32529],[-83.34788,42.3252],[-83.35092,42.32512],[-83.35092,42.32522],[-83.35092,42.32512],[-83.35392,42.32508],[-83.35393,42.32519],[-83.35392,42.32508],[-83.35542,42.32506],[-83.35542,42.32517],[-83.35542,42.32506],[-83.36066,42.32499],[-83.36067,42.32509],[-83.36066,42.32499],[-83.36554,42.3249],[-83.36555,42.32499],[-83.36554,42.3249],[-83.37111,42.32481],[-83.37111,42.32491],[-83.37111,42.32481],[-83.37481,42.32473],[-83.37481,42.32482],[-83.37481,42.32473],[-83.37945,42.32462],[-83.37973,42.32462],[-83.37974,42.32486],[-83.38005,42.32486],[-83.38004,42.3247],[-83.37995,42.32471],[-83.38004,42.3247],[-83.38003,42.32461],[-83.38517,42.32452],[-83.38518,42.32461],[-83.38517,42.32452],[-83.38918,42.32444],[-83.38831,42.32769],[-83.38802,42.32836],[-83.38791,42.32834],[-83.38802,42.32836],[-83.38644,42.33189],[-83.38632,42.33186],[-83.38644,42.33189],[-83.38493,42.33539],[-83.38482,42.3367],[-83.3847,42.33671],[-83.38482,42.3367],[-83.38496,42.33894],[-83.39452,42.33874],[-83.39452,42.33885],[-83.39452,42.33874],[-83.39972,42.33864],[-83.40083,42.33845],[-83.40189,42.33802],[-83.40317,42.33725],[-83.40666,42.33488],[-83.4076,42.33446],[-83.40738,42.33414],[-83.40724,42.33418],[-83.40722,42.33382],[-83.4072,42.33317],[-83.40756,42.33317]]]}},{"type":"Feature","properties":{"agency":"smart","agency_label":"SMART","route":"255","name":"Ford Rd Express","route_type":3},"geometry":{"type":"MultiLineString","coordinates":[[[-83.04007,42.33272],[-83.04004,42.33268],[-83.04331,42.33128],[-83.04216,42.32986],[-83.04416,42.329],[-83.04419,42.32911],[-83.0442,42.32898],[-83.04491,42.32865],[-83.04524,42.32859],[-83.04528,42.32864],[-83.04524,42.32859],[-83.0456,42.32844],[-83.04627,42.32931],[-83.04618,42.32935],[-83.04627,42.32931],[-83.04744,42.33075],[-83.04982,42.32969],[-83.05069,42.33081],[-83.05067,42.33096],[-83.05073,42.33095],[-83.05086,42.33132],[-83.05078,42.33168],[-83.05191,42.33167],[-83.05185,42.33176],[-83.05191,42.33167],[-83.0539,42.33167],[-83.0539,42.33172],[-83.05387,42.33169],[-83.05455,42.33165],[-83.05802,42.33176],[-83.05865,42.33165],[-83.06044,42.33165],[-83.06298,42.33149],[-83.06299,42.33159],[-83.06298,42.33149],[-83.064,42.33143],[-83.07177,42.33139],[-83.07226,42.33228],[-83.07289,42.33295],[-83.07341,42.33387],[-83.07383,42.33375],[-83.0744,42.33343],[-83.07553,42.33299],[-83.07739,42.33268],[-83.07909,42.33281],[-83.08157,42.33321],[-83.08504,42.33327],[-83.08629,42.33347],[-83.08721,42.33381],[-83.08789,42.33417],[-83.09004,42.33578],[-83.09051,42.33624],[-83.09125,42.33737],[-83.09625,42.3459],[-83.09642,42.34644],[-83.09793,42.34976],[-83.09829,42.35015],[-83.09868,42.35037],[-83.09967,42.35056],[-83.10048,42.35041],[-83.10253,42.34932],[-83.10406,42.34879],[-83.10414,42.34868],[-83.10965,42.34693],[-83.11123,42.34623],[-83.11273,42.34524],[-83.11824,42.34059],[-83.11907,42.34],[-83.1202,42.33936],[-83.13569,42.33319],[-83.13702,42.3328],[-83.13912,42.33232],[-83.14628,42.33122],[-83.14826,42.33082],[-83.14856,42.33084],[-83.15124,42.33048],[-83.1517,42.33109],[-83.15458,42.33],[-83.16481,42.32972],[-83.16761,42.32975],[-83.1779,42.32949],[-83.18065,42.32971],[-83.18823,42.32954],[-83.18824,42.32984],[-83.18874,42.32983],[-83.1888,42.32989],[-83.19007,42.32981],[-83.1903,42.32953],[-83.19801,42.32929],[-83.20113,42.3294],[-83.21384,42.32925],[-83.21513,42.32916],[-83.22254,42.32909],[-83.23978,42.32866],[-83.24683,42.32743],[-83.26084,42.32707],[-83.26613,42.3272],[-83.29278,42.32672],[-83.30106,42.32649],[-83.30131,42.32639],[-83.30208,42.32638],[-83.30208,42.3265],[-83.30208,42.32638],[-83.30365,42.32635],[-83.3036,42.32647],[-83.30588,42.32641],[-83.30775,42.32626],[-83.30928,42.32635],[-83.31249,42.3263],[-83.31457,42.32615],[-83.3268,42.3258],[-83.34854,42.32527],[-83.38985,42.32453],[-83.40255,42.32417],[-83.40251,42.32322],[-83.40202,42.32325]],[[-83.40202,42.32325],[-83.39891,42.32327],[-83.39901,42.32417],[-83.39597,42.32424],[-83.36896,42.3248],[-83.35011,42.32507],[-83.31359,42.32604],[-83.31019,42.32608],[-83.31009,42.32592],[-83.31,42.32596],[-83.31,42.32623],[-83.30053,42.32641],[-83.30052,42.32631],[-83.30053,42.32641],[-83.29663,42.32649],[-83.29663,42.32638],[-83.29663,42.32649],[-83.29308,42.32656],[-83.29275,42.32648],[-83.29073,42.3266],[-83.28671,42.32658],[-83.284,42.3267],[-83.28154,42.32669],[-83.28155,42.32682],[-83.27909,42.32688],[-83.27908,42.32674],[-83.27909,42.32688],[-83.27607,42.32694],[-83.27605,42.32649],[-83.27674,42.32647],[-83.27675,42.3268],[-83.27662,42.3268],[-83.27675,42.3268],[-83.27674,42.32647],[-83.27729,42.32647],[-83.27731,42.32691],[-83.27607,42.32694],[-83.27483,42.32683],[-83.27192,42.32694],[-83.27191,42.32687],[-83.27192,42.32694],[-83.27175,42.32701],[-83.26934,42.32703],[-83.26934,42.32692],[-83.26942,42.32693],[-83.26934,42.32692],[-83.26934,42.32703],[-83.26713,42.32705],[-83.26719,42.32693],[-83.26713,42.32705],[-83.26585,42.32709],[-83.26266,42.32677],[-83.24837,42.32704],[-83.24606,42.32689],[-83.24447,42.32696],[-83.24239,42.32735],[-83.23992,42.32811],[-83.23848,42.32838],[-83.22641,42.32864],[-83.22386,42.32863],[-83.21626,42.32898],[-83.20855,42.32898],[-83.19173,42.32929],[-83.18852,42.32928],[-83.18855,42.32955],[-83.18994,42.32954],[-83.18997,42.32977],[-83.18874,42.32983],[-83.18824,42.32984],[-83.18824,42.32953],[-83.19113,42.32946],[-83.19115,42.3292],[-83.18007,42.3294],[-83.17767,42.32926],[-83.17207,42.32933],[-83.17015,42.32957],[-83.15514,42.32996],[-83.15383,42.32908],[-83.15319,42.32938],[-83.15098,42.33003],[-83.1478,42.33076],[-83.14634,42.33106],[-83.13906,42.33219],[-83.13709,42.3326],[-83.13546,42.33312],[-83.12354,42.33783],[-83.11912,42.33969],[-83.11388,42.34396],[-83.11105,42.3458],[-83.10828,42.3471],[-83.10567,42.34805],[-83.10049,42.3494],[-83.09977,42.34938],[-83.09906,42.34898],[-83.09781,42.34775],[-83.09613,42.34526],[-83.09023,42.33549],[-83.08769,42.33299],[-83.08602,42.33211],[-83.08355,42.33176],[-83.07818,42.33209],[-83.07612,42.33211],[-83.07434,42.33228],[-83.07271,42.33276],[-83.07185,42.33128],[-83.06366,42.33138],[-83.0606,42.33165],[-83.05675,42.3316],[-83.05675,42.33166],[-83.05471,42.33167],[-83.05471,42.33156],[-83.05199,42.33167],[-83.04826,42.33167],[-83.04608,42.32906],[-83.04452,42.32974],[-83.04446,42.32967],[-83.04452,42.32974],[-83.03825,42.33235]]]}},{"type":"Feature","properties":{"agency":"smart","agency_label":"SMART","route":"261","name":"FAST Michigan","route_type":3},"geometry":{"type":"MultiLineString","coordinates":[[[-83.04026,42.33076],[-83.04021,42.3307],[-83.04416,42.329],[-83.04419,42.32911],[-83.04416,42.329],[-83.04491,42.32865],[-83.04514,42.32863],[-83.0467,42.32796],[-83.04674,42.32801],[-83.0467,42.32796],[-83.04808,42.32737],[-83.04897,42.32845],[-83.04944,42.32922],[-83.05069,42.33081],[-83.05073,42.33095],[-83.05067,42.33096],[-83.05073,42.33095],[-83.05085,42.33125],[-83.05078,42.33168],[-83.05084,42.33584],[-83.0502,42.33599],[-83.04996,42.33568],[-83.05004,42.33565],[-83.04996,42.33568],[-83.04942,42.33495],[-83.05007,42.33467],[-83.05121,42.33465],[-83.05119,42.33168],[-83.0539,42.33167],[-83.0539,42.33172],[-83.0539,42.33167],[-83.06041,42.33166],[-83.06466,42.33143],[-83.06759,42.33142],[-83.068,42.33143],[-83.068,42.33151],[-83.068,42.33143],[-83.07747,42.33136],[-83.07747,42.33148],[-83.07747,42.33136],[-83.08202,42.33135],[-83.08377,42.33148],[-83.08493,42.33148],[-83.09376,42.33143],[-83.09592,42.33131],[-83.09596,42.33145],[-83.09595,42.33131],[-83.0987,42.33125],[-83.10416,42.33131],[-83.10435,42.33123],[-83.1095,42.33118],[-83.12034,42.33113],[-83.12145,42.33114],[-83.12145,42.33122],[-83.12145,42.33114],[-83.13588,42.3311],[-83.14019,42.33119],[-83.14121,42.3311],[-83.1426,42.33072],[-83.15009,42.32962],[-83.15738,42.32756],[-83.15744,42.32767],[-83.15738,42.32756],[-83.19139,42.31766],[-83.19171,42.31769],[-83.19279,42.31738],[-83.19855,42.31567],[-83.19893,42.31549],[-83.21333,42.31136],[-83.21749,42.31039],[-83.22587,42.30912],[-83.22823,42.30894],[-83.23296,42.30873],[-83.23534,42.30839],[-83.23546,42.30823],[-83.23547,42.30805],[-83.23398,42.30803],[-83.23375,42.30778],[-83.23374,42.30747],[-83.23392,42.30734],[-83.23444,42.30724],[-83.23495,42.30728],[-83.23494,42.30735],[-83.23495,42.30728],[-83.23556,42.30722],[-83.23609,42.30693],[-83.23659,42.3068],[-83.23696,42.30689],[-83.23734,42.30777],[-83.23595,42.308],[-83.23585,42.30812],[-83.23587,42.30827],[-83.23881,42.30745],[-83.24647,42.30566],[-83.2465,42.30573],[-83.24647,42.30566],[-83.25351,42.30401],[-83.25683,42.30325],[-83.25699,42.3033],[-83.25829,42.30319],[-83.2592,42.30304],[-83.26394,42.30179],[-83.26398,42.30188],[-83.26394,42.30179],[-83.26411,42.30174],[-83.2729,42.29962],[-83.27617,42.29898],[-83.28029,42.29839],[-83.28487,42.29789],[-83.29093,42.29706],[-83.29095,42.29716],[-83.29093,42.29706],[-83.30805,42.29471],[-83.31212,42.29389],[-83.31215,42.29397],[-83.31212,42.29389],[-83.33029,42.28943],[-83.33026,42.28952],[-83.33029,42.28943],[-83.33106,42.28922],[-83.33973,42.28701],[-83.34074,42.28678],[-83.34456,42.28617],[-83.34863,42.28564],[-83.34871,42.28552],[-83.34867,42.2847],[-83.34879,42.28469],[-83.34867,42.2847],[-83.34864,42.28437],[-83.34806,42.27015],[-83.34807,42.26857],[-83.34821,42.26857],[-83.34807,42.26857],[-83.3481,42.26364],[-83.3478,42.25383],[-83.3478,42.25355],[-83.34798,42.25354],[-83.3478,42.25355],[-83.34767,42.24897],[-83.34787,42.24735],[-83.34781,42.24509],[-83.34763,42.2445],[-83.34741,42.24415],[-83.3468,42.24359],[-83.34385,42.24216],[-83.34322,42.2417],[-83.34291,42.24133],[-83.34231,42.24016],[-83.34041,42.2359],[-83.34022,42.23535],[-83.3402,42.23474],[-83.34036,42.23412],[-83.34064,42.23366],[-83.34184,42.2324],[-83.34265,42.23124],[-83.34321,42.22983],[-83.34411,42.22833],[-83.34428,42.22779],[-83.34425,42.22718],[-83.34401,42.22663],[-83.34378,42.22632],[-83.34288,42.22548],[-83.34259,42.22501],[-83.34245,42.22432],[-83.34251,42.22388],[-83.34269,42.22345],[-83.34841,42.21559],[-83.3486,42.21549],[-83.35095,42.21232],[-83.35167,42.21152],[-83.35201,42.21128],[-83.35409,42.21026],[-83.35557,42.20843],[-83.35909,42.20354],[-83.35912,42.20308],[-83.3589,42.20279],[-83.35868,42.20265],[-83.35806,42.20255],[-83.35761,42.20274],[-83.35663,42.20388],[-83.35253,42.20947],[-83.35036,42.2127],[-83.34262,42.22327],[-83.34233,42.22402],[-83.34238,42.22481],[-83.34258,42.22531],[-83.3434,42.22657],[-83.34369,42.22715],[-83.34381,42.22767],[-83.34377,42.22809],[-83.34349,42.22874],[-83.34302,42.22945],[-83.34189,42.23053],[-83.34043,42.23257],[-83.3401,42.23332],[-83.34024,42.23353],[-83.34064,42.23367],[-83.34184,42.2324],[-83.34265,42.23124],[-83.34308,42.23016],[-83.34326,42.23006],[-83.34462,42.22807],[-83.34553,42.22738],[-83.3462,42.22626]],[[-83.04026,42.33076],[-83.04021,42.3307],[-83.04416,42.329],[-83.04419,42.32911],[-83.04416,42.329],[-83.04491,42.32865],[-83.04514,42.32863],[-83.0467,42.32796],[-83.04674,42.32801],[-83.0467,42.32796],[-83.04808,42.32737],[-83.04897,42.32845],[-83.04944,42.32922],[-83.05069,42.33081],[-83.05073,42.33095],[-83.05067,42.33096],[-83.05073,42.33095],[-83.05085,42.33125],[-83.05078,42.33168],[-83.05084,42.33584],[-83.0502,42.33599],[-83.04996,42.33568],[-83.05004,42.33565],[-83.04996,42.33568],[-83.04942,42.33495],[-83.05007,42.33467],[-83.05121,42.33465],[-83.05119,42.33168],[-83.0539,42.33167],[-83.0539,42.33172],[-83.0539,42.33167],[-83.06041,42.33166],[-83.06466,42.33143],[-83.06759,42.33142],[-83.068,42.33143],[-83.068,42.33151],[-83.068,42.33143],[-83.07747,42.33136],[-83.07747,42.33148],[-83.07747,42.33136],[-83.08202,42.33135],[-83.08377,42.33148],[-83.08493,42.33148],[-83.09376,42.33143],[-83.09592,42.33131],[-83.09596,42.33145],[-83.09595,42.33131],[-83.0987,42.33125],[-83.10416,42.33131],[-83.10435,42.33123],[-83.1095,42.33118],[-83.12034,42.33113],[-83.12145,42.33114],[-83.12145,42.33122],[-83.12145,42.33114],[-83.13588,42.3311],[-83.14019,42.33119],[-83.14121,42.3311],[-83.1426,42.33072],[-83.15009,42.32962],[-83.15738,42.32756],[-83.15744,42.32767],[-83.15738,42.32756],[-83.19139,42.31766],[-83.19171,42.31769],[-83.19279,42.31738],[-83.19855,42.31567],[-83.19893,42.31549],[-83.21333,42.31136],[-83.21749,42.31039],[-83.22587,42.30912],[-83.22823,42.30894],[-83.23296,42.30873],[-83.23534,42.30839],[-83.23546,42.30823],[-83.23547,42.30805],[-83.23398,42.30803],[-83.23375,42.30778],[-83.23374,42.30747],[-83.23392,42.30734],[-83.23444,42.30724],[-83.23495,42.30728],[-83.23494,42.30735],[-83.23495,42.30728],[-83.23556,42.30722],[-83.23609,42.30693],[-83.23659,42.3068],[-83.23696,42.30689],[-83.23734,42.30777],[-83.23595,42.308],[-83.23585,42.30812],[-83.23587,42.30827],[-83.23881,42.30745],[-83.24647,42.30566],[-83.2465,42.30573],[-83.24647,42.30566],[-83.25351,42.30401],[-83.25683,42.30325],[-83.25699,42.3033],[-83.25829,42.30319],[-83.2592,42.30304],[-83.26394,42.30179],[-83.26398,42.30188],[-83.26394,42.30179],[-83.26411,42.30174],[-83.2729,42.29962],[-83.27617,42.29898],[-83.28029,42.29839],[-83.28487,42.29789],[-83.29093,42.29706],[-83.29095,42.29716],[-83.29093,42.29706],[-83.30805,42.29471],[-83.31212,42.29389],[-83.31215,42.29397],[-83.31212,42.29389],[-83.33029,42.28943],[-83.33026,42.28952],[-83.33029,42.28943],[-83.33106,42.28922],[-83.33973,42.28701],[-83.34074,42.28678],[-83.34456,42.28617],[-83.34863,42.28564],[-83.34871,42.28552],[-83.34867,42.2847],[-83.34879,42.28469],[-83.34867,42.2847],[-83.34864,42.28437],[-83.34807,42.27048],[-83.34807,42.26857],[-83.34821,42.26857],[-83.34807,42.26857],[-83.3481,42.26364],[-83.3478,42.25352],[-83.34798,42.25351],[-83.3478,42.25352],[-83.3478,42.25293],[-83.34792,42.25287],[-83.35675,42.25266],[-83.36177,42.25256],[-83.36178,42.25264],[-83.36181,42.25255],[-83.36701,42.25242],[-83.36698,42.2513],[-83.36706,42.25129],[-83.36698,42.2513],[-83.36681,42.24518],[-83.36628,42.24512],[-83.35338,42.24528],[-83.34784,42.24544],[-83.34777,42.24486],[-83.34765,42.24455],[-83.34719,42.24391],[-83.34659,42.24344],[-83.34365,42.24204],[-83.34322,42.2417],[-83.34286,42.24126],[-83.34041,42.2359],[-83.34022,42.23535],[-83.3402,42.23474],[-83.34036,42.23412],[-83.34064,42.23366],[-83.34184,42.2324],[-83.34265,42.23124],[-83.34321,42.22983],[-83.34411,42.22833],[-83.34428,42.22779],[-83.34425,42.22718],[-83.34401,42.22663],[-83.34378,42.22632],[-83.34288,42.22548],[-83.34259,42.22501],[-83.34245,42.22432],[-83.34251,42.22388],[-83.34269,42.22345],[-83.34841,42.21559],[-83.3486,42.21549],[-83.35095,42.21232],[-83.35167,42.21152],[-83.35201,42.21128],[-83.35409,42.21026],[-83.35557,42.20843],[-83.35909,42.20354],[-83.35912,42.20308],[-83.3589,42.20279],[-83.35868,42.20265],[-83.35806,42.20255],[-83.35761,42.20274],[-83.35663,42.20388],[-83.35253,42.20947],[-83.35036,42.2127],[-83.34262,42.22327],[-83.34233,42.22402],[-83.34238,42.22481],[-83.34258,42.22531],[-83.3434,42.22657],[-83.34369,42.22715],[-83.34381,42.22767],[-83.34377,42.22809],[-83.34349,42.22874],[-83.34302,42.22945],[-83.34189,42.23053],[-83.34043,42.23257],[-83.3401,42.23332],[-83.34024,42.23353],[-83.34064,42.23367],[-83.34184,42.2324],[-83.34265,42.23124],[-83.34308,42.23016],[-83.34326,42.23006],[-83.34462,42.22807],[-83.34553,42.22738],[-83.3462,42.22626]],[[-83.3462,42.22626],[-83.34772,42.2242],[-83.3487,42.22324],[-83.3491,42.2227],[-83.34898,42.22223],[-83.34839,42.22165],[-83.34797,42.22162],[-83.34674,42.22204],[-83.34625,42.22251],[-83.34454,42.22489],[-83.3441,42.22553],[-83.34393,42.22594],[-83.34384,42.22645],[-83.34395,42.22786],[-83.34382,42.22834],[-83.34306,42.22941],[-83.34192,42.23047],[-83.34048,42.23248],[-83.3405,42.23264],[-83.34017,42.23342],[-83.34022,42.23353],[-83.34062,42.23367],[-83.34185,42.23239],[-83.34264,42.2313],[-83.34319,42.22985],[-83.34401,42.22851],[-83.34428,42.22777],[-83.3442,42.22699],[-83.34397,42.22658],[-83.34356,42.22609],[-83.343,42.22563],[-83.34263,42.22509],[-83.34252,42.22476],[-83.34246,42.22435],[-83.34252,42.22391],[-83.34287,42.22314],[-83.34838,42.21564],[-83.35095,42.21228],[-83.35198,42.21126],[-83.3536,42.2105],[-83.35423,42.21012],[-83.35557,42.20843],[-83.35908,42.20353],[-83.35914,42.20336],[-83.3591,42.20308],[-83.35874,42.2027],[-83.35837,42.20258],[-83.35803,42.20257],[-83.35762,42.20273],[-83.35731,42.20301],[-83.35248,42.20952],[-83.35036,42.2127],[-83.3426,42.22328],[-83.34238,42.22373],[-83.34229,42.22417],[-83.34237,42.22484],[-83.34361,42.22697],[-83.34379,42.22751],[-83.34375,42.22817],[-83.34312,42.22932],[-83.34187,42.23053],[-83.34043,42.23257],[-83.3401,42.23332],[-83.33982,42.23428],[-83.3399,42.23511],[-83.3419,42.23962],[-83.34199,42.2401],[-83.34196,42.24114],[-83.34214,42.24165],[-83.34242,42.24197],[-83.34291,42.24228],[-83.34461,42.24279],[-83.3464,42.24363],[-83.3471,42.24424],[-83.34737,42.24472],[-83.34748,42.24511],[-83.3474,42.24516],[-83.34748,42.24514],[-83.34751,42.24544],[-83.34758,42.24853],[-83.34769,42.24863],[-83.3478,42.25335],[-83.34763,42.25347],[-83.3478,42.25347],[-83.34787,42.25495],[-83.3481,42.26364],[-83.34807,42.26835],[-83.34795,42.26836],[-83.34807,42.26835],[-83.34807,42.27048],[-83.3487,42.28532],[-83.34465,42.28586],[-83.34042,42.28653],[-83.33012,42.28913],[-83.33008,42.28905],[-83.33012,42.28913],[-83.31318,42.29335],[-83.30784,42.29443],[-83.28979,42.2969],[-83.28978,42.29684],[-83.28979,42.2969],[-83.28795,42.29715],[-83.27863,42.29829],[-83.27445,42.29902],[-83.26272,42.30185],[-83.26247,42.30183],[-83.2625,42.3019],[-83.25682,42.30327],[-83.24554,42.30582],[-83.23812,42.30764],[-83.23649,42.30794],[-83.23501,42.30806],[-83.23409,42.30804],[-83.23373,42.30773],[-83.23374,42.30747],[-83.23389,42.30735],[-83.23444,42.30724],[-83.23495,42.30728],[-83.23494,42.30735],[-83.23495,42.30728],[-83.23562,42.3072],[-83.23609,42.30693],[-83.23659,42.3068],[-83.23696,42.30689],[-83.23734,42.30777],[-83.23547,42.30805],[-83.22962,42.30797],[-83.22059,42.30928],[-83.21708,42.31021],[-83.21167,42.31148],[-83.1986,42.31527],[-83.19771,42.31539],[-83.1946,42.31608],[-83.19177,42.31736],[-83.19139,42.31767],[-83.19064,42.31791],[-83.15053,42.32952],[-83.14295,42.33066],[-83.14086,42.33115],[-83.13637,42.33109],[-83.12678,42.33116],[-83.11964,42.33109],[-83.10737,42.33121],[-83.10088,42.33116],[-83.09376,42.33143],[-83.08493,42.33148],[-83.08377,42.33148],[-83.08202,42.33135],[-83.06591,42.33143],[-83.06597,42.3313],[-83.06591,42.33143],[-83.0637,42.33144],[-83.06041,42.33166],[-83.05269,42.33168],[-83.0538,42.33355],[-83.05351,42.33381],[-83.05184,42.33599],[-83.05118,42.33583],[-83.05049,42.33589],[-83.0502,42.33599],[-83.04996,42.33568],[-83.05004,42.33565],[-83.04996,42.33568],[-83.04942,42.33495],[-83.05007,42.33467],[-83.05121,42.33465],[-83.05116,42.33141],[-83.05123,42.3314],[-83.05116,42.33141],[-83.05088,42.33091],[-83.05069,42.33081],[-83.04944,42.32922],[-83.04963,42.32914],[-83.04944,42.32922],[-83.04905,42.32854],[-83.04859,42.32798],[-83.04631,42.32896],[-83.04626,42.3289],[-83.04631,42.32896],[-83.04452,42.32974],[-83.04446,42.32967],[-83.04452,42.32974],[-83.04164,42.33098],[-83.04119,42.33109]],[[-83.3462,42.22626],[-83.34772,42.2242],[-83.3487,42.22324],[-83.3491,42.2227],[-83.34898,42.22223],[-83.34839,42.22165],[-83.34797,42.22162],[-83.34674,42.22204],[-83.34625,42.22251],[-83.34454,42.22489],[-83.3441,42.22553],[-83.34393,42.22594],[-83.34384,42.22645],[-83.34395,42.22786],[-83.34382,42.22834],[-83.34306,42.22941],[-83.34192,42.23047],[-83.34048,42.23248],[-83.3405,42.23264],[-83.34017,42.23342],[-83.34022,42.23353],[-83.34062,42.23367],[-83.34185,42.23239],[-83.34264,42.2313],[-83.34319,42.22985],[-83.34401,42.22851],[-83.34428,42.22777],[-83.3442,42.22699],[-83.34397,42.22658],[-83.34356,42.22609],[-83.343,42.22563],[-83.34263,42.22509],[-83.34252,42.22476],[-83.34246,42.22435],[-83.34252,42.22391],[-83.34287,42.22314],[-83.34838,42.21564],[-83.35095,42.21228],[-83.35198,42.21126],[-83.3536,42.2105],[-83.35423,42.21012],[-83.35557,42.20843],[-83.35908,42.20353],[-83.35914,42.20336],[-83.3591,42.20308],[-83.35874,42.2027],[-83.35837,42.20258],[-83.35803,42.20257],[-83.35762,42.20273],[-83.35731,42.20301],[-83.35248,42.20952],[-83.35036,42.2127],[-83.3426,42.22328],[-83.34238,42.22373],[-83.34229,42.22417],[-83.34237,42.22484],[-83.34361,42.22697],[-83.34379,42.22751],[-83.34375,42.22817],[-83.34312,42.22932],[-83.34187,42.23053],[-83.34043,42.23257],[-83.3401,42.23332],[-83.33982,42.23428],[-83.3399,42.23511],[-83.3419,42.23962],[-83.34199,42.2401],[-83.34196,42.24114],[-83.34214,42.24165],[-83.34272,42.24219],[-83.34461,42.24279],[-83.34624,42.24354],[-83.34672,42.24386],[-83.3471,42.24424],[-83.34739,42.24477],[-83.34748,42.24511],[-83.3474,42.24516],[-83.34748,42.24514],[-83.3475,42.2453],[-83.34753,42.24645],[-83.34787,42.24646],[-83.34786,42.24559],[-83.35331,42.24551],[-83.35732,42.24536],[-83.36062,42.24543],[-83.36652,42.24534],[-83.36667,42.2514],[-83.36655,42.2514],[-83.36667,42.2514],[-83.3667,42.25243],[-83.36093,42.25258],[-83.36087,42.25248],[-83.36088,42.25258],[-83.34778,42.25286],[-83.3478,42.25347],[-83.34763,42.25347],[-83.3478,42.25347],[-83.3479,42.25564],[-83.34812,42.26492],[-83.34807,42.26835],[-83.34795,42.26836],[-83.34807,42.26835],[-83.34807,42.27048],[-83.3487,42.28532],[-83.34465,42.28586],[-83.34042,42.28653],[-83.33012,42.28913],[-83.33008,42.28905],[-83.33012,42.28913],[-83.31318,42.29335],[-83.30784,42.29443],[-83.28979,42.2969],[-83.28978,42.29684],[-83.28979,42.2969],[-83.28795,42.29715],[-83.27863,42.29829],[-83.27445,42.29902],[-83.26272,42.30185],[-83.26247,42.30183],[-83.2625,42.3019],[-83.25682,42.30327],[-83.24554,42.30582],[-83.23812,42.30764],[-83.23649,42.30794],[-83.23501,42.30806],[-83.23409,42.30804],[-83.23373,42.30773],[-83.23374,42.30747],[-83.23389,42.30735],[-83.23444,42.30724],[-83.23495,42.30728],[-83.23494,42.30735],[-83.23495,42.30728],[-83.23562,42.3072],[-83.23609,42.30693],[-83.23659,42.3068],[-83.23696,42.30689],[-83.23734,42.30777],[-83.23547,42.30805],[-83.22962,42.30797],[-83.22059,42.30928],[-83.21708,42.31021],[-83.21167,42.31148],[-83.1986,42.31527],[-83.19771,42.31539],[-83.1946,42.31608],[-83.19177,42.31736],[-83.19139,42.31767],[-83.19064,42.31791],[-83.15053,42.32952],[-83.14295,42.33066],[-83.14086,42.33115],[-83.13637,42.33109],[-83.12678,42.33116],[-83.11964,42.33109],[-83.10737,42.33121],[-83.10088,42.33116],[-83.09376,42.33143],[-83.08493,42.33148],[-83.08377,42.33148],[-83.08202,42.33135],[-83.06591,42.33143],[-83.06597,42.3313],[-83.06591,42.33143],[-83.0637,42.33144],[-83.06041,42.33166],[-83.05269,42.33168],[-83.05378,42.33356],[-83.05351,42.33381],[-83.05184,42.336],[-83.05099,42.33583],[-83.0502,42.33598],[-83.04997,42.33568],[-83.05004,42.33565],[-83.04996,42.33568],[-83.04942,42.33495],[-83.05007,42.33467],[-83.05121,42.33465],[-83.05116,42.33141],[-83.05123,42.3314],[-83.05116,42.33141],[-83.05088,42.33091],[-83.05069,42.33081],[-83.04944,42.32922],[-83.04963,42.32914],[-83.04944,42.32922],[-83.04905,42.32854],[-83.04859,42.32798],[-83.04631,42.32896],[-83.04626,42.3289],[-83.04631,42.32896],[-83.04504,42.32952],[-83.04452,42.32974],[-83.04446,42.32967],[-83.04119,42.33109]]]}},{"type":"Feature","properties":{"agency":"smart","agency_label":"SMART","route":"275","name":"Telegraph South","route_type":3},"geometry":{"type":"MultiLineString","coordinates":[[[-83.25751,42.19789],[-83.25751,42.19782],[-83.25808,42.1978],[-83.25824,42.20084],[-83.2582,42.20162],[-83.25781,42.20252],[-83.25565,42.20556],[-83.25556,42.20553],[-83.25565,42.20556],[-83.25463,42.2074],[-83.25445,42.20818],[-83.2541,42.21093],[-83.25381,42.21239],[-83.2547,42.21236],[-83.25487,42.21244],[-83.25487,42.21235],[-83.25792,42.21231],[-83.25792,42.21226],[-83.26315,42.21211],[-83.26315,42.21222],[-83.26315,42.21211],[-83.2685,42.21197],[-83.26886,42.22302],[-83.26887,42.22352],[-83.26881,42.22352],[-83.26887,42.22352],[-83.26907,42.23098],[-83.26919,42.23264],[-83.26921,42.23349],[-83.26915,42.23349],[-83.26921,42.23349],[-83.26936,42.23716],[-83.26938,42.23797],[-83.26927,42.23797],[-83.26938,42.23797],[-83.26945,42.24008],[-83.26935,42.24008],[-83.26946,42.24011],[-83.26951,42.24152],[-83.2694,42.24152],[-83.26951,42.24152],[-83.26964,42.24493],[-83.26954,42.24493],[-83.26964,42.24493],[-83.26971,42.24642],[-83.26977,42.24831],[-83.2697,42.24831],[-83.26977,42.24831],[-83.26987,42.25074],[-83.26975,42.25077],[-83.26987,42.25074],[-83.2699,42.25301],[-83.2702,42.25946],[-83.2701,42.25947],[-83.2702,42.25946],[-83.27026,42.2603],[-83.27029,42.26711],[-83.27011,42.2698],[-83.27004,42.2698],[-83.27011,42.2698],[-83.27013,42.27007],[-83.27015,42.27124],[-83.27007,42.27125],[-83.27015,42.27124],[-83.27026,42.27343],[-83.27015,42.27339],[-83.27026,42.27343],[-83.27028,42.27383],[-83.27032,42.27526],[-83.27023,42.27526],[-83.27032,42.27526],[-83.2704,42.2769],[-83.27022,42.27695],[-83.27021,42.27722],[-83.27024,42.27734],[-83.27042,42.27738],[-83.27053,42.27936],[-83.27056,42.2803],[-83.27048,42.28031],[-83.27056,42.2803],[-83.27074,42.28469],[-83.27066,42.28469],[-83.27074,42.28469],[-83.27076,42.28509],[-83.27078,42.28592],[-83.2707,42.28592],[-83.27078,42.28592],[-83.2708,42.28633],[-83.27089,42.28914],[-83.27081,42.28914],[-83.27089,42.28914],[-83.27098,42.29116],[-83.27093,42.29116],[-83.27098,42.29308],[-83.27108,42.29319],[-83.27113,42.29449],[-83.27105,42.29449],[-83.27113,42.29449],[-83.27114,42.2946],[-83.27122,42.29682],[-83.27135,42.29796],[-83.27112,42.29847],[-83.27129,42.29976],[-83.27026,42.3],[-83.27023,42.29994],[-83.27026,42.3],[-83.26335,42.30168],[-83.26336,42.3027],[-83.26323,42.30268],[-83.26336,42.3027],[-83.26333,42.30856],[-83.26331,42.30883],[-83.26318,42.30883],[-83.26331,42.30883],[-83.26327,42.30911],[-83.26308,42.30963],[-83.26276,42.31014],[-83.262,42.31106],[-83.26154,42.31148],[-83.26225,42.31185],[-83.26215,42.31196],[-83.26225,42.31185],[-83.2637,42.31257],[-83.2643,42.31271],[-83.26482,42.31271],[-83.26482,42.31283],[-83.26482,42.31271],[-83.26708,42.31266],[-83.26708,42.31279],[-83.26708,42.31266],[-83.2697,42.31261],[-83.2697,42.31273],[-83.2697,42.31261],[-83.27174,42.31257],[-83.272,42.31804],[-83.27193,42.31805],[-83.272,42.31804],[-83.2721,42.32017],[-83.27204,42.32017],[-83.2721,42.32017],[-83.27216,42.32149],[-83.27217,42.32183],[-83.27209,42.32183],[-83.27217,42.32183],[-83.27228,42.32406],[-83.27221,42.32406],[-83.27228,42.32406],[-83.27229,42.32415],[-83.27237,42.32632],[-83.27231,42.32632],[-83.27237,42.32632],[-83.27245,42.32751],[-83.27236,42.32751],[-83.27245,42.32751],[-83.27251,42.32855],[-83.27257,42.32975],[-83.27247,42.32975],[-83.27257,42.32975],[-83.27269,42.33269],[-83.27261,42.33269],[-83.27269,42.33269],[-83.27282,42.33495],[-83.27272,42.33495],[-83.27282,42.33495],[-83.27294,42.33741],[-83.27295,42.33784],[-83.27286,42.33784],[-83.27295,42.33784],[-83.27315,42.34189],[-83.27306,42.3419],[-83.27315,42.34189],[-83.2732,42.34253],[-83.27367,42.35017],[-83.2736,42.35018],[-83.27367,42.35017],[-83.27381,42.35147],[-83.27384,42.35183],[-83.27372,42.35183],[-83.27384,42.35183],[-83.27402,42.35387],[-83.27392,42.35387],[-83.27402,42.35387],[-83.27416,42.35531],[-83.27407,42.35531],[-83.27416,42.35531],[-83.27437,42.35698],[-83.27469,42.35758],[-83.27475,42.35777],[-83.27466,42.35777],[-83.27479,42.35785],[-83.27495,42.35843],[-83.27506,42.35942],[-83.27511,42.36082],[-83.275,42.36082],[-83.27511,42.36082],[-83.27519,42.36316],[-83.27509,42.36316],[-83.27519,42.36316],[-83.27524,42.3647],[-83.27512,42.3647],[-83.27512,42.36464],[-83.27512,42.3647],[-83.27524,42.3647],[-83.27539,42.36907],[-83.27539,42.36937],[-83.27531,42.36936],[-83.27539,42.36937],[-83.27544,42.37119],[-83.27532,42.37444],[-83.27517,42.37472],[-83.27531,42.37472],[-83.27526,42.37709],[-83.27532,42.37946],[-83.27556,42.38144],[-83.27546,42.38145],[-83.27556,42.38144],[-83.27559,42.3816],[-83.27554,42.38188],[-83.27576,42.38326],[-83.27568,42.38326],[-83.27576,42.38326],[-83.27582,42.38392],[-83.27606,42.39016],[-83.27617,42.39053],[-83.27618,42.39133],[-83.27609,42.39133],[-83.27618,42.39133],[-83.27626,42.39354],[-83.2763,42.39564],[-83.27622,42.39565],[-83.2763,42.39564],[-83.27631,42.39575],[-83.27649,42.40075],[-83.27638,42.40071],[-83.27649,42.40075],[-83.27654,42.4021],[-83.27654,42.40231],[-83.27643,42.40231],[-83.27654,42.40231],[-83.27659,42.40439],[-83.27652,42.40439],[-83.27659,42.40439],[-83.27661,42.40473],[-83.27672,42.40796],[-83.27662,42.40796],[-83.27672,42.40796],[-83.27682,42.40976],[-83.27687,42.41194],[-83.27678,42.41194],[-83.27687,42.41194],[-83.27698,42.41503],[-83.27689,42.41504],[-83.27698,42.41503],[-83.27715,42.41909],[-83.27715,42.41931],[-83.27705,42.41931],[-83.27715,42.41931],[-83.27716,42.41938],[-83.2774,42.42531],[-83.27728,42.42531],[-83.2774,42.42531],[-83.27763,42.43052],[-83.27807,42.43054],[-83.27801,42.42893],[-83.2795,42.42889],[-83.27951,42.42905],[-83.27951,42.42889],[-83.2815,42.42881],[-83.28151,42.42898],[-83.28152,42.42881],[-83.28566,42.42864],[-83.28568,42.4288],[-83.28568,42.42864],[-83.28691,42.42858],[-83.28925,42.42856],[-83.28925,42.42866],[-83.28925,42.42856],[-83.29278,42.42846],[-83.29278,42.42864],[-83.29278,42.42846],[-83.29704,42.42836],[-83.29706,42.42917],[-83.29693,42.42917],[-83.29706,42.42917],[-83.29714,42.43172],[-83.29709,42.43172],[-83.29714,42.43172],[-83.29718,42.43257],[-83.29742,42.43948],[-83.29736,42.43948],[-83.29742,42.43948],[-83.29751,42.44232],[-83.29669,42.44239],[-83.29669,42.44234],[-83.29259,42.44242],[-83.28067,42.44272],[-83.27932,42.44218],[-83.2786,42.44249],[-83.2785,42.44317],[-83.278,42.4441],[-83.2779,42.44467],[-83.27795,42.44666],[-83.27776,42.44666],[-83.27795,42.44666],[-83.27803,42.44933],[-83.27786,42.44934],[-83.27803,42.44933],[-83.27811,42.45207],[-83.27797,42.45207],[-83.27811,42.45207],[-83.27821,42.45502],[-83.27821,42.45516],[-83.27808,42.45516],[-83.27821,42.45516],[-83.27831,42.45797],[-83.27821,42.45797],[-83.27831,42.45797],[-83.27846,42.46249],[-83.27836,42.46249],[-83.27846,42.46249],[-83.2786,42.46511],[-83.27892,42.46672],[-83.27929,42.46786],[-83.2798,42.46901],[-83.2797,42.46905],[-83.2798,42.46902],[-83.28195,42.47261],[-83.2818,42.47265],[-83.28195,42.47261],[-83.28368,42.47544],[-83.28463,42.47752],[-83.28513,42.47932],[-83.28527,42.48029],[-83.28534,42.48123],[-83.28531,42.48261],[-83.28554,42.4827],[-83.28704,42.48276],[-83.28778,42.48253],[-83.2881,42.48305],[-83.28801,42.48308],[-83.2881,42.48305],[-83.28891,42.4844],[-83.28885,42.48446],[-83.28893,42.48444],[-83.28931,42.485],[-83.28986,42.48553],[-83.28976,42.48558],[-83.28986,42.48553],[-83.29065,42.48598],[-83.29078,42.48623],[-83.29078,42.48643],[-83.29169,42.4872],[-83.29223,42.48755],[-83.29215,42.48761],[-83.29223,42.48755],[-83.29319,42.48832],[-83.2931,42.48838],[-83.29319,42.48832],[-83.29573,42.49034],[-83.29564,42.4904],[-83.29573,42.49034],[-83.30156,42.49495],[-83.30147,42.49502],[-83.30156,42.49495],[-83.30394,42.49682],[-83.30448,42.49743],[-83.30462,42.4981],[-83.30474,42.50065],[-83.30336,42.50068],[-83.30335,42.50056],[-83.30336,42.50068],[-83.30105,42.50075],[-83.30105,42.50061],[-83.30105,42.50075],[-83.29557,42.50087],[-83.29556,42.50075],[-83.29557,42.50087],[-83.29534,42.50088],[-83.28937,42.50102],[-83.28886,42.50101],[-83.28885,42.50087],[-83.28886,42.50101],[-83.28471,42.50113],[-83.28276,42.50114],[-83.28262,42.50102]],[[-83.28609,42.50121],[-83.28609,42.5011],[-83.28786,42.50104],[-83.29025,42.50099],[-83.29025,42.50111],[-83.29025,42.50099],[-83.29329,42.50093],[-83.29331,42.50103],[-83.29329,42.50093],[-83.30148,42.50074],[-83.30154,42.50085],[-83.30153,42.50074],[-83.30472,42.50065],[-83.30459,42.49807],[-83.30465,42.49807],[-83.30459,42.49807],[-83.30448,42.49743],[-83.3042,42.49705],[-83.30143,42.49485],[-83.30159,42.49473],[-83.30143,42.49485],[-83.30159,42.49497],[-83.29189,42.48729],[-83.29132,42.48669],[-83.29128,42.48651],[-83.29139,42.48628],[-83.29128,42.48614],[-83.28965,42.48537],[-83.28931,42.485],[-83.28634,42.48019],[-83.28599,42.4798],[-83.28559,42.47956],[-83.28509,42.47765],[-83.28431,42.47584],[-83.28335,42.47422],[-83.28342,42.4742],[-83.28335,42.47422],[-83.28255,42.47293],[-83.28011,42.4688],[-83.2795,42.46729],[-83.27937,42.46686],[-83.27948,42.46684],[-83.27937,42.46686],[-83.27924,42.46639],[-83.27891,42.4644],[-83.27885,42.46265],[-83.27892,42.46263],[-83.27885,42.46265],[-83.27866,42.45705],[-83.27875,42.45705],[-83.27866,42.45705],[-83.27859,42.45482],[-83.27867,42.45482],[-83.27859,42.45482],[-83.27852,42.45285],[-83.2786,42.45285],[-83.27852,42.45285],[-83.27828,42.4456],[-83.27828,42.44547],[-83.27833,42.44547],[-83.27828,42.44547],[-83.27825,42.44469],[-83.27832,42.44413],[-83.27871,42.44376],[-83.2799,42.44326],[-83.28063,42.44301],[-83.28128,42.44292],[-83.28649,42.44292],[-83.29066,42.4428],[-83.29067,42.44285],[-83.29067,42.4428],[-83.29981,42.44258],[-83.29993,42.44241],[-83.2998,42.44227],[-83.2976,42.44232],[-83.29751,42.4422],[-83.2975,42.4418],[-83.29766,42.44179],[-83.2975,42.44179],[-83.29741,42.43886],[-83.29755,42.43886],[-83.29741,42.43886],[-83.29728,42.43532],[-83.29742,42.43532],[-83.29728,42.43532],[-83.29718,42.43291],[-83.29733,42.43289],[-83.29718,42.43291],[-83.29713,42.43144],[-83.2972,42.43144],[-83.29713,42.43144],[-83.29704,42.42836],[-83.28605,42.42862],[-83.28604,42.42855],[-83.28605,42.42862],[-83.28589,42.42863],[-83.27799,42.42893],[-83.27797,42.42813],[-83.27805,42.42813],[-83.27797,42.42813],[-83.27796,42.42793],[-83.27779,42.42389],[-83.27786,42.42389],[-83.27779,42.42389],[-83.27769,42.4215],[-83.27776,42.42154],[-83.27769,42.4215],[-83.27749,42.41691],[-83.27749,42.41681],[-83.27756,42.41681],[-83.27749,42.41681],[-83.27736,42.41398],[-83.27744,42.414],[-83.27736,42.41398],[-83.2773,42.41288],[-83.2772,42.40956],[-83.2772,42.40939],[-83.27728,42.40939],[-83.2772,42.40939],[-83.27709,42.4071],[-83.27712,42.40557],[-83.27703,42.40373],[-83.27709,42.40373],[-83.27703,42.40373],[-83.27695,42.4022],[-83.27687,42.39921],[-83.27693,42.39921],[-83.27687,42.39921],[-83.27681,42.39762],[-83.27689,42.39762],[-83.27681,42.39762],[-83.27669,42.3948],[-83.27669,42.39432],[-83.27682,42.39437],[-83.27669,42.39432],[-83.27668,42.39424],[-83.27654,42.39025],[-83.27667,42.39024],[-83.27666,42.39018],[-83.27667,42.39024],[-83.27654,42.39025],[-83.27652,42.38992],[-83.2766,42.38968],[-83.27654,42.38851],[-83.27662,42.38851],[-83.27654,42.38851],[-83.27652,42.38813],[-83.27638,42.38318],[-83.27606,42.38141],[-83.27594,42.38127],[-83.27589,42.38091],[-83.27588,42.38066],[-83.27601,42.38066],[-83.27587,42.38061],[-83.27572,42.37834],[-83.27571,42.37574],[-83.27579,42.37575],[-83.27571,42.37574],[-83.27574,42.37445],[-83.27582,42.37222],[-83.27593,42.37222],[-83.27582,42.37222],[-83.27589,42.3705],[-83.27578,42.36786],[-83.27589,42.36786],[-83.27578,42.36786],[-83.27556,42.36252],[-83.27568,42.3625],[-83.27556,42.36252],[-83.27548,42.35945],[-83.27549,42.35934],[-83.27558,42.35934],[-83.27549,42.35934],[-83.27538,42.35825],[-83.27466,42.35625],[-83.27464,42.35601],[-83.27476,42.356],[-83.27464,42.35601],[-83.27439,42.35301],[-83.27447,42.353],[-83.27439,42.35301],[-83.27438,42.35293],[-83.27409,42.34978],[-83.27407,42.3495],[-83.27415,42.34949],[-83.27407,42.3495],[-83.27356,42.3411],[-83.27363,42.3411],[-83.27356,42.3411],[-83.27348,42.33976],[-83.27333,42.33671],[-83.2734,42.33671],[-83.27333,42.33671],[-83.27317,42.33376],[-83.27325,42.33376],[-83.27317,42.33376],[-83.27315,42.33335],[-83.27297,42.32965],[-83.27303,42.32965],[-83.27297,42.32965],[-83.27287,42.32791],[-83.27286,42.32758],[-83.27293,42.32758],[-83.27286,42.32758],[-83.27279,42.32618],[-83.27276,42.32507],[-83.27282,42.32507],[-83.27276,42.32507],[-83.27274,42.32479],[-83.27267,42.32329],[-83.27272,42.32329],[-83.27267,42.32329],[-83.27258,42.32159],[-83.27249,42.31931],[-83.27255,42.31931],[-83.27249,42.31931],[-83.27246,42.31884],[-83.27238,42.3173],[-83.27238,42.31713],[-83.27244,42.31712],[-83.27238,42.31713],[-83.27214,42.31257],[-83.2643,42.31271],[-83.26358,42.31252],[-83.26173,42.31158],[-83.26206,42.31103],[-83.26288,42.31002],[-83.26323,42.30925],[-83.26333,42.30839],[-83.26339,42.30839],[-83.26333,42.30839],[-83.26335,42.30195],[-83.26393,42.30178],[-83.26398,42.30188],[-83.26393,42.30178],[-83.26662,42.30114],[-83.26665,42.30121],[-83.26662,42.30114],[-83.2668,42.30109],[-83.2695,42.30044],[-83.26983,42.30037],[-83.26986,42.30044],[-83.26983,42.30037],[-83.27357,42.29949],[-83.27359,42.29938],[-83.27353,42.29923],[-83.2721,42.29957],[-83.27186,42.29824],[-83.27152,42.29799],[-83.27141,42.2971],[-83.27141,42.29612],[-83.27143,42.29588],[-83.2715,42.29589],[-83.27143,42.29588],[-83.27157,42.29426],[-83.27151,42.2928],[-83.27158,42.2928],[-83.27151,42.2928],[-83.27142,42.29076],[-83.27142,42.29056],[-83.27148,42.29056],[-83.27142,42.29056],[-83.27132,42.28785],[-83.27137,42.28785],[-83.27132,42.28785],[-83.27115,42.28329],[-83.27121,42.28328],[-83.27115,42.28329],[-83.27107,42.28171],[-83.27107,42.2815],[-83.27113,42.2815],[-83.27107,42.2815],[-83.27099,42.27973],[-83.27105,42.27973],[-83.27099,42.27973],[-83.27083,42.27631],[-83.27082,42.27606],[-83.27089,42.27606],[-83.27082,42.27606],[-83.2708,42.27575],[-83.27075,42.27414],[-83.27081,42.27414],[-83.27075,42.27414],[-83.27068,42.27296],[-83.27077,42.27296],[-83.27068,42.27296],[-83.27055,42.2706],[-83.27067,42.27059],[-83.27055,42.2706],[-83.27046,42.26898],[-83.27061,42.26468],[-83.27066,42.26029],[-83.27048,42.25886],[-83.27061,42.25885],[-83.27048,42.25886],[-83.27034,42.25767],[-83.27016,42.25274],[-83.27012,42.25066],[-83.2702,42.25066],[-83.27012,42.25066],[-83.27011,42.25053],[-83.27002,42.24782],[-83.2701,42.24778],[-83.27002,42.24778],[-83.26992,42.24496],[-83.26999,42.24496],[-83.26992,42.24496],[-83.26989,42.24387],[-83.27,42.24168],[-83.26992,42.24001],[-83.27,42.24],[-83.26992,42.24001],[-83.26988,42.23927],[-83.26997,42.23926],[-83.26988,42.23926],[-83.26981,42.23694],[-83.26989,42.23694],[-83.26981,42.23694],[-83.26974,42.23525],[-83.26981,42.23525],[-83.26974,42.23525],[-83.26963,42.2326],[-83.26969,42.23252],[-83.26963,42.23252],[-83.26953,42.23052],[-83.26959,42.23051],[-83.26953,42.23052],[-83.26943,42.2285],[-83.26936,42.2254],[-83.26943,42.2254],[-83.26936,42.2254],[-83.26924,42.22096],[-83.26931,42.22095],[-83.26924,42.22096],[-83.2692,42.21952],[-83.26919,42.21877],[-83.26927,42.21877],[-83.26919,42.21877],[-83.26909,42.21535],[-83.26915,42.21534],[-83.26909,42.21535],[-83.26891,42.21045],[-83.26869,42.21036],[-83.26844,42.21039],[-83.2685,42.21197],[-83.26794,42.21199],[-83.26799,42.21191],[-83.26794,42.21199],[-83.26084,42.21218],[-83.26029,42.21219],[-83.26029,42.21213],[-83.26029,42.21219],[-83.25398,42.21239],[-83.25408,42.21196],[-83.2541,42.21093],[-83.25425,42.20973],[-83.25429,42.20947],[-83.25438,42.20947],[-83.25429,42.20947],[-83.25435,42.2089],[-83.25463,42.2074],[-83.25548,42.20575],[-83.2562,42.20475],[-83.25627,42.20478],[-83.25621,42.20476],[-83.25796,42.20227],[-83.2582,42.20162],[-83.25823,42.20062],[-83.25834,42.20062],[-83.25823,42.20062],[-83.25808,42.1978],[-83.25587,42.19784]]]}},{"type":"Feature","properties":{"agency":"smart","agency_label":"SMART","route":"280","name":"Western Wayne Crosstown","route_type":3},"geometry":{"type":"MultiLineString","coordinates":[[[-83.3462,42.22626],[-83.34636,42.22643],[-83.34645,42.22638],[-83.34762,42.22479],[-83.34771,42.22426],[-83.3483,42.22364],[-83.34852,42.22353],[-83.34909,42.22276],[-83.34913,42.22257],[-83.34907,42.22239],[-83.3484,42.22167],[-83.34788,42.22164],[-83.34683,42.222],[-83.34657,42.22218],[-83.34414,42.22546],[-83.34385,42.22628],[-83.34396,42.22763],[-83.34388,42.22813],[-83.34373,42.22849],[-83.34302,42.22945],[-83.34169,42.23076],[-83.34043,42.23257],[-83.33991,42.23388],[-83.33981,42.23443],[-83.33986,42.23498],[-83.3419,42.23962],[-83.34199,42.2401],[-83.34199,42.24132],[-83.34227,42.24182],[-83.34291,42.24228],[-83.34461,42.24279],[-83.34624,42.24354],[-83.34672,42.24386],[-83.3471,42.24424],[-83.34739,42.24477],[-83.34748,42.24511],[-83.3474,42.24516],[-83.34748,42.24514],[-83.3475,42.2453],[-83.34753,42.24645],[-83.34819,42.2464],[-83.34819,42.24583],[-83.34831,42.24559],[-83.35049,42.24554],[-83.35058,42.24564],[-83.35062,42.24554],[-83.35771,42.24535],[-83.36229,42.2454],[-83.36229,42.2456],[-83.36229,42.2454],[-83.36238,42.24539],[-83.36651,42.24534],[-83.36652,42.24578],[-83.36626,42.24579],[-83.36653,42.24578],[-83.36654,42.24587],[-83.36667,42.2514],[-83.36655,42.2514],[-83.36667,42.2514],[-83.36671,42.25243],[-83.36088,42.25258],[-83.36087,42.25248],[-83.36088,42.25258],[-83.35242,42.25276],[-83.35238,42.25268],[-83.35238,42.25276],[-83.35212,42.25277],[-83.34714,42.25288],[-83.34714,42.25277],[-83.34714,42.25288],[-83.34378,42.25295],[-83.34364,42.25289],[-83.34364,42.25295],[-83.32844,42.25325],[-83.32845,42.25381],[-83.32834,42.25382],[-83.32845,42.25381],[-83.32846,42.2539],[-83.32861,42.2583],[-83.32846,42.25826],[-83.32861,42.2583],[-83.32862,42.25841],[-83.3287,42.26098],[-83.32857,42.26099],[-83.32856,42.26093],[-83.32857,42.26099],[-83.3287,42.26098],[-83.32876,42.26256],[-83.32862,42.26256],[-83.32876,42.26256],[-83.32884,42.26622],[-83.32871,42.26729],[-83.32856,42.26728],[-83.32871,42.26729],[-83.32857,42.26812],[-83.32854,42.26892],[-83.32838,42.26893],[-83.32854,42.26892],[-83.32865,42.27281],[-83.32851,42.27281],[-83.32865,42.27281],[-83.32873,42.2749],[-83.32859,42.2749],[-83.32873,42.2749],[-83.32883,42.27739],[-83.32867,42.2774],[-83.32883,42.27739],[-83.32894,42.28016],[-83.32882,42.28016],[-83.32894,42.28016],[-83.32903,42.28269],[-83.32891,42.28281],[-83.32904,42.2828],[-83.32919,42.28619],[-83.32901,42.28618],[-83.32896,42.28598],[-83.32904,42.28597],[-83.32896,42.28598],[-83.32901,42.28618],[-83.32919,42.28619],[-83.32925,42.28704],[-83.32931,42.2886],[-83.32909,42.28849],[-83.32918,42.28845],[-83.32909,42.28849],[-83.32931,42.2886],[-83.32937,42.29042],[-83.32926,42.29042],[-83.32937,42.29042],[-83.32967,42.29704],[-83.32953,42.29705],[-83.32967,42.29704],[-83.32992,42.30081],[-83.32978,42.30082],[-83.32992,42.30081],[-83.33007,42.30329],[-83.32994,42.3033],[-83.33007,42.30329],[-83.33014,42.3044],[-83.33001,42.3044],[-83.33014,42.3044],[-83.33026,42.30678],[-83.33013,42.30679],[-83.33026,42.30678],[-83.33035,42.30826],[-83.33021,42.30826],[-83.33035,42.30826],[-83.33046,42.31025],[-83.33033,42.31026],[-83.33046,42.31025],[-83.3305,42.3109],[-83.33054,42.3119],[-83.33042,42.3119],[-83.33042,42.31196],[-83.33042,42.3119],[-83.33054,42.3119],[-83.33063,42.31509],[-83.3305,42.31509],[-83.33063,42.31509],[-83.33067,42.31664],[-83.33067,42.31682],[-83.33055,42.31682],[-83.33067,42.31682],[-83.33073,42.3188],[-83.3306,42.3188],[-83.33073,42.3188],[-83.33078,42.32051],[-83.33064,42.32051],[-83.33078,42.32051],[-83.33088,42.32431],[-83.33075,42.32431],[-83.33088,42.32431],[-83.33094,42.32605],[-83.33076,42.32605],[-83.33077,42.32614],[-83.33076,42.32605],[-83.33094,42.32605],[-83.33101,42.3278],[-83.33088,42.32781],[-83.33101,42.3278],[-83.33102,42.32796],[-83.33113,42.3306],[-83.33101,42.3306],[-83.33113,42.3306],[-83.33126,42.33352],[-83.33114,42.33353],[-83.33126,42.33352],[-83.3315,42.33865],[-83.33136,42.33865],[-83.33136,42.33858],[-83.33136,42.33865],[-83.33124,42.33863],[-83.33125,42.3384],[-83.33149,42.3384],[-83.33156,42.33999],[-83.32161,42.34024],[-83.3121,42.34064],[-83.31208,42.34108],[-83.31225,42.34237],[-83.31231,42.34379],[-83.31232,42.3441],[-83.31222,42.3441],[-83.31232,42.3441],[-83.31243,42.34645],[-83.31244,42.34679],[-83.31233,42.34679],[-83.31244,42.34679],[-83.31253,42.34825],[-83.31265,42.35157],[-83.31254,42.35155],[-83.31265,42.35157],[-83.31277,42.35421],[-83.31265,42.35419],[-83.31277,42.35421],[-83.31281,42.35514],[-83.30389,42.35584],[-83.29425,42.35638],[-83.29433,42.35712],[-83.29418,42.35713],[-83.29433,42.35712],[-83.29439,42.3578],[-83.29465,42.36407],[-83.2945,42.36405],[-83.29465,42.36407],[-83.29475,42.36662],[-83.29459,42.36658],[-83.29475,42.36662],[-83.29491,42.3708],[-83.29456,42.37081],[-83.29457,42.37118],[-83.29493,42.37123],[-83.29494,42.37136],[-83.29509,42.3755],[-83.29496,42.37551],[-83.29509,42.3755],[-83.29524,42.37978],[-83.29523,42.38021],[-83.29509,42.38021],[-83.29523,42.38021],[-83.29542,42.3858],[-83.29551,42.38585],[-83.29542,42.3858],[-83.29551,42.38984],[-83.29537,42.38984],[-83.29551,42.38984],[-83.29568,42.39492],[-83.29561,42.39492],[-83.29568,42.39492],[-83.29569,42.39508],[-83.29583,42.39853],[-83.29572,42.39853],[-83.29583,42.39853],[-83.2959,42.39983],[-83.2959,42.40003],[-83.29577,42.40003],[-83.29577,42.4001],[-83.29577,42.40003],[-83.2959,42.40003],[-83.29601,42.40267],[-83.2959,42.40265],[-83.29601,42.40267],[-83.29602,42.40284],[-83.29615,42.40589],[-83.29615,42.40611],[-83.29604,42.40611],[-83.29615,42.40611],[-83.29625,42.40865],[-83.29614,42.40866],[-83.29625,42.40865],[-83.29648,42.41448],[-83.29649,42.41484],[-83.29636,42.41484],[-83.29649,42.41484],[-83.29662,42.41805],[-83.29662,42.41824],[-83.2965,42.41825],[-83.29662,42.41824],[-83.29674,42.4215],[-83.29663,42.42151],[-83.29674,42.4215],[-83.2969,42.42494],[-83.29677,42.42495],[-83.2969,42.42494],[-83.29698,42.42727],[-83.29688,42.42728],[-83.29698,42.42727],[-83.29704,42.42836],[-83.28611,42.42862],[-83.28604,42.42855],[-83.28605,42.42862],[-83.28589,42.42863],[-83.27799,42.42893],[-83.27798,42.42826],[-83.27805,42.42813],[-83.27797,42.42813],[-83.27795,42.42769],[-83.27801,42.42762],[-83.27784,42.42493],[-83.27799,42.42474],[-83.27964,42.42551],[-83.28003,42.42545],[-83.27992,42.42521],[-83.27674,42.42388],[-83.27637,42.42379],[-83.26615,42.41982],[-83.26528,42.41956],[-83.265,42.41944],[-83.26507,42.41934],[-83.265,42.41944],[-83.2646,42.41929],[-83.25723,42.4163],[-83.25468,42.4153],[-83.25412,42.41515],[-83.25227,42.41435],[-83.25225,42.41423],[-83.25215,42.41431],[-83.25124,42.41394],[-83.25125,42.41372]],[[-83.3462,42.22626],[-83.34636,42.22643],[-83.34645,42.22638],[-83.34762,42.22479],[-83.34771,42.22426],[-83.3483,42.22364],[-83.34852,42.22353],[-83.34909,42.22276],[-83.34913,42.22257],[-83.34907,42.22239],[-83.3484,42.22167],[-83.34788,42.22164],[-83.34683,42.222],[-83.34657,42.22218],[-83.34414,42.22546],[-83.34385,42.22628],[-83.34396,42.22763],[-83.34388,42.22813],[-83.34373,42.22849],[-83.34302,42.22945],[-83.34169,42.23076],[-83.34043,42.23257],[-83.33991,42.23388],[-83.33981,42.23443],[-83.33986,42.23498],[-83.3419,42.23962],[-83.34199,42.2401],[-83.34199,42.24132],[-83.34232,42.24188],[-83.34291,42.24228],[-83.34461,42.24279],[-83.34624,42.24354],[-83.34672,42.24386],[-83.3471,42.24424],[-83.34739,42.24477],[-83.34748,42.24511],[-83.3474,42.24516],[-83.34748,42.24514],[-83.3475,42.2453],[-83.34753,42.24645],[-83.34819,42.2464],[-83.34819,42.24583],[-83.34825,42.24569],[-83.35618,42.24537],[-83.35905,42.24538],[-83.36229,42.2456],[-83.36613,42.2454],[-83.36629,42.24551],[-83.36626,42.24579],[-83.36641,42.24663],[-83.36662,42.24686],[-83.36672,42.24686],[-83.36691,42.2468],[-83.36671,42.24072],[-83.36671,42.24063],[-83.36682,42.24063],[-83.36671,42.24063],[-83.3666,42.23571],[-83.36662,42.23501],[-83.36671,42.23465],[-83.36697,42.23407],[-83.37416,42.22429],[-83.37496,42.22329],[-83.37517,42.22322],[-83.37591,42.2233],[-83.37792,42.22318],[-83.38072,42.22313],[-83.38073,42.22329],[-83.38072,42.22313],[-83.38539,42.22312],[-83.38541,42.22359],[-83.38531,42.22359],[-83.38541,42.22359],[-83.38542,42.22368],[-83.38574,42.23134],[-83.38558,42.23215],[-83.38581,42.23341],[-83.38587,42.23464],[-83.38587,42.23485],[-83.38567,42.23484],[-83.38587,42.23485],[-83.38595,42.23724],[-83.3859,42.23724],[-83.38595,42.23724],[-83.38597,42.23761],[-83.38617,42.24296],[-83.38618,42.24338],[-83.38598,42.24339],[-83.38618,42.24338],[-83.38634,42.24734],[-83.38617,42.24783],[-83.38639,42.24836],[-83.38649,42.251],[-83.38674,42.2514],[-83.38735,42.25196],[-83.37888,42.25218],[-83.37887,42.25201],[-83.37888,42.25218],[-83.36701,42.25242],[-83.3669,42.24849],[-83.36661,42.24848],[-83.36667,42.2514],[-83.36655,42.2514],[-83.36667,42.2514],[-83.36671,42.25243],[-83.36088,42.25258],[-83.36087,42.25248],[-83.36088,42.25258],[-83.35242,42.25276],[-83.35238,42.25268],[-83.35238,42.25276],[-83.35212,42.25277],[-83.34714,42.25288],[-83.34714,42.25277],[-83.34714,42.25288],[-83.34378,42.25295],[-83.34364,42.25289],[-83.34364,42.25295],[-83.32844,42.25325],[-83.32845,42.25381],[-83.32834,42.25382],[-83.32845,42.25381],[-83.32846,42.2539],[-83.32861,42.2583],[-83.32846,42.25826],[-83.32861,42.2583],[-83.32862,42.25841],[-83.3287,42.26098],[-83.32857,42.26099],[-83.32856,42.26093],[-83.32857,42.26099],[-83.3287,42.26098],[-83.32876,42.26256],[-83.32862,42.26256],[-83.32876,42.26256],[-83.32884,42.26532],[-83.32877,42.2669],[-83.32871,42.26729],[-83.32856,42.26728],[-83.32871,42.26729],[-83.32857,42.26812],[-83.32854,42.26892],[-83.32838,42.26893],[-83.32854,42.26892],[-83.32865,42.27281],[-83.32851,42.27281],[-83.32865,42.27281],[-83.32873,42.2749],[-83.32859,42.2749],[-83.32873,42.2749],[-83.32883,42.27739],[-83.32867,42.2774],[-83.32883,42.27739],[-83.32884,42.27757],[-83.32894,42.28016],[-83.32882,42.28016],[-83.32894,42.28016],[-83.32903,42.28269],[-83.32891,42.28281],[-83.32904,42.2828],[-83.32914,42.2852],[-83.32904,42.28597],[-83.32918,42.28845],[-83.32935,42.28964],[-83.32937,42.29042],[-83.32926,42.29042],[-83.32937,42.29042],[-83.32967,42.29704],[-83.32953,42.29705],[-83.32967,42.29704],[-83.32992,42.30081],[-83.32978,42.30082],[-83.32992,42.30081],[-83.33007,42.30329],[-83.32994,42.3033],[-83.33007,42.30329],[-83.33014,42.3044],[-83.33001,42.3044],[-83.33014,42.3044],[-83.33026,42.30678],[-83.33013,42.30679],[-83.33026,42.30678],[-83.33035,42.30826],[-83.33021,42.30826],[-83.33035,42.30826],[-83.33046,42.31025],[-83.33033,42.31026],[-83.33046,42.31025],[-83.3305,42.3109],[-83.33042,42.31196],[-83.33057,42.31308],[-83.33063,42.31509],[-83.3305,42.31509],[-83.33063,42.31509],[-83.33067,42.31664],[-83.33067,42.31682],[-83.33055,42.31682],[-83.33067,42.31682],[-83.33073,42.3188],[-83.3306,42.3188],[-83.33073,42.3188],[-83.33078,42.32051],[-83.33064,42.32051],[-83.33078,42.32051],[-83.33088,42.32431],[-83.33075,42.32431],[-83.33088,42.32431],[-83.33089,42.32492],[-83.33077,42.32614],[-83.33098,42.32727],[-83.33101,42.3278],[-83.33088,42.32781],[-83.33101,42.3278],[-83.33108,42.32913],[-83.33113,42.3306],[-83.33101,42.3306],[-83.33113,42.3306],[-83.33126,42.33352],[-83.33114,42.33353],[-83.33126,42.33352],[-83.33142,42.33702],[-83.33136,42.33858],[-83.33156,42.33999],[-83.32161,42.34024],[-83.3121,42.34064],[-83.31208,42.34108],[-83.31225,42.34237],[-83.31231,42.34379],[-83.31232,42.3441],[-83.31222,42.3441],[-83.31232,42.3441],[-83.31243,42.34645],[-83.31244,42.34679],[-83.31233,42.34679],[-83.31244,42.34679],[-83.31253,42.34825],[-83.31265,42.35157],[-83.31254,42.35155],[-83.31265,42.35157],[-83.31277,42.35421],[-83.31265,42.35419],[-83.31277,42.35421],[-83.31281,42.35514],[-83.30389,42.35584],[-83.29425,42.35638],[-83.29433,42.35712],[-83.29418,42.35713],[-83.29433,42.35712],[-83.29439,42.3578],[-83.29465,42.36407],[-83.2945,42.36405],[-83.29465,42.36407],[-83.29475,42.36662],[-83.29459,42.36658],[-83.29475,42.36662],[-83.29488,42.36991],[-83.29477,42.37116],[-83.29497,42.37223],[-83.29502,42.37359],[-83.29509,42.3755],[-83.29496,42.37551],[-83.29509,42.3755],[-83.29512,42.37619],[-83.29524,42.37978],[-83.29523,42.38021],[-83.29509,42.38021],[-83.29523,42.38021],[-83.29534,42.3842],[-83.29539,42.38519],[-83.29551,42.38585],[-83.29545,42.38681],[-83.29551,42.38984],[-83.29537,42.38984],[-83.29551,42.38984],[-83.29568,42.39492],[-83.29561,42.39492],[-83.29568,42.39492],[-83.29569,42.39508],[-83.29583,42.39853],[-83.29572,42.39853],[-83.29583,42.39853],[-83.29584,42.39873],[-83.29577,42.4001],[-83.29596,42.40133],[-83.296,42.40232],[-83.29601,42.40267],[-83.2959,42.40265],[-83.29601,42.40267],[-83.29602,42.40284],[-83.29615,42.40589],[-83.29615,42.40611],[-83.29604,42.40611],[-83.29615,42.40611],[-83.29625,42.40865],[-83.29614,42.40866],[-83.29625,42.40865],[-83.29648,42.41448],[-83.29649,42.41484],[-83.29636,42.41484],[-83.29649,42.41484],[-83.29662,42.41805],[-83.29662,42.41824],[-83.2965,42.41825],[-83.29662,42.41824],[-83.29674,42.4215],[-83.29663,42.42151],[-83.29674,42.4215],[-83.2969,42.42494],[-83.29677,42.42495],[-83.2969,42.42494],[-83.29698,42.42727],[-83.29688,42.42728],[-83.29698,42.42727],[-83.29704,42.42836],[-83.28605,42.42862],[-83.28604,42.42855],[-83.28605,42.42862],[-83.28589,42.42863],[-83.27799,42.42893],[-83.27797,42.42813],[-83.27805,42.42813],[-83.27797,42.42813],[-83.27761,42.4197],[-83.27737,42.41963],[-83.27717,42.41968],[-83.27736,42.42421],[-83.27668,42.42396],[-83.27674,42.42388],[-83.27668,42.42396],[-83.27567,42.42358],[-83.27571,42.42353],[-83.27567,42.42358],[-83.27486,42.42327],[-83.27085,42.42167],[-83.27089,42.42161],[-83.27085,42.42167],[-83.26693,42.4201],[-83.26528,42.41956],[-83.265,42.41944],[-83.26507,42.41934],[-83.265,42.41944],[-83.2646,42.41929],[-83.25723,42.4163],[-83.25378,42.415],[-83.25218,42.41432],[-83.25225,42.41423],[-83.25218,42.41432],[-83.25124,42.41394],[-83.25125,42.41372]],[[-83.25125,42.41372],[-83.25069,42.4136],[-83.24886,42.41288],[-83.2488,42.41282],[-83.24874,42.41141],[-83.24868,42.41134],[-83.24778,42.41132],[-83.24754,42.41142],[-83.24763,42.41251],[-83.24794,42.41274],[-83.2523,42.41451],[-83.25323,42.41476],[-83.25549,42.41565],[-83.25533,42.41574],[-83.25549,42.41565],[-83.25689,42.41617],[-83.25813,42.4167],[-83.25805,42.41681],[-83.25813,42.4167],[-83.26132,42.41798],[-83.26123,42.4181],[-83.26132,42.41798],[-83.26394,42.41902],[-83.26387,42.41911],[-83.26394,42.41902],[-83.2657,42.41972],[-83.26574,42.41976],[-83.26559,42.41985],[-83.26574,42.41976],[-83.26642,42.42013],[-83.27027,42.42176],[-83.27022,42.42182],[-83.27027,42.42176],[-83.27048,42.42184],[-83.2727,42.42274],[-83.2727,42.42283],[-83.27276,42.42283],[-83.2727,42.42274],[-83.27554,42.42385],[-83.27549,42.42391],[-83.27554,42.42385],[-83.27737,42.42456],[-83.2774,42.42531],[-83.27728,42.42531],[-83.2774,42.42531],[-83.27763,42.43052],[-83.27807,42.43054],[-83.27799,42.42893],[-83.28152,42.42881],[-83.28151,42.42898],[-83.28152,42.42881],[-83.2879,42.42857],[-83.28925,42.42866],[-83.29278,42.42864],[-83.29578,42.42839],[-83.29704,42.42836],[-83.297,42.42759],[-83.29707,42.42759],[-83.297,42.42759],[-83.2969,42.42493],[-83.29696,42.42493],[-83.29689,42.42485],[-83.29679,42.42271],[-83.29687,42.42271],[-83.29679,42.42271],[-83.29672,42.42099],[-83.29679,42.42099],[-83.29672,42.42099],[-83.29665,42.41908],[-83.29665,42.41895],[-83.29672,42.41895],[-83.29665,42.41895],[-83.29664,42.41885],[-83.29654,42.4161],[-83.29663,42.4161],[-83.29654,42.4161],[-83.29645,42.414],[-83.29644,42.41369],[-83.29653,42.41369],[-83.29644,42.41369],[-83.29624,42.40859],[-83.29629,42.40859],[-83.29624,42.40859],[-83.29623,42.40833],[-83.29615,42.40607],[-83.29623,42.40607],[-83.29615,42.40607],[-83.29602,42.40284],[-83.29607,42.4028],[-83.29601,42.40267],[-83.29585,42.39913],[-83.29585,42.39901],[-83.29593,42.39901],[-83.29585,42.39901],[-83.29581,42.398],[-83.2959,42.398],[-83.29581,42.398],[-83.29568,42.39488],[-83.29575,42.39488],[-83.29568,42.39488],[-83.29554,42.39138],[-83.29553,42.3892],[-83.29534,42.3842],[-83.29534,42.38409],[-83.29542,42.38409],[-83.29534,42.38409],[-83.29533,42.3839],[-83.29523,42.38043],[-83.29523,42.38024],[-83.29533,42.38023],[-83.29523,42.38024],[-83.29522,42.38017],[-83.29508,42.3753],[-83.29518,42.3753],[-83.29508,42.3753],[-83.29506,42.37489],[-83.29489,42.37032],[-83.29489,42.37019],[-83.29497,42.37019],[-83.29489,42.37019],[-83.29475,42.36672],[-83.29485,42.36672],[-83.29475,42.36672],[-83.29462,42.36335],[-83.29472,42.36335],[-83.29462,42.36335],[-83.29439,42.3578],[-83.29425,42.35638],[-83.30636,42.35566],[-83.30637,42.35574],[-83.30636,42.35566],[-83.31289,42.35521],[-83.31294,42.35515],[-83.31272,42.35319],[-83.31265,42.35135],[-83.31273,42.35135],[-83.31265,42.35135],[-83.3126,42.35042],[-83.31237,42.34518],[-83.31244,42.3452],[-83.31237,42.34518],[-83.31223,42.34214],[-83.31228,42.34207],[-83.31223,42.34063],[-83.31274,42.34061],[-83.31275,42.34071],[-83.31274,42.34061],[-83.31342,42.34058],[-83.315,42.34052],[-83.315,42.34062],[-83.315,42.34052],[-83.31714,42.34044],[-83.31715,42.34053],[-83.31714,42.34044],[-83.31981,42.34033],[-83.31981,42.34042],[-83.31981,42.34033],[-83.32549,42.34014],[-83.32648,42.34012],[-83.32649,42.34022],[-83.32648,42.34012],[-83.33156,42.34],[-83.33168,42.33994],[-83.33117,42.32849],[-83.33133,42.32715],[-83.33114,42.32656],[-83.33106,42.32507],[-83.33086,42.32347],[-83.3308,42.32148],[-83.3309,42.32148],[-83.3308,42.32148],[-83.33076,42.32],[-83.33083,42.32],[-83.33076,42.32],[-83.33072,42.31825],[-83.33079,42.31825],[-83.33072,42.31825],[-83.33066,42.31648],[-83.33074,42.31648],[-83.33066,42.31648],[-83.33062,42.31486],[-83.33062,42.31472],[-83.33069,42.31472],[-83.33062,42.31472],[-83.33057,42.31318],[-83.33067,42.31318],[-83.33057,42.31318],[-83.33047,42.31051],[-83.33058,42.3105],[-83.33047,42.31051],[-83.33038,42.30887],[-83.33047,42.30887],[-83.33038,42.30887],[-83.33031,42.30761],[-83.3304,42.30761],[-83.33031,42.30761],[-83.33025,42.30655],[-83.33029,42.30562],[-83.33015,42.30461],[-83.33008,42.30346],[-83.33016,42.30346],[-83.33008,42.30346],[-83.32999,42.30198],[-83.33007,42.30198],[-83.32999,42.30198],[-83.32989,42.3004],[-83.32987,42.29992],[-83.32996,42.29991],[-83.32987,42.29992],[-83.32964,42.2965],[-83.32963,42.29609],[-83.32971,42.29609],[-83.32963,42.29609],[-83.32936,42.29012],[-83.32947,42.29012],[-83.32936,42.29012],[-83.32931,42.28868],[-83.32939,42.28868],[-83.32931,42.28868],[-83.32918,42.28601],[-83.32912,42.28456],[-83.32918,42.28456],[-83.32912,42.28456],[-83.329,42.28195],[-83.329,42.28176],[-83.32907,42.28176],[-83.329,42.28176],[-83.32891,42.27965],[-83.32899,42.27965],[-83.32891,42.27965],[-83.32883,42.27757],[-83.32888,42.27739],[-83.32877,42.27605],[-83.32873,42.2748],[-83.3288,42.2748],[-83.32873,42.2748],[-83.32866,42.27316],[-83.32872,42.27309],[-83.32866,42.27309],[-83.32854,42.26861],[-83.3286,42.26784],[-83.32875,42.26734],[-83.3287,42.26734],[-83.32884,42.26622],[-83.32884,42.26532],[-83.32875,42.26231],[-83.3288,42.26235],[-83.32844,42.25333],[-83.34212,42.25298],[-83.34384,42.25295],[-83.34384,42.25303],[-83.34384,42.25295],[-83.34778,42.25286],[-83.34815,42.25286],[-83.34814,42.25297],[-83.34822,42.25297],[-83.34814,42.25297],[-83.34815,42.25286],[-83.35395,42.25278],[-83.35402,42.25272],[-83.36177,42.25254],[-83.36178,42.25264],[-83.36177,42.25254],[-83.36701,42.25242],[-83.36698,42.2513],[-83.36706,42.25129],[-83.36698,42.2513],[-83.36681,42.24518],[-83.366,42.24511],[-83.36167,42.24516],[-83.34789,42.2454],[-83.34777,42.24478],[-83.34756,42.24431],[-83.3472,42.24384],[-83.34659,42.24344],[-83.34391,42.24219],[-83.34334,42.2418],[-83.34293,42.24137],[-83.34201,42.23956],[-83.34041,42.2359],[-83.34019,42.23515],[-83.34023,42.23454],[-83.34064,42.23366],[-83.34178,42.23246],[-83.34252,42.23147],[-83.34308,42.23027],[-83.34428,42.2285],[-83.34472,42.22796],[-83.34555,42.22737],[-83.34596,42.22663],[-83.34628,42.22645],[-83.3462,42.22626]],[[-83.25125,42.41372],[-83.24884,42.41292],[-83.24873,42.41143],[-83.24866,42.41134],[-83.24775,42.41132],[-83.24757,42.41141],[-83.24759,42.41231],[-83.24763,42.41253],[-83.24779,42.41266],[-83.2523,42.41451],[-83.25549,42.41565],[-83.25533,42.41574],[-83.25549,42.41565],[-83.25689,42.41617],[-83.25813,42.4167],[-83.25805,42.41681],[-83.25813,42.4167],[-83.26132,42.41798],[-83.26123,42.4181],[-83.26132,42.41798],[-83.26394,42.41902],[-83.26387,42.41911],[-83.26394,42.41902],[-83.2657,42.41972],[-83.26574,42.41976],[-83.26559,42.41985],[-83.26574,42.41976],[-83.26642,42.42013],[-83.27027,42.42176],[-83.27022,42.42182],[-83.27027,42.42176],[-83.27048,42.42184],[-83.27276,42.42283],[-83.27554,42.42385],[-83.27549,42.42391],[-83.27554,42.42385],[-83.27737,42.42456],[-83.2774,42.42531],[-83.27728,42.42531],[-83.2774,42.42531],[-83.27763,42.43052],[-83.27807,42.43054],[-83.27799,42.42893],[-83.28152,42.42881],[-83.28151,42.42898],[-83.28152,42.42881],[-83.28753,42.4286],[-83.28883,42.42859],[-83.28925,42.42866],[-83.29003,42.42853],[-83.29278,42.42864],[-83.29487,42.42841],[-83.29704,42.42836],[-83.297,42.42759],[-83.29707,42.42759],[-83.297,42.42759],[-83.2969,42.42493],[-83.29696,42.42493],[-83.29689,42.42485],[-83.29679,42.42271],[-83.29687,42.42271],[-83.29679,42.42271],[-83.29672,42.42099],[-83.29679,42.42099],[-83.29672,42.42099],[-83.29665,42.41908],[-83.29665,42.41895],[-83.29672,42.41895],[-83.29665,42.41895],[-83.29664,42.41885],[-83.29654,42.4161],[-83.29663,42.4161],[-83.29654,42.4161],[-83.29645,42.414],[-83.29644,42.41369],[-83.29653,42.41369],[-83.29644,42.41369],[-83.29624,42.40859],[-83.29629,42.40859],[-83.29624,42.40859],[-83.29623,42.40833],[-83.29615,42.40607],[-83.29623,42.40607],[-83.29615,42.40607],[-83.29602,42.40284],[-83.29607,42.4028],[-83.29601,42.40267],[-83.29585,42.39913],[-83.29585,42.39901],[-83.29593,42.39901],[-83.29585,42.39901],[-83.29581,42.398],[-83.2959,42.398],[-83.29581,42.398],[-83.29568,42.39488],[-83.29575,42.39488],[-83.29568,42.39488],[-83.29554,42.39138],[-83.29553,42.3892],[-83.29534,42.3842],[-83.29534,42.38409],[-83.29542,42.38409],[-83.29534,42.38409],[-83.29533,42.38397],[-83.29523,42.38043],[-83.29523,42.38024],[-83.29533,42.38023],[-83.29523,42.38024],[-83.29522,42.38017],[-83.29508,42.3753],[-83.29518,42.3753],[-83.29508,42.3753],[-83.29506,42.37489],[-83.29489,42.37032],[-83.29489,42.37019],[-83.29497,42.37019],[-83.29489,42.37019],[-83.29475,42.36672],[-83.29485,42.36672],[-83.29475,42.36672],[-83.29462,42.36335],[-83.29472,42.36335],[-83.29462,42.36335],[-83.29439,42.3578],[-83.29425,42.35638],[-83.30636,42.35566],[-83.30637,42.35574],[-83.30636,42.35566],[-83.31197,42.35529],[-83.31284,42.35514],[-83.31291,42.35506],[-83.31272,42.35319],[-83.31265,42.35135],[-83.31273,42.35135],[-83.31265,42.35135],[-83.3126,42.35042],[-83.31237,42.34518],[-83.31244,42.3452],[-83.31237,42.34518],[-83.31223,42.34214],[-83.31228,42.34207],[-83.31223,42.34063],[-83.31274,42.34061],[-83.31275,42.34071],[-83.31274,42.34061],[-83.315,42.34052],[-83.315,42.34062],[-83.315,42.34052],[-83.31714,42.34044],[-83.31715,42.34053],[-83.31714,42.34044],[-83.31981,42.34033],[-83.31981,42.34042],[-83.31981,42.34033],[-83.32185,42.34024],[-83.32648,42.34012],[-83.32649,42.34022],[-83.32648,42.34012],[-83.32668,42.34011],[-83.33156,42.34],[-83.33167,42.33989],[-83.33127,42.33141],[-83.33131,42.33074],[-83.33117,42.32922],[-83.33115,42.32837],[-83.33133,42.32715],[-83.33108,42.3258],[-83.33103,42.32441],[-83.33083,42.3225],[-83.3308,42.32148],[-83.3309,42.32148],[-83.3308,42.32148],[-83.33076,42.32],[-83.33083,42.32],[-83.33076,42.32],[-83.33072,42.31825],[-83.33079,42.31825],[-83.33072,42.31825],[-83.33066,42.31648],[-83.33074,42.31648],[-83.33066,42.31648],[-83.33062,42.31486],[-83.33062,42.31472],[-83.33069,42.31472],[-83.33062,42.31472],[-83.33057,42.31318],[-83.33067,42.31318],[-83.33057,42.31318],[-83.33047,42.31051],[-83.33058,42.3105],[-83.33047,42.31051],[-83.33038,42.30887],[-83.33047,42.30887],[-83.33038,42.30887],[-83.33031,42.30761],[-83.3304,42.30761],[-83.33031,42.30761],[-83.33024,42.3064],[-83.33029,42.30562],[-83.33016,42.30483],[-83.33008,42.30346],[-83.33016,42.30346],[-83.33008,42.30346],[-83.32999,42.30198],[-83.33007,42.30198],[-83.32999,42.30198],[-83.32989,42.3004],[-83.32987,42.29992],[-83.32996,42.29991],[-83.32987,42.29992],[-83.32964,42.2965],[-83.32963,42.29609],[-83.32971,42.29609],[-83.32963,42.29609],[-83.32936,42.29012],[-83.32947,42.29012],[-83.32936,42.29012],[-83.32931,42.28868],[-83.32939,42.28868],[-83.32931,42.28868],[-83.32918,42.28601],[-83.32912,42.28456],[-83.32918,42.28456],[-83.32912,42.28456],[-83.329,42.28195],[-83.329,42.28176],[-83.32907,42.28176],[-83.329,42.28176],[-83.32891,42.27965],[-83.32899,42.27965],[-83.32891,42.27965],[-83.32883,42.27757],[-83.32888,42.27739],[-83.32877,42.27605],[-83.32873,42.2748],[-83.3288,42.2748],[-83.32873,42.2748],[-83.32866,42.27316],[-83.32872,42.27309],[-83.32866,42.27309],[-83.32854,42.26861],[-83.32861,42.26784],[-83.32875,42.26734],[-83.3287,42.26734],[-83.32884,42.26622],[-83.32884,42.26532],[-83.32875,42.26231],[-83.3288,42.26235],[-83.32844,42.25333],[-83.34212,42.25298],[-83.34361,42.25296],[-83.34384,42.25303],[-83.34384,42.25295],[-83.34778,42.25286],[-83.34815,42.25286],[-83.34814,42.25297],[-83.34822,42.25297],[-83.34814,42.25297],[-83.34815,42.25286],[-83.35395,42.25278],[-83.35402,42.25272],[-83.36177,42.25254],[-83.36178,42.25264],[-83.36177,42.25254],[-83.37915,42.25217],[-83.37941,42.25217],[-83.37942,42.25223],[-83.37941,42.25216],[-83.38719,42.25202],[-83.38742,42.25196],[-83.38745,42.25191],[-83.38675,42.25132],[-83.38662,42.2511],[-83.38646,42.24991],[-83.38634,42.24735],[-83.38645,42.24735],[-83.38634,42.24735],[-83.38619,42.2437],[-83.38631,42.2437],[-83.38619,42.2437],[-83.38595,42.23728],[-83.38604,42.23728],[-83.38595,42.23728],[-83.3859,42.23592],[-83.38587,42.23476],[-83.38599,42.23476],[-83.38587,42.23476],[-83.38582,42.23364],[-83.3859,42.23201],[-83.38573,42.23115],[-83.38539,42.22312],[-83.3848,42.22312],[-83.3848,42.22306],[-83.3848,42.22312],[-83.37997,42.22314],[-83.37997,42.22306],[-83.37997,42.22314],[-83.37637,42.22317],[-83.37593,42.22313],[-83.37596,42.22304],[-83.37593,42.22313],[-83.37566,42.22307],[-83.37516,42.2229],[-83.3702,42.22974],[-83.36671,42.23435],[-83.36639,42.23498],[-83.3663,42.23543],[-83.36638,42.23981],[-83.3662,42.24087],[-83.36641,42.24083],[-83.36668,42.25175],[-83.36699,42.25174],[-83.36698,42.2513],[-83.36706,42.25129],[-83.36698,42.2513],[-83.36681,42.24518],[-83.366,42.24511],[-83.35296,42.24527],[-83.34785,42.24543],[-83.34781,42.24498],[-83.34763,42.24449],[-83.3472,42.2439],[-83.34659,42.24344],[-83.34391,42.24219],[-83.34334,42.2418],[-83.34293,42.24137],[-83.34201,42.23956],[-83.34041,42.2359],[-83.34019,42.23515],[-83.34023,42.23454],[-83.34064,42.23366],[-83.34178,42.23246],[-83.34252,42.23147],[-83.34308,42.23027],[-83.34428,42.2285],[-83.34472,42.22796],[-83.34555,42.22737],[-83.34574,42.22692],[-83.3462,42.22626]]]}},{"type":"Feature","properties":{"agency":"smart","agency_label":"SMART","route":"305","name":"Grand River","route_type":3},"geometry":{"type":"MultiLineString","coordinates":[[[-83.25125,42.41372],[-83.25112,42.41389],[-83.25238,42.4144],[-83.2523,42.41451],[-83.25238,42.4144],[-83.25252,42.41445],[-83.25549,42.41565],[-83.25533,42.41574],[-83.25549,42.41565],[-83.25689,42.41617],[-83.25813,42.4167],[-83.25805,42.41681],[-83.25813,42.4167],[-83.26132,42.41798],[-83.26123,42.4181],[-83.26132,42.41798],[-83.26394,42.41902],[-83.26387,42.41911],[-83.26394,42.41902],[-83.2657,42.41972],[-83.26574,42.41976],[-83.26559,42.41985],[-83.26574,42.41976],[-83.26642,42.42013],[-83.27027,42.42176],[-83.27022,42.42182],[-83.27027,42.42176],[-83.27048,42.42184],[-83.2727,42.42274],[-83.2727,42.42283],[-83.27276,42.42283],[-83.2727,42.42274],[-83.27382,42.42316],[-83.27554,42.42385],[-83.27549,42.42391],[-83.27554,42.42385],[-83.27783,42.42474],[-83.27818,42.42489],[-83.27815,42.42496],[-83.27819,42.4249],[-83.28067,42.42591],[-83.28066,42.42626],[-83.28078,42.42633],[-83.28091,42.4261],[-83.28087,42.42599],[-83.28314,42.42692],[-83.28311,42.42697],[-83.28314,42.42692],[-83.28465,42.42751],[-83.28575,42.42802],[-83.28791,42.42886],[-83.28787,42.42891],[-83.28791,42.42886],[-83.28934,42.42941],[-83.29208,42.43053],[-83.29203,42.43059],[-83.29208,42.43053],[-83.295,42.4317],[-83.29493,42.43176],[-83.295,42.4317],[-83.29687,42.43244],[-83.29865,42.43316],[-83.2986,42.43324],[-83.29865,42.43316],[-83.30039,42.43386],[-83.30035,42.43393],[-83.30039,42.43386],[-83.30359,42.43514],[-83.30354,42.43521],[-83.30359,42.43514],[-83.3062,42.43619],[-83.30615,42.43626],[-83.3062,42.43619],[-83.30921,42.43739],[-83.30954,42.43754],[-83.30949,42.43761],[-83.30955,42.43754],[-83.31249,42.43872],[-83.31244,42.43878],[-83.31249,42.43872],[-83.31498,42.43973],[-83.31492,42.43981],[-83.31498,42.43973],[-83.31818,42.44101],[-83.31813,42.44107],[-83.31818,42.44101],[-83.32082,42.44203],[-83.32202,42.44253],[-83.32198,42.44259],[-83.32202,42.44253],[-83.3281,42.44496],[-83.32804,42.44504],[-83.3281,42.44496],[-83.3313,42.44625],[-83.33125,42.44633],[-83.3313,42.44625],[-83.334,42.44733],[-83.33395,42.4474],[-83.334,42.44733],[-83.33664,42.44839],[-83.33668,42.44927],[-83.33662,42.44929],[-83.33668,42.44927],[-83.33687,42.45431],[-83.33702,42.45613],[-83.33788,42.4561],[-83.33789,42.45622],[-83.33788,42.4561],[-83.34119,42.456],[-83.3412,42.45609],[-83.34119,42.456],[-83.34322,42.45596],[-83.34323,42.45609],[-83.34322,42.45596],[-83.34616,42.45587],[-83.34729,42.45573],[-83.34932,42.45566],[-83.34932,42.45573],[-83.34932,42.45566],[-83.35234,42.45559],[-83.35268,42.45544],[-83.35309,42.45494],[-83.35347,42.45511],[-83.35342,42.45519],[-83.35347,42.45511],[-83.35722,42.45667],[-83.35712,42.45674],[-83.35722,42.45667],[-83.35826,42.45712],[-83.3582,42.4572],[-83.35826,42.45712],[-83.36115,42.45836],[-83.36103,42.45842],[-83.3612,42.45838],[-83.36224,42.45882],[-83.36218,42.45891],[-83.36224,42.45882],[-83.36758,42.46111],[-83.3675,42.46121],[-83.36758,42.46111],[-83.37031,42.46229],[-83.37023,42.46238],[-83.37031,42.46229],[-83.37292,42.46341],[-83.37281,42.46347],[-83.37292,42.46341],[-83.37531,42.4644],[-83.37704,42.46517],[-83.37699,42.46522],[-83.37704,42.46517],[-83.37887,42.46599],[-83.3788,42.46607],[-83.37887,42.46599],[-83.38032,42.46664],[-83.38025,42.46672],[-83.38032,42.46664],[-83.3837,42.46818],[-83.3848,42.4685],[-83.38476,42.4686],[-83.3848,42.4685],[-83.38649,42.46866],[-83.38648,42.46877],[-83.38649,42.46866],[-83.39194,42.4689],[-83.39193,42.46901],[-83.39194,42.4689],[-83.39721,42.46906],[-83.39721,42.46921],[-83.39721,42.46906],[-83.40067,42.46898],[-83.40067,42.46908],[-83.40067,42.46898],[-83.40082,42.46897],[-83.40342,42.4689],[-83.40342,42.46901],[-83.40342,42.4689],[-83.40639,42.46883],[-83.4064,42.46892],[-83.40639,42.46883],[-83.40813,42.46878],[-83.40845,42.46878],[-83.40845,42.46892],[-83.40845,42.46878],[-83.40855,42.46877],[-83.41427,42.46863],[-83.41421,42.46873],[-83.41427,42.46863],[-83.41567,42.46857],[-83.41869,42.46822],[-83.42076,42.46842],[-83.42075,42.46854],[-83.42076,42.46842],[-83.42137,42.46843],[-83.422,42.46879],[-83.42347,42.46912],[-83.42342,42.46924],[-83.42347,42.46912],[-83.42721,42.46997],[-83.42717,42.47008],[-83.42721,42.46997],[-83.4298,42.47057],[-83.42976,42.47066],[-83.4298,42.47057],[-83.43243,42.47114],[-83.43282,42.47124],[-83.43278,42.47134],[-83.43282,42.47124],[-83.4331,42.4713],[-83.43651,42.47206],[-83.43648,42.47213],[-83.43651,42.47206],[-83.4394,42.47271],[-83.43937,42.4728],[-83.4394,42.47271],[-83.44576,42.47413],[-83.44572,42.4742],[-83.44576,42.47413],[-83.44604,42.47419],[-83.4562,42.47648],[-83.45735,42.47675],[-83.45731,42.47685],[-83.45735,42.47675],[-83.46319,42.47811],[-83.46964,42.47949],[-83.46961,42.47957],[-83.46964,42.47949],[-83.47378,42.48046],[-83.4765,42.48101],[-83.47636,42.48109],[-83.4764,42.48113],[-83.47904,42.48168],[-83.47907,42.48159],[-83.48074,42.48195],[-83.48475,42.48286],[-83.48471,42.48297],[-83.48475,42.48286],[-83.49519,42.48519],[-83.496,42.48538],[-83.49596,42.48547],[-83.496,42.48538],[-83.50171,42.48665],[-83.50243,42.48682],[-83.50238,42.48694],[-83.50243,42.48682],[-83.50272,42.48688],[-83.50506,42.48741],[-83.50505,42.4875],[-83.50509,42.48742],[-83.50523,42.48745],[-83.51668,42.49001],[-83.5168,42.49004],[-83.51681,42.49014],[-83.5168,42.49004],[-83.51805,42.49029],[-83.52105,42.49096],[-83.52101,42.49107],[-83.52105,42.49096],[-83.52369,42.49155],[-83.52364,42.49167],[-83.52369,42.49155],[-83.52545,42.49193],[-83.53115,42.49318],[-83.5319,42.49337],[-83.53185,42.49348],[-83.5319,42.49337],[-83.53207,42.4934],[-83.53737,42.49457],[-83.53761,42.49464],[-83.53756,42.49473],[-83.53761,42.49464],[-83.53983,42.49513],[-83.53994,42.49523]],[[-83.5396,42.49503],[-83.52211,42.4912],[-83.52072,42.49089],[-83.52074,42.49083],[-83.52072,42.49089],[-83.51564,42.48979],[-83.51508,42.48965],[-83.5151,42.48959],[-83.51508,42.48965],[-83.50436,42.48725],[-83.50439,42.48718],[-83.50436,42.48725],[-83.50204,42.48672],[-83.50206,42.48666],[-83.50204,42.48672],[-83.5013,42.48656],[-83.49564,42.48529],[-83.49534,42.48517],[-83.48551,42.48304],[-83.47496,42.48067],[-83.47499,42.4806],[-83.47496,42.48067],[-83.47417,42.48051],[-83.46925,42.47941],[-83.46928,42.47935],[-83.46925,42.47941],[-83.46727,42.47899],[-83.46252,42.47787],[-83.45705,42.47669],[-83.45685,42.47664],[-83.45687,42.47658],[-83.45685,42.47664],[-83.44589,42.47416],[-83.44592,42.47409],[-83.44589,42.47416],[-83.44554,42.47409],[-83.43904,42.47259],[-83.43509,42.47177],[-83.43508,42.47125],[-83.43514,42.47125],[-83.43508,42.47125],[-83.43494,42.46799],[-83.43426,42.46802],[-83.43426,42.46796],[-83.43426,42.46802],[-83.43399,42.46803],[-83.42679,42.46826],[-83.42679,42.4682],[-83.42679,42.46826],[-83.42137,42.46843],[-83.41869,42.46822],[-83.41567,42.46857],[-83.41451,42.46863],[-83.39752,42.46906],[-83.39257,42.46893],[-83.38517,42.46856],[-83.3837,42.46818],[-83.37563,42.46453],[-83.35309,42.45494],[-83.35298,42.45508],[-83.35291,42.45505],[-83.35298,42.45508],[-83.35268,42.45544],[-83.35234,42.45559],[-83.34905,42.45565],[-83.34486,42.45592],[-83.33702,42.45613],[-83.33686,42.45387],[-83.33664,42.44839],[-83.33826,42.44904],[-83.33856,42.44895],[-83.33858,42.44878],[-83.31152,42.43798],[-83.29655,42.43194],[-83.2966,42.43188],[-83.29655,42.43194],[-83.29403,42.43092],[-83.29407,42.43087],[-83.29403,42.43092],[-83.29376,42.43082],[-83.28961,42.42917],[-83.28602,42.42767],[-83.27668,42.42396],[-83.27674,42.42388],[-83.27668,42.42396],[-83.27567,42.42358],[-83.27571,42.42353],[-83.27567,42.42358],[-83.27486,42.42327],[-83.27085,42.42167],[-83.27089,42.42161],[-83.27085,42.42167],[-83.26693,42.4201],[-83.26528,42.41956],[-83.25723,42.4163],[-83.25378,42.415],[-83.25218,42.41432],[-83.25225,42.41423],[-83.25218,42.41432],[-83.25124,42.41394],[-83.25125,42.41372]]]}},{"type":"Feature","properties":{"agency":"smart","agency_label":"SMART","route":"350","name":"Wixom","route_type":3},"geometry":{"type":"MultiLineString","coordinates":[[[-83.5396,42.49503],[-83.53825,42.4948],[-83.53585,42.49424],[-83.53593,42.49521],[-83.53584,42.4956],[-83.53595,42.49858],[-83.53621,42.50119],[-83.53632,42.50138],[-83.53635,42.50176],[-83.53639,42.50248],[-83.53633,42.50248],[-83.53639,42.50248],[-83.53642,42.50281],[-83.53669,42.50711],[-83.53669,42.50743],[-83.53664,42.50743],[-83.5367,42.50751],[-83.53692,42.51171],[-83.53756,42.52026],[-83.53752,42.52091],[-83.53719,42.52155],[-83.53763,42.52185],[-83.53838,42.52383],[-83.53845,42.52427],[-83.52222,42.52474],[-83.51738,42.52496],[-83.4944,42.52559],[-83.4944,42.52554],[-83.4944,42.52559],[-83.49271,42.52568],[-83.49211,42.52593],[-83.49183,42.5263],[-83.49177,42.52685],[-83.49185,42.52813],[-83.49174,42.52867],[-83.49156,42.52897],[-83.49117,42.52927],[-83.4907,42.52946],[-83.49036,42.52953],[-83.48898,42.52955],[-83.48851,42.52965],[-83.4857,42.53124],[-83.48521,42.53171],[-83.48413,42.53334],[-83.48145,42.5377],[-83.48052,42.53777],[-83.46645,42.53971],[-83.46203,42.54039],[-83.46173,42.54036],[-83.45998,42.5407],[-83.45744,42.54104],[-83.45575,42.54116],[-83.4512,42.54122],[-83.44973,42.54132],[-83.44899,42.54145],[-83.44855,42.54161],[-83.44702,42.54239],[-83.44597,42.54279],[-83.44529,42.54293],[-83.44318,42.54312],[-83.44208,42.54313],[-83.44099,42.54288],[-83.4402,42.54246],[-83.43869,42.54142],[-83.43778,42.541],[-83.43835,42.54253],[-83.43845,42.54309],[-83.43867,42.54889],[-83.43896,42.55315],[-83.439,42.55605],[-83.43926,42.56026],[-83.44171,42.55767],[-83.44285,42.55668],[-83.44335,42.5565],[-83.4437,42.55688],[-83.44374,42.55701],[-83.44364,42.55718],[-83.44228,42.55759],[-83.44392,42.55836],[-83.44402,42.55864],[-83.44329,42.55831]],[[-83.44329,42.55831],[-83.4432,42.55829],[-83.44336,42.55809],[-83.44229,42.55758],[-83.44347,42.55727],[-83.44372,42.55711],[-83.4437,42.55686],[-83.44327,42.55649],[-83.44295,42.55655],[-83.44168,42.55755],[-83.43936,42.56001],[-83.4385,42.54379],[-83.4384,42.54271],[-83.43796,42.54147],[-83.43812,42.5413],[-83.43841,42.54127],[-83.43857,42.54135],[-83.43853,42.54139],[-83.43874,42.54145],[-83.4404,42.54258],[-83.44138,42.54301],[-83.44248,42.5432],[-83.44549,42.54295],[-83.44667,42.54272],[-83.44863,42.54182],[-83.44956,42.54156],[-83.45582,42.54138],[-83.45851,42.54116],[-83.46015,42.54088],[-83.46184,42.54051],[-83.4621,42.54037],[-83.46357,42.54011],[-83.47218,42.53896],[-83.47222,42.53901],[-83.47218,42.53896],[-83.48145,42.5377],[-83.48183,42.53707],[-83.48189,42.53709],[-83.48183,42.53707],[-83.48191,42.53693],[-83.48413,42.53334],[-83.48482,42.53231],[-83.4849,42.53234],[-83.48482,42.53231],[-83.48528,42.53164],[-83.4857,42.53124],[-83.48851,42.52965],[-83.48912,42.52954],[-83.49061,42.52953],[-83.49107,42.52939],[-83.49156,42.52912],[-83.49174,42.52885],[-83.49187,42.52844],[-83.49177,42.52685],[-83.49183,42.5263],[-83.49211,42.52593],[-83.49271,42.52568],[-83.4982,42.52547],[-83.50472,42.52529],[-83.50472,42.52535],[-83.50472,42.52529],[-83.50766,42.5252],[-83.51089,42.52512],[-83.511,42.52512],[-83.511,42.52519],[-83.511,42.52512],[-83.51115,42.52511],[-83.51691,42.52496],[-83.51692,42.52502],[-83.51691,42.52496],[-83.52223,42.52478],[-83.52233,42.52478],[-83.52233,42.52485],[-83.52233,42.52478],[-83.52738,42.52461],[-83.52739,42.52468],[-83.52738,42.52461],[-83.53386,42.52441],[-83.53386,42.5245],[-83.53386,42.52441],[-83.53713,42.5243],[-83.53713,42.52436],[-83.53713,42.5243],[-83.53845,42.52427],[-83.53838,42.52383],[-83.53763,42.52185],[-83.53719,42.52155],[-83.53747,42.52106],[-83.53757,42.52052],[-83.53738,42.51792],[-83.53745,42.5179],[-83.53738,42.5179],[-83.53692,42.51155],[-83.53691,42.51131],[-83.537,42.51131],[-83.53691,42.51131],[-83.5368,42.50914],[-83.53691,42.50914],[-83.5368,42.50914],[-83.5367,42.50757],[-83.53677,42.50757],[-83.5367,42.50757],[-83.53668,42.5073],[-83.53643,42.50295],[-83.53648,42.50297],[-83.53632,42.50143],[-83.53638,42.50111],[-83.53621,42.4984],[-83.53603,42.49557],[-83.53593,42.49538],[-83.53585,42.49424],[-83.53761,42.49464],[-83.53756,42.49473],[-83.53761,42.49464],[-83.53983,42.49513],[-83.53994,42.49523]]]}},{"type":"Feature","properties":{"agency":"smart","agency_label":"SMART","route":"375","name":"Telegraph North","route_type":3},"geometry":{"type":"MultiLineString","coordinates":[[[-83.25125,42.41372],[-83.25145,42.41372],[-83.25148,42.41383],[-83.25132,42.41399],[-83.25238,42.41441],[-83.2523,42.41451],[-83.25256,42.41447],[-83.2553,42.41559],[-83.25533,42.41574],[-83.25549,42.41565],[-83.25689,42.41617],[-83.25813,42.4167],[-83.25805,42.41681],[-83.25813,42.4167],[-83.26132,42.41798],[-83.26123,42.4181],[-83.26132,42.41798],[-83.26394,42.41902],[-83.26387,42.41911],[-83.26394,42.41902],[-83.2657,42.41972],[-83.26574,42.41976],[-83.26559,42.41985],[-83.26574,42.41976],[-83.26642,42.42013],[-83.27027,42.42176],[-83.27022,42.42182],[-83.27027,42.42176],[-83.27048,42.42184],[-83.2727,42.42274],[-83.2727,42.42283],[-83.27276,42.42283],[-83.2727,42.42274],[-83.27554,42.42385],[-83.27549,42.42391],[-83.27554,42.42385],[-83.27737,42.42456],[-83.2774,42.42531],[-83.27728,42.42531],[-83.2774,42.42531],[-83.27763,42.43052],[-83.27807,42.43054],[-83.27801,42.42893],[-83.2795,42.42889],[-83.27951,42.42905],[-83.2795,42.42889],[-83.28152,42.42881],[-83.28151,42.42898],[-83.28152,42.42881],[-83.28547,42.42864],[-83.28568,42.4288],[-83.28576,42.42864],[-83.28717,42.42856],[-83.28911,42.42855],[-83.28925,42.42866],[-83.28947,42.42853],[-83.29233,42.42848],[-83.29233,42.42871],[-83.29285,42.42871],[-83.29278,42.42864],[-83.29285,42.42871],[-83.29368,42.4287],[-83.29367,42.42844],[-83.29704,42.42836],[-83.29706,42.42917],[-83.29693,42.42917],[-83.29706,42.42917],[-83.29714,42.43172],[-83.29709,42.43172],[-83.29714,42.43172],[-83.29718,42.43257],[-83.29742,42.43948],[-83.29736,42.43948],[-83.29742,42.43948],[-83.29751,42.44232],[-83.29669,42.44239],[-83.29669,42.44234],[-83.29259,42.44242],[-83.28067,42.44272],[-83.27932,42.44218],[-83.2786,42.44249],[-83.27852,42.44311],[-83.278,42.4441],[-83.2779,42.44467],[-83.27795,42.44666],[-83.27776,42.44666],[-83.27795,42.44666],[-83.27803,42.44933],[-83.27786,42.44934],[-83.27803,42.44933],[-83.27811,42.45207],[-83.27797,42.45207],[-83.27811,42.45207],[-83.27821,42.45502],[-83.27821,42.45516],[-83.27808,42.45516],[-83.27821,42.45516],[-83.27823,42.45562],[-83.27831,42.45797],[-83.27821,42.45797],[-83.27831,42.45797],[-83.27846,42.46249],[-83.27836,42.46249],[-83.27846,42.46249],[-83.27854,42.4645],[-83.27873,42.46589],[-83.27907,42.46724],[-83.2798,42.46901],[-83.2797,42.46905],[-83.2798,42.46902],[-83.28195,42.47261],[-83.2818,42.47265],[-83.28195,42.47261],[-83.28368,42.47544],[-83.28419,42.47645],[-83.28479,42.47798],[-83.28513,42.47932],[-83.28532,42.48074],[-83.28533,42.48101],[-83.28523,42.48101],[-83.28533,42.48101],[-83.28534,42.48123],[-83.28528,42.4831],[-83.28474,42.48618],[-83.28456,42.48869],[-83.28478,42.49327],[-83.28476,42.49535],[-83.28484,42.49671],[-83.28472,42.49671],[-83.28484,42.49671],[-83.28492,42.49838],[-83.2851,42.506],[-83.28528,42.50876],[-83.2852,42.50877],[-83.28528,42.50876],[-83.28545,42.51315],[-83.28536,42.51315],[-83.28545,42.51315],[-83.28557,42.51608],[-83.28547,42.51608],[-83.28557,42.51608],[-83.28571,42.51928],[-83.28561,42.51928],[-83.28571,42.51928],[-83.28573,42.51991],[-83.28573,42.52031],[-83.28563,42.52031],[-83.28573,42.52031],[-83.28573,42.52073],[-83.28531,42.52624],[-83.2852,42.52623],[-83.28531,42.52624],[-83.28493,42.53078],[-83.28483,42.53077],[-83.28493,42.53078],[-83.28464,42.53422],[-83.28459,42.53713],[-83.28449,42.53713],[-83.28459,42.53713],[-83.28477,42.54367],[-83.28477,42.54376],[-83.28464,42.54376],[-83.28477,42.54376],[-83.28479,42.54421],[-83.28484,42.54636],[-83.28476,42.54636],[-83.28484,42.54636],[-83.28485,42.54654],[-83.28493,42.54991],[-83.28493,42.55024],[-83.28485,42.55024],[-83.28493,42.55024],[-83.28494,42.55036],[-83.28514,42.55569],[-83.28504,42.5557],[-83.28514,42.55569],[-83.28524,42.55844],[-83.28515,42.55844],[-83.28524,42.55844],[-83.28524,42.55908],[-83.28505,42.56041],[-83.28453,42.5619],[-83.28162,42.56747],[-83.28156,42.56746],[-83.28162,42.56747],[-83.2801,42.57086],[-83.27983,42.57197],[-83.27978,42.57279],[-83.27988,42.57383],[-83.28044,42.57552],[-83.28063,42.57644],[-83.28073,42.58001],[-83.28057,42.58002],[-83.28073,42.58002],[-83.28079,42.5822],[-83.2807,42.58221],[-83.28079,42.5822],[-83.28107,42.586],[-83.28094,42.58601],[-83.28107,42.586],[-83.28116,42.58711],[-83.28124,42.58933],[-83.28111,42.58933],[-83.28124,42.58933],[-83.28154,42.59479],[-83.28176,42.59592],[-83.28195,42.5964],[-83.2818,42.59643],[-83.28195,42.5964],[-83.28234,42.59726],[-83.28272,42.59786],[-83.28339,42.59865],[-83.28437,42.59962],[-83.28636,42.60112],[-83.28889,42.60254],[-83.29058,42.60336],[-83.29056,42.60361],[-83.29086,42.60369],[-83.2908,42.60362],[-83.29086,42.60369],[-83.29107,42.60358],[-83.29479,42.60533],[-83.29516,42.60555],[-83.29499,42.60571],[-83.2952,42.60587],[-83.29531,42.60593],[-83.29542,42.60587],[-83.29531,42.60593],[-83.295,42.60573],[-83.29516,42.60555],[-83.30266,42.61011],[-83.30259,42.61017],[-83.30266,42.61011],[-83.30574,42.61197],[-83.30566,42.61205],[-83.30574,42.61197],[-83.30831,42.61353],[-83.31097,42.61489],[-83.31088,42.61498],[-83.31097,42.61489],[-83.31487,42.61671],[-83.31806,42.61758],[-83.31966,42.6182],[-83.3218,42.61938],[-83.32306,42.62035],[-83.32385,42.62121],[-83.32438,42.62202],[-83.32485,42.62308],[-83.32489,42.62321],[-83.32481,42.62322],[-83.32489,42.62321],[-83.32505,42.62401],[-83.32515,42.62413],[-83.32523,42.62573],[-83.32506,42.62573],[-83.32501,42.62564],[-83.32508,42.62557],[-83.32501,42.62564],[-83.32506,42.62573],[-83.32523,42.62573],[-83.3253,42.62727],[-83.32518,42.62725],[-83.3253,42.62727],[-83.32537,42.62888],[-83.32525,42.62888],[-83.32524,42.62881],[-83.32525,42.62888],[-83.32537,42.62888],[-83.32545,42.63062],[-83.32528,42.63062],[-83.32545,42.63062],[-83.32554,42.63234],[-83.32538,42.63235],[-83.32554,42.63234],[-83.32569,42.63519],[-83.30897,42.63574],[-83.30206,42.63702],[-83.30099,42.63729],[-83.29954,42.63747],[-83.29547,42.63831],[-83.29487,42.63841],[-83.29485,42.63833],[-83.29487,42.63841],[-83.29269,42.63882],[-83.29159,42.63574],[-83.29088,42.63586],[-83.29025,42.636],[-83.29066,42.63721],[-83.2906,42.63722],[-83.29066,42.63721],[-83.29132,42.63906],[-83.28909,42.63946],[-83.28745,42.63966],[-83.28471,42.6403],[-83.2828,42.64055],[-83.2821,42.64077],[-83.28137,42.64123],[-83.28074,42.6422],[-83.28058,42.64274],[-83.28051,42.64349],[-83.28051,42.64391],[-83.28064,42.64416],[-83.27309,42.64746],[-83.26643,42.64862],[-83.2563,42.64901],[-83.25432,42.64906],[-83.25424,42.64802],[-83.25364,42.64803],[-83.25364,42.64797]],[[-83.25364,42.64797],[-83.25364,42.64803],[-83.25337,42.64804],[-83.25311,42.64869],[-83.25316,42.64909],[-83.26374,42.64875],[-83.26377,42.64894],[-83.26383,42.64874],[-83.26621,42.64866],[-83.26922,42.6481],[-83.27143,42.64778],[-83.27176,42.64774],[-83.27251,42.64784],[-83.27334,42.64735],[-83.27349,42.64745],[-83.27339,42.64733],[-83.2742,42.64695],[-83.27984,42.64456],[-83.28145,42.6438],[-83.28184,42.64338],[-83.28234,42.64334],[-83.28276,42.64319],[-83.28457,42.64231],[-83.29082,42.6399],[-83.29293,42.63951],[-83.29159,42.63574],[-83.29088,42.63586],[-83.29025,42.636],[-83.29066,42.63721],[-83.2906,42.63722],[-83.29066,42.63721],[-83.29132,42.63906],[-83.29504,42.63837],[-83.29509,42.63845],[-83.29506,42.63837],[-83.29758,42.63788],[-83.29763,42.63799],[-83.29758,42.63788],[-83.29892,42.6376],[-83.30059,42.63736],[-83.30062,42.63746],[-83.30059,42.63736],[-83.30247,42.63696],[-83.30897,42.63574],[-83.30977,42.63571],[-83.30977,42.63581],[-83.30977,42.63571],[-83.31186,42.63564],[-83.31187,42.63575],[-83.31186,42.63564],[-83.31484,42.63555],[-83.31484,42.63566],[-83.31484,42.63555],[-83.3154,42.63552],[-83.31695,42.63547],[-83.31696,42.63559],[-83.31695,42.63547],[-83.32181,42.63532],[-83.32179,42.63545],[-83.32181,42.63532],[-83.32572,42.63517],[-83.3257,42.63523],[-83.32591,42.63474],[-83.32566,42.63475],[-83.32553,42.63217],[-83.32576,42.63216],[-83.32575,42.63203],[-83.32576,42.63216],[-83.32553,42.63217],[-83.3254,42.62973],[-83.32537,42.62897],[-83.32556,42.62896],[-83.32557,42.62889],[-83.32556,42.62896],[-83.32537,42.62897],[-83.32527,42.62672],[-83.32554,42.6267],[-83.3256,42.62644],[-83.32559,42.62638],[-83.32545,42.62639],[-83.32559,42.62638],[-83.32554,42.6267],[-83.32527,42.62672],[-83.32516,42.62425],[-83.32537,42.62425],[-83.32516,42.62425],[-83.32517,42.62325],[-83.32484,42.62212],[-83.32436,42.62129],[-83.32351,42.62032],[-83.32218,42.61939],[-83.31895,42.61768],[-83.3176,42.61718],[-83.31487,42.61639],[-83.30929,42.61369],[-83.30573,42.6116],[-83.30578,42.61155],[-83.30573,42.6116],[-83.30549,42.61146],[-83.30332,42.61013],[-83.30337,42.61009],[-83.30332,42.61013],[-83.30181,42.60922],[-83.29607,42.60567],[-83.29287,42.60404],[-83.28979,42.60264],[-83.2868,42.60106],[-83.28685,42.601],[-83.2868,42.60106],[-83.28608,42.60065],[-83.2846,42.59957],[-83.28334,42.59822],[-83.28278,42.59739],[-83.28242,42.59668],[-83.28198,42.5953],[-83.2821,42.59527],[-83.28198,42.59528],[-83.28193,42.59504],[-83.28165,42.59091],[-83.28149,42.58684],[-83.28162,42.58683],[-83.28149,42.58684],[-83.28123,42.58365],[-83.28114,42.58059],[-83.28129,42.5806],[-83.28114,42.58059],[-83.28097,42.57637],[-83.28107,42.57637],[-83.28097,42.57637],[-83.28015,42.57387],[-83.28005,42.57248],[-83.28023,42.57134],[-83.28099,42.56942],[-83.28274,42.56604],[-83.28285,42.56607],[-83.28274,42.56604],[-83.28499,42.56168],[-83.28535,42.56061],[-83.2855,42.5599],[-83.2856,42.55826],[-83.28574,42.55826],[-83.2856,42.55826],[-83.28546,42.55473],[-83.2856,42.55472],[-83.28546,42.55473],[-83.28536,42.55226],[-83.28534,42.55146],[-83.28547,42.55146],[-83.28534,42.55146],[-83.28516,42.54343],[-83.28528,42.54342],[-83.28516,42.54343],[-83.28503,42.53892],[-83.28514,42.53892],[-83.28503,42.53892],[-83.28495,42.53501],[-83.28544,42.52888],[-83.28557,42.52889],[-83.28544,42.52888],[-83.28585,42.52401],[-83.2859,42.5235],[-83.28599,42.52351],[-83.2859,42.5235],[-83.2861,42.52001],[-83.28587,42.51435],[-83.28596,42.51435],[-83.28587,42.51435],[-83.2856,42.50727],[-83.28558,42.50632],[-83.28568,42.50632],[-83.28558,42.50632],[-83.28556,42.50602],[-83.28537,42.50111],[-83.28536,42.49989],[-83.28552,42.49989],[-83.28536,42.49989],[-83.28521,42.49616],[-83.28491,42.49286],[-83.28471,42.48881],[-83.28481,42.48681],[-83.28549,42.48395],[-83.28572,42.48227],[-83.28579,42.48227],[-83.28572,42.48227],[-83.28573,42.48077],[-83.28555,42.47923],[-83.28484,42.47701],[-83.28422,42.47567],[-83.28335,42.47422],[-83.28342,42.4742],[-83.28335,42.47422],[-83.28255,42.47293],[-83.28011,42.4688],[-83.2795,42.46729],[-83.27937,42.46686],[-83.27948,42.46684],[-83.27937,42.46686],[-83.27906,42.4656],[-83.27888,42.46369],[-83.27885,42.46265],[-83.27892,42.46263],[-83.27885,42.46265],[-83.27866,42.45705],[-83.27875,42.45705],[-83.27866,42.45705],[-83.27859,42.45482],[-83.27867,42.45482],[-83.27859,42.45482],[-83.27856,42.45417],[-83.27852,42.45285],[-83.2786,42.45285],[-83.27852,42.45285],[-83.27826,42.44451],[-83.27852,42.44388],[-83.27953,42.44363],[-83.28035,42.44314],[-83.28114,42.44297],[-83.28649,42.44292],[-83.29066,42.4428],[-83.29067,42.44285],[-83.29067,42.4428],[-83.29981,42.44258],[-83.29993,42.44241],[-83.2998,42.44227],[-83.2976,42.44232],[-83.29751,42.4422],[-83.2975,42.4418],[-83.29766,42.44179],[-83.2975,42.44179],[-83.29741,42.43886],[-83.29755,42.43886],[-83.29741,42.43886],[-83.29728,42.43532],[-83.29742,42.43532],[-83.29728,42.43532],[-83.29718,42.43291],[-83.29733,42.43289],[-83.29718,42.43291],[-83.29713,42.43144],[-83.2972,42.43144],[-83.29713,42.43144],[-83.29704,42.42836],[-83.28605,42.42862],[-83.28604,42.42855],[-83.28605,42.42862],[-83.28589,42.42863],[-83.28089,42.42885],[-83.27809,42.42889],[-83.27788,42.42479],[-83.27964,42.4255],[-83.27989,42.42518],[-83.27665,42.42377],[-83.27674,42.42388],[-83.26615,42.41982],[-83.25468,42.4153],[-83.25224,42.41431],[-83.25225,42.41423],[-83.2522,42.4143],[-83.25127,42.41391],[-83.25125,42.41372]]]}},{"type":"Feature","properties":{"agency":"smart","agency_label":"SMART","route":"405","name":"Northwestern Hwy","route_type":3},"geometry":{"type":"MultiLineString","coordinates":[[[-83.44329,42.55831],[-83.44209,42.55777],[-83.44242,42.55751],[-83.44347,42.55727],[-83.4437,42.55712],[-83.44369,42.55686],[-83.44303,42.55626],[-83.44249,42.55616],[-83.4391,42.5563],[-83.43845,42.54299],[-83.43835,42.54253],[-83.43778,42.541],[-83.43708,42.54081],[-83.43601,42.54076],[-83.40952,42.54152],[-83.40951,42.54123],[-83.40964,42.54123],[-83.40951,42.54123],[-83.40943,42.53978],[-83.40911,42.53978],[-83.40838,42.53926],[-83.40792,42.53962],[-83.40902,42.54034],[-83.40926,42.54061],[-83.40937,42.54153],[-83.40081,42.54182],[-83.4005,42.5418],[-83.39999,42.54157],[-83.3997,42.54168],[-83.39857,42.54185],[-83.39733,42.54192],[-83.39181,42.54203],[-83.3889,42.54216],[-83.38836,42.54211],[-83.38135,42.54241],[-83.38089,42.54237],[-83.38052,42.54216],[-83.38023,42.54212],[-83.37917,42.54239],[-83.37889,42.54241],[-83.37888,42.54232],[-83.37889,42.54241],[-83.37736,42.5425],[-83.37351,42.5426],[-83.37351,42.54254],[-83.37351,42.5426],[-83.36938,42.5427],[-83.3693,42.54265],[-83.3693,42.5427],[-83.3691,42.54271],[-83.36542,42.54277],[-83.36084,42.54295],[-83.36077,42.53997],[-83.36039,42.53302],[-83.36044,42.53019],[-83.36026,42.52999],[-83.36019,42.52965],[-83.36004,42.52939],[-83.35679,42.52784],[-83.34633,42.52253],[-83.33865,42.51795],[-83.3387,42.5179],[-83.33865,42.51795],[-83.33637,42.51658],[-83.33549,42.51604],[-83.33554,42.516],[-83.33549,42.51604],[-83.33363,42.51494],[-83.33235,42.51416],[-83.33241,42.51411],[-83.33235,42.51416],[-83.33223,42.5141],[-83.32885,42.51207],[-83.32891,42.51201],[-83.32885,42.51207],[-83.32551,42.51014],[-83.32557,42.51008],[-83.32551,42.51014],[-83.32196,42.50818],[-83.31933,42.5067],[-83.31941,42.50663],[-83.31933,42.5067],[-83.31668,42.50521],[-83.31647,42.50508],[-83.31653,42.50502],[-83.31647,42.50508],[-83.31611,42.50489],[-83.31344,42.50338],[-83.31349,42.50333],[-83.31344,42.50338],[-83.31267,42.50296],[-83.31169,42.5024],[-83.31174,42.50235],[-83.31169,42.5024],[-83.30994,42.50144],[-83.30699,42.49974],[-83.30672,42.50006],[-83.30715,42.50026],[-83.30722,42.50041],[-83.30719,42.50061],[-83.30627,42.50062],[-83.30624,42.50048],[-83.30624,42.50062],[-83.30596,42.50063],[-83.30336,42.50069],[-83.30335,42.50056],[-83.30336,42.50069],[-83.30307,42.5007],[-83.30106,42.50075],[-83.30105,42.50061],[-83.30106,42.50075],[-83.29557,42.50087],[-83.29556,42.50075],[-83.29557,42.50087],[-83.29534,42.50088],[-83.28887,42.50103],[-83.28885,42.50087],[-83.28886,42.50103],[-83.28865,42.50104],[-83.28263,42.50115],[-83.28262,42.50102],[-83.28263,42.50116],[-83.28072,42.50118],[-83.28072,42.50111],[-83.28072,42.50118],[-83.28062,42.50119],[-83.27671,42.50127],[-83.27616,42.50127],[-83.27616,42.50115],[-83.27616,42.50127],[-83.27606,42.50128],[-83.27188,42.50131],[-83.27188,42.50118],[-83.27188,42.50131],[-83.2717,42.50132],[-83.26508,42.50145],[-83.26508,42.50131],[-83.26508,42.50145],[-83.26198,42.50152],[-83.26196,42.50099],[-83.26202,42.50099],[-83.26196,42.50099],[-83.26184,42.49808],[-83.26191,42.49811],[-83.26184,42.49808],[-83.26178,42.49657],[-83.26187,42.49657],[-83.26178,42.49657],[-83.26171,42.49482],[-83.2618,42.4948],[-83.26171,42.4948],[-83.26147,42.4893],[-83.26147,42.48912],[-83.26158,42.48912],[-83.26147,42.48912],[-83.26146,42.48903],[-83.26137,42.48716],[-83.26143,42.487],[-83.25993,42.48703],[-83.25993,42.48695],[-83.25993,42.48703],[-83.25756,42.48707],[-83.25756,42.48699],[-83.25756,42.48707],[-83.25738,42.48708],[-83.25504,42.48712],[-83.25475,42.48712],[-83.25474,42.48704],[-83.25475,42.48712],[-83.25466,42.48713],[-83.25207,42.48653],[-83.25014,42.48664],[-83.2493,42.48678],[-83.2456,42.48689],[-83.24559,42.48681],[-83.2456,42.48689],[-83.24476,42.48692],[-83.24399,42.48002],[-83.24339,42.48006],[-83.24338,42.47998],[-83.24339,42.48006],[-83.24144,42.48017],[-83.24107,42.48005],[-83.24096,42.47979],[-83.24068,42.47422],[-83.24058,42.47409],[-83.24056,42.47375],[-83.24074,42.47374],[-83.24056,42.47375],[-83.24055,42.47359],[-83.24065,42.47353],[-83.24056,42.4712],[-83.23971,42.47062],[-83.23976,42.47058],[-83.23964,42.47058],[-83.23561,42.46788],[-83.23419,42.46715],[-83.23327,42.46657],[-83.23309,42.46655],[-83.22359,42.46022],[-83.21672,42.45553],[-83.21425,42.45367],[-83.21111,42.45151],[-83.21105,42.45136],[-83.20909,42.44985],[-83.20684,42.44751],[-83.2057,42.44645],[-83.20499,42.44673],[-83.20775,42.44947],[-83.20901,42.45046],[-83.21147,42.45213],[-83.21162,42.45224],[-83.21157,42.45228],[-83.21162,42.45224],[-83.21264,42.45294],[-83.21315,42.45333],[-83.21307,42.45338],[-83.21315,42.45333],[-83.21408,42.45409],[-83.21425,42.45487],[-83.21427,42.45662],[-83.21401,42.45697],[-83.21316,42.45724],[-83.21277,42.45749],[-83.2127,42.45781],[-83.21274,42.45901],[-83.20697,42.45916],[-83.20679,42.45495],[-83.20111,42.45507],[-83.20097,42.45089],[-83.20064,42.44503],[-83.20173,42.44499],[-83.20191,42.44485],[-83.20191,42.44471],[-83.20179,42.4446],[-83.19969,42.44465],[-83.19786,42.44483],[-83.19592,42.44484],[-83.19582,42.44492],[-83.18077,42.44521],[-83.18057,42.44521],[-83.18057,42.44515],[-83.18057,42.44521],[-83.16466,42.4456],[-83.16126,42.44567],[-83.16113,42.44567],[-83.16113,42.44561],[-83.16106,42.44568],[-83.15949,42.44572],[-83.1412,42.44612],[-83.14121,42.44606],[-83.1412,42.44612],[-83.14094,42.44613],[-83.12341,42.44655],[-83.11614,42.44665],[-83.11608,42.44526],[-83.11695,42.44524],[-83.11698,42.4451],[-83.11727,42.44508],[-83.11737,42.44498],[-83.11736,42.44394],[-83.11728,42.4437],[-83.11682,42.44366],[-83.11674,42.44427]],[[-83.11674,42.44427],[-83.11684,42.44433],[-83.11688,42.44524],[-83.11716,42.44524],[-83.11738,42.44539],[-83.11745,42.44649],[-83.11727,42.44668],[-83.11638,42.44676],[-83.11642,42.44693],[-83.11665,42.447],[-83.12632,42.44675],[-83.12633,42.44682],[-83.12633,42.44675],[-83.12903,42.4466],[-83.13157,42.44655],[-83.1428,42.44636],[-83.14277,42.44652],[-83.14264,42.44651],[-83.14277,42.44652],[-83.1428,42.44636],[-83.15914,42.44601],[-83.15927,42.44601],[-83.15929,42.44626],[-83.15935,42.44626],[-83.16015,42.44622],[-83.16014,42.44612],[-83.16015,42.44622],[-83.15929,42.44626],[-83.15927,42.44601],[-83.18168,42.44548],[-83.18165,42.44562],[-83.18168,42.44548],[-83.18997,42.44531],[-83.1962,42.44521],[-83.19621,42.44533],[-83.1962,42.44521],[-83.19631,42.4452],[-83.19793,42.44521],[-83.20173,42.44499],[-83.20291,42.44516],[-83.20346,42.44543],[-83.20383,42.44571],[-83.20532,42.44704],[-83.20743,42.44919],[-83.20874,42.45026],[-83.21054,42.4515],[-83.21072,42.45179],[-83.21072,42.45207],[-83.21045,42.4524],[-83.21004,42.45339],[-83.2084,42.45475],[-83.208,42.45491],[-83.20657,42.45496],[-83.20676,42.45917],[-83.2075,42.45914],[-83.20751,42.45927],[-83.2075,42.45914],[-83.21274,42.45901],[-83.21273,42.45867],[-83.21283,42.45867],[-83.21273,42.45867],[-83.2127,42.45781],[-83.2128,42.4575],[-83.21286,42.45742],[-83.21294,42.45747],[-83.21286,42.45742],[-83.21316,42.45724],[-83.21401,42.45697],[-83.21427,42.45662],[-83.21423,42.45471],[-83.21431,42.45455],[-83.21448,42.45446],[-83.21647,42.45638],[-83.21857,42.45718],[-83.22032,42.45819],[-83.23238,42.46629],[-83.2324,42.4664],[-83.23407,42.46775],[-83.23671,42.46953],[-83.23664,42.46958],[-83.23675,42.46955],[-83.24039,42.47204],[-83.24046,42.47347],[-83.24056,42.47368],[-83.24046,42.47369],[-83.24056,42.47368],[-83.24058,42.47409],[-83.24049,42.47425],[-83.24052,42.47523],[-83.24081,42.47965],[-83.24076,42.4799],[-83.24059,42.48013],[-83.24078,42.48028],[-83.24154,42.48016],[-83.24167,42.48016],[-83.24168,42.48026],[-83.24167,42.48016],[-83.24379,42.48004],[-83.24405,42.48204],[-83.244,42.48204],[-83.24422,42.48334],[-83.24435,42.48533],[-83.24456,42.48692],[-83.24468,42.48706],[-83.24469,42.48756],[-83.24598,42.48754],[-83.24594,42.48762],[-83.24598,42.48754],[-83.24841,42.48742],[-83.24842,42.48751],[-83.24841,42.48742],[-83.25479,42.48712],[-83.25517,42.48711],[-83.25517,42.48724],[-83.25517,42.48711],[-83.25727,42.48708],[-83.25719,42.4872],[-83.25727,42.48708],[-83.25968,42.48704],[-83.25961,42.48715],[-83.25968,42.48704],[-83.26129,42.487],[-83.26138,42.48722],[-83.26141,42.48787],[-83.26123,42.48787],[-83.26141,42.48787],[-83.26155,42.49104],[-83.26155,42.49112],[-83.26137,42.49112],[-83.26155,42.49112],[-83.26172,42.49494],[-83.26158,42.49494],[-83.26172,42.49494],[-83.26179,42.49659],[-83.26179,42.49682],[-83.26163,42.49682],[-83.26179,42.49682],[-83.26188,42.49892],[-83.26174,42.49893],[-83.26188,42.49892],[-83.26198,42.50152],[-83.26261,42.5015],[-83.26261,42.50161],[-83.26261,42.5015],[-83.26545,42.50144],[-83.26547,42.50157],[-83.26545,42.50144],[-83.26568,42.50143],[-83.27173,42.50131],[-83.27174,42.50145],[-83.27173,42.50131],[-83.2768,42.50126],[-83.27681,42.5014],[-83.2768,42.50126],[-83.28142,42.50117],[-83.2816,42.50117],[-83.2816,42.50123],[-83.2816,42.50117],[-83.2856,42.50111],[-83.28609,42.50111],[-83.28609,42.50121],[-83.28609,42.50111],[-83.28731,42.50107],[-83.29025,42.501],[-83.29025,42.50111],[-83.29025,42.501],[-83.29052,42.50099],[-83.29329,42.50093],[-83.29331,42.50103],[-83.29329,42.50093],[-83.30134,42.50074],[-83.30153,42.50074],[-83.30154,42.50085],[-83.30153,42.50074],[-83.30169,42.50073],[-83.30555,42.50063],[-83.30578,42.50063],[-83.30577,42.50075],[-83.30578,42.50063],[-83.30775,42.50059],[-83.31086,42.50233],[-83.31081,42.50238],[-83.31086,42.50233],[-83.31393,42.50404],[-83.31387,42.50409],[-83.31393,42.50404],[-83.3168,42.50564],[-83.31673,42.50571],[-83.3168,42.50564],[-83.32102,42.50802],[-83.32095,42.50809],[-83.32102,42.50802],[-83.32123,42.50813],[-83.32602,42.51079],[-83.32592,42.51089],[-83.32602,42.51079],[-83.32692,42.51128],[-83.32898,42.5125],[-83.32888,42.5126],[-83.32898,42.5125],[-83.33308,42.51495],[-83.33296,42.51506],[-83.33308,42.51495],[-83.33682,42.51721],[-83.33673,42.51732],[-83.33682,42.51721],[-83.34166,42.52011],[-83.34153,42.52024],[-83.3415,42.52019],[-83.34153,42.52024],[-83.34166,42.52011],[-83.34529,42.52229],[-83.34519,42.52239],[-83.34529,42.52229],[-83.34671,42.52311],[-83.35082,42.52518],[-83.35065,42.52529],[-83.35082,42.52518],[-83.35091,42.52522],[-83.35739,42.52848],[-83.35733,42.52854],[-83.35739,42.52848],[-83.35862,42.52909],[-83.36008,42.52969],[-83.36014,42.53065],[-83.36006,42.53065],[-83.36014,42.53065],[-83.36022,42.53299],[-83.36021,42.53435],[-83.36012,42.53435],[-83.36021,42.53435],[-83.36037,42.53779],[-83.36037,42.53798],[-83.36031,42.53798],[-83.36037,42.53798],[-83.36039,42.53817],[-83.36061,42.54152],[-83.36064,42.54295],[-83.36235,42.5429],[-83.36235,42.54299],[-83.36235,42.5429],[-83.37047,42.54267],[-83.37069,42.54267],[-83.3707,42.54282],[-83.37069,42.54267],[-83.3749,42.54256],[-83.37491,42.54267],[-83.3749,42.54256],[-83.37911,42.54239],[-83.37983,42.54244],[-83.38015,42.54266],[-83.38036,42.54269],[-83.38071,42.54255],[-83.38129,42.54248],[-83.38138,42.5424],[-83.38144,42.5424],[-83.38143,42.54259],[-83.38144,42.5424],[-83.38259,42.54233],[-83.38741,42.54218],[-83.38742,42.54229],[-83.38741,42.54218],[-83.38917,42.54215],[-83.38915,42.54223],[-83.38917,42.54215],[-83.39305,42.54203],[-83.39306,42.54214],[-83.39305,42.54203],[-83.39614,42.54195],[-83.39614,42.54205],[-83.39614,42.54195],[-83.39847,42.54185],[-83.39945,42.54187],[-83.39979,42.54207],[-83.40003,42.54211],[-83.40028,42.542],[-83.401,42.54191],[-83.40102,42.54201],[-83.401,42.54191],[-83.40145,42.5418],[-83.40448,42.54169],[-83.40449,42.54177],[-83.40448,42.54169],[-83.4052,42.54165],[-83.40952,42.54152],[-83.40951,42.54123],[-83.40964,42.54123],[-83.40951,42.54123],[-83.40943,42.53978],[-83.40911,42.53978],[-83.40838,42.53926],[-83.40792,42.53962],[-83.40902,42.54034],[-83.40926,42.54061],[-83.40937,42.54153],[-83.41333,42.54143],[-83.41334,42.54153],[-83.41333,42.54143],[-83.41773,42.5413],[-83.41774,42.54143],[-83.41773,42.5413],[-83.43123,42.5409],[-83.43125,42.54116],[-83.43114,42.54116],[-83.43125,42.54116],[-83.43127,42.54133],[-83.43142,42.54132],[-83.43141,42.5409],[-83.43637,42.54076],[-83.43769,42.54096],[-83.43778,42.541],[-83.43794,42.54156],[-83.43815,42.54196],[-83.43846,42.5431],[-83.43858,42.54556],[-83.43852,42.54564],[-83.43858,42.54564],[-83.43875,42.54888],[-83.43867,42.54889],[-83.43875,42.54888],[-83.43876,42.54899],[-83.4391,42.55605],[-83.439,42.55605],[-83.4391,42.55605],[-83.4391,42.5563],[-83.44249,42.55616],[-83.44305,42.55627],[-83.44321,42.55642],[-83.44191,42.55739],[-83.44336,42.55808],[-83.44318,42.55828],[-83.44329,42.55831]]]}},{"type":"Feature","properties":{"agency":"smart","agency_label":"SMART","route":"415","name":"Greenfield","route_type":3},"geometry":{"type":"MultiLineString","coordinates":[[[-83.20299,42.44767],[-83.20174,42.44777],[-83.20094,42.44773],[-83.2008,42.44767],[-83.20075,42.44676],[-83.20054,42.44676],[-83.20062,42.44916],[-83.20054,42.44916],[-83.20062,42.44916],[-83.20076,42.45294],[-83.20068,42.4529],[-83.20076,42.45294],[-83.20088,42.45525],[-83.20091,42.45681],[-83.20085,42.45681],[-83.20091,42.45681],[-83.201,42.45995],[-83.20094,42.45995],[-83.201,42.45995],[-83.2011,42.46188],[-83.20068,42.46189],[-83.20068,42.46203],[-83.20078,42.46219],[-83.20121,42.46222],[-83.2013,42.4642],[-83.20115,42.4642],[-83.2013,42.4642],[-83.20144,42.4669],[-83.20128,42.46691],[-83.20144,42.4669],[-83.20154,42.46965],[-83.20139,42.46965],[-83.20154,42.46965],[-83.20162,42.47107],[-83.20155,42.47116],[-83.20153,42.47176],[-83.20168,42.47462],[-83.20158,42.47463],[-83.20168,42.47462],[-83.20169,42.47469],[-83.20187,42.47886],[-83.20177,42.47886],[-83.20187,42.47886],[-83.20198,42.48165],[-83.20188,42.48165],[-83.20198,42.48165],[-83.20208,42.48351],[-83.20113,42.48353],[-83.20113,42.48367],[-83.2018,42.48366],[-83.20185,42.48399],[-83.20199,42.48399],[-83.20185,42.48399],[-83.20187,42.48494],[-83.20153,42.48497],[-83.20153,42.48511],[-83.20191,42.48511],[-83.20193,42.4858],[-83.20227,42.48592],[-83.20207,42.48593],[-83.20227,42.48592],[-83.20233,42.48699],[-83.20243,42.48907],[-83.20226,42.48907],[-83.20243,42.48907],[-83.20265,42.49357],[-83.20247,42.49357],[-83.20265,42.49357],[-83.20278,42.49611],[-83.20258,42.49607],[-83.20278,42.49611],[-83.2029,42.49871],[-83.20274,42.49871],[-83.2029,42.49871],[-83.20305,42.50191],[-83.20288,42.5019],[-83.20305,42.50191],[-83.20312,42.50329],[-83.20294,42.50329],[-83.20294,42.50337],[-83.20294,42.50329],[-83.20312,42.50329],[-83.20323,42.50554],[-83.20304,42.50555],[-83.20323,42.50554],[-83.20335,42.50836],[-83.20317,42.50837],[-83.20335,42.50836],[-83.20345,42.51065],[-83.20326,42.51066],[-83.20345,42.51065],[-83.20355,42.51282],[-83.20339,42.51282],[-83.20355,42.51282],[-83.20365,42.51528],[-83.20364,42.51541],[-83.2035,42.51541],[-83.20364,42.51541],[-83.20365,42.51549],[-83.20373,42.51746],[-83.20334,42.51746],[-83.20333,42.5174],[-83.20334,42.51746],[-83.20267,42.5175],[-83.20048,42.51754],[-83.20048,42.51748],[-83.20048,42.51754],[-83.19582,42.51763],[-83.19591,42.51633],[-83.19586,42.51454],[-83.19572,42.51414],[-83.19483,42.51328],[-83.19487,42.51319],[-83.19482,42.5132],[-83.19449,42.51205],[-83.19451,42.51098],[-83.19103,42.51098],[-83.18977,42.51107],[-83.18965,42.51129],[-83.18955,42.51223],[-83.18949,42.51512],[-83.18734,42.51523],[-83.18387,42.51714],[-83.18369,42.51733],[-83.18384,42.52136],[-83.18371,42.52136],[-83.18384,42.52136],[-83.18401,42.52548],[-83.18392,42.52548],[-83.18401,42.52548],[-83.18403,42.52577],[-83.18426,42.53007],[-83.18419,42.53007],[-83.18426,42.53007],[-83.18439,42.53248],[-83.18274,42.53251],[-83.18274,42.53262],[-83.18274,42.53251],[-83.18137,42.53256],[-83.18142,42.53338],[-83.18174,42.5341],[-83.18458,42.53757],[-83.18403,42.53771],[-83.18005,42.53774],[-83.18011,42.53828]],[[-83.18011,42.53828],[-83.18005,42.53774],[-83.18403,42.53771],[-83.18458,42.53757],[-83.1838,42.53659],[-83.1839,42.53654],[-83.1838,42.53659],[-83.18174,42.5341],[-83.18142,42.53338],[-83.18137,42.53256],[-83.18274,42.53251],[-83.18274,42.53262],[-83.18274,42.53251],[-83.18463,42.53247],[-83.18456,42.53155],[-83.18464,42.53154],[-83.18456,42.53155],[-83.18441,42.529],[-83.18449,42.529],[-83.18441,42.529],[-83.18424,42.52593],[-83.18422,42.5255],[-83.1843,42.5255],[-83.18422,42.5255],[-83.184,42.52061],[-83.18406,42.52061],[-83.18399,42.52061],[-83.18387,42.5182],[-83.1839,42.51737],[-83.18416,42.5171],[-83.18468,42.5168],[-83.18675,42.51573],[-83.1868,42.51578],[-83.18675,42.51573],[-83.18711,42.51554],[-83.18768,42.51532],[-83.18949,42.51532],[-83.1895,42.51379],[-83.18964,42.51379],[-83.1895,42.51379],[-83.18955,42.51223],[-83.18965,42.51129],[-83.18977,42.51107],[-83.19103,42.51098],[-83.19451,42.51098],[-83.19449,42.51202],[-83.19483,42.51328],[-83.19572,42.51414],[-83.19586,42.51454],[-83.19591,42.51633],[-83.19582,42.51764],[-83.20373,42.51748],[-83.20371,42.51697],[-83.20386,42.51698],[-83.20371,42.51697],[-83.2037,42.51691],[-83.20362,42.51444],[-83.20372,42.51443],[-83.20362,42.51444],[-83.20351,42.51216],[-83.20361,42.51215],[-83.20351,42.51216],[-83.20342,42.50998],[-83.20353,42.50998],[-83.20342,42.50998],[-83.20334,42.50823],[-83.20333,42.50785],[-83.20344,42.50785],[-83.20333,42.50785],[-83.20321,42.50532],[-83.20329,42.50525],[-83.20321,42.50526],[-83.20307,42.50237],[-83.20307,42.50229],[-83.20317,42.50229],[-83.20307,42.50229],[-83.203,42.50078],[-83.20309,42.50078],[-83.203,42.50078],[-83.20286,42.49798],[-83.20296,42.49797],[-83.20286,42.49798],[-83.20274,42.49529],[-83.20273,42.49514],[-83.20283,42.49514],[-83.20273,42.49514],[-83.20261,42.49275],[-83.20271,42.49275],[-83.20261,42.49275],[-83.20257,42.492],[-83.20251,42.49057],[-83.20262,42.49058],[-83.20251,42.49057],[-83.20237,42.48818],[-83.20236,42.48792],[-83.20247,42.48792],[-83.20236,42.48792],[-83.20228,42.48596],[-83.20239,42.48596],[-83.20228,42.48596],[-83.20218,42.4841],[-83.20217,42.4838],[-83.20229,42.48348],[-83.20218,42.48075],[-83.20225,42.48074],[-83.20218,42.48075],[-83.20215,42.48026],[-83.20213,42.4786],[-83.20198,42.47656],[-83.20197,42.4763],[-83.20202,42.4763],[-83.20197,42.4763],[-83.20182,42.4718],[-83.20172,42.47116],[-83.20162,42.47107],[-83.20158,42.47056],[-83.20152,42.46914],[-83.20166,42.46913],[-83.20152,42.46914],[-83.2014,42.46623],[-83.20153,42.46623],[-83.2014,42.46623],[-83.20125,42.46327],[-83.20139,42.46327],[-83.20125,42.46327],[-83.20123,42.46294],[-83.20121,42.46211],[-83.2013,42.4619],[-83.2013,42.46135],[-83.20121,42.45876],[-83.20128,42.45876],[-83.20121,42.45876],[-83.20113,42.4562],[-83.20118,42.4562],[-83.20113,42.4562],[-83.20104,42.4541],[-83.2011,42.45413],[-83.20104,42.4541],[-83.201,42.45345],[-83.20097,42.45089],[-83.20081,42.44818],[-83.20083,42.44801],[-83.20174,42.44777],[-83.20299,42.44769],[-83.20392,42.44726],[-83.20422,42.44723],[-83.20518,42.44691],[-83.20541,42.44716]]]}},{"type":"Feature","properties":{"agency":"smart","agency_label":"SMART","route":"420","name":"Southfield","route_type":3},"geometry":{"type":"MultiLineString","coordinates":[[[-83.20541,42.44716],[-83.20741,42.44917],[-83.20849,42.45008],[-83.21295,42.45318],[-83.21314,42.45334],[-83.21307,42.45338],[-83.21314,42.45334],[-83.21467,42.45463],[-83.21806,42.4579],[-83.22016,42.46072],[-83.22034,42.46123],[-83.2206,42.46364],[-83.22068,42.46373],[-83.22084,42.46693],[-83.22068,42.4669],[-83.22084,42.46693],[-83.22101,42.47039],[-83.22084,42.4704],[-83.22101,42.47039],[-83.2212,42.47435],[-83.22079,42.47436],[-83.22092,42.47419],[-83.22097,42.47392],[-83.22092,42.47419],[-83.22079,42.47436],[-83.2212,42.47435],[-83.22123,42.47491],[-83.22131,42.47648],[-83.22111,42.47648],[-83.22131,42.47648],[-83.2214,42.4783],[-83.22122,42.4783],[-83.2214,42.4783],[-83.22149,42.48004],[-83.22133,42.48009],[-83.2213,42.48004],[-83.22133,42.48009],[-83.22149,42.48004],[-83.22158,42.48192],[-83.22143,42.48192],[-83.22158,42.48192],[-83.22177,42.48565],[-83.22177,42.48581],[-83.22164,42.48582],[-83.22177,42.48581],[-83.22193,42.48893],[-83.22169,42.48894],[-83.22168,42.4888],[-83.22169,42.48894],[-83.22193,42.48893],[-83.22204,42.4912],[-83.22184,42.4912],[-83.22204,42.4912],[-83.2224,42.49877],[-83.22229,42.49878],[-83.2224,42.49877],[-83.22253,42.50126],[-83.22245,42.50122],[-83.22253,42.50126],[-83.22262,42.50343],[-83.22245,42.50348],[-83.22268,42.50457],[-83.22271,42.50515],[-83.22259,42.50563],[-83.22276,42.50626],[-83.2228,42.5067],[-83.22288,42.50846],[-83.2227,42.50847],[-83.22288,42.50846],[-83.22294,42.50953],[-83.22302,42.51145],[-83.22285,42.51141],[-83.22302,42.51145],[-83.22306,42.51192],[-83.22317,42.51417],[-83.223,42.51417],[-83.22317,42.51417],[-83.22337,42.51804],[-83.22321,42.51804],[-83.22337,42.51804],[-83.22349,42.52106],[-83.22335,42.52107],[-83.22349,42.52106],[-83.22364,42.52447],[-83.22347,42.52447],[-83.22364,42.52447],[-83.22376,42.52707],[-83.22376,42.52717],[-83.22359,42.52719],[-83.22376,42.52717],[-83.22392,42.53015],[-83.22375,42.5301],[-83.22392,42.53015],[-83.22397,42.53134],[-83.21352,42.53158],[-83.20932,42.53178],[-83.20915,42.53178],[-83.20914,42.53172],[-83.20915,42.53178],[-83.20556,42.53189],[-83.20549,42.53183],[-83.20549,42.53189],[-83.20494,42.53191],[-83.19157,42.5323],[-83.1892,42.53234],[-83.1892,42.53224],[-83.1892,42.53234],[-83.18663,42.53242],[-83.18662,42.5323],[-83.18663,42.53242],[-83.18137,42.53256],[-83.18142,42.53338],[-83.18174,42.5341],[-83.18455,42.53758],[-83.18416,42.5377],[-83.17894,42.53775],[-83.179,42.53902],[-83.18016,42.539],[-83.18011,42.53828]],[[-83.18011,42.53828],[-83.18005,42.53774],[-83.18403,42.53771],[-83.18458,42.53757],[-83.1838,42.53659],[-83.1839,42.53654],[-83.1838,42.53659],[-83.18174,42.5341],[-83.18142,42.53338],[-83.18137,42.53256],[-83.18274,42.53251],[-83.18274,42.53262],[-83.18274,42.53251],[-83.18708,42.5324],[-83.18708,42.53247],[-83.18708,42.5324],[-83.18951,42.53233],[-83.18983,42.53233],[-83.18983,42.53241],[-83.18983,42.53233],[-83.19545,42.53218],[-83.19563,42.53218],[-83.19563,42.53227],[-83.19563,42.53218],[-83.19809,42.53209],[-83.20138,42.53199],[-83.20139,42.53207],[-83.20138,42.53199],[-83.20324,42.53193],[-83.20528,42.5319],[-83.20528,42.53198],[-83.20528,42.5319],[-83.20932,42.53178],[-83.20929,42.53185],[-83.20932,42.53178],[-83.21422,42.53158],[-83.21498,42.53156],[-83.21498,42.53165],[-83.21498,42.53156],[-83.21728,42.53152],[-83.21728,42.53158],[-83.21728,42.53152],[-83.2185,42.53149],[-83.21851,42.53154],[-83.2185,42.53149],[-83.22295,42.53137],[-83.22296,42.53145],[-83.22295,42.53137],[-83.22397,42.53134],[-83.22395,42.53066],[-83.2241,42.5307],[-83.22395,42.53066],[-83.22387,42.52955],[-83.22381,42.52825],[-83.22397,42.52824],[-83.22381,42.52825],[-83.22374,42.52662],[-83.22391,42.52661],[-83.22374,42.52662],[-83.22363,42.52433],[-83.2238,42.52433],[-83.22363,42.52433],[-83.22351,42.52152],[-83.22365,42.52151],[-83.22351,42.52152],[-83.22343,42.5197],[-83.22355,42.51967],[-83.22359,42.51976],[-83.22355,42.51967],[-83.22343,42.5197],[-83.22328,42.51652],[-83.22343,42.51651],[-83.22328,42.51652],[-83.22308,42.51241],[-83.22324,42.51244],[-83.22308,42.51241],[-83.22302,42.51145],[-83.22295,42.50984],[-83.22308,42.50984],[-83.22295,42.50984],[-83.22283,42.50752],[-83.22297,42.50752],[-83.22283,42.50752],[-83.22272,42.50528],[-83.22286,42.50527],[-83.22272,42.50528],[-83.22266,42.50441],[-83.22253,42.50134],[-83.22261,42.50133],[-83.22253,42.50134],[-83.22237,42.49814],[-83.22245,42.49814],[-83.22237,42.49814],[-83.22219,42.4944],[-83.22229,42.4944],[-83.22219,42.4944],[-83.222,42.49053],[-83.2221,42.49053],[-83.222,42.49053],[-83.22178,42.48593],[-83.22178,42.48584],[-83.22191,42.48584],[-83.22178,42.48584],[-83.22158,42.48195],[-83.22168,42.48194],[-83.22158,42.48195],[-83.22149,42.48004],[-83.22162,42.48006],[-83.22149,42.48004],[-83.22141,42.47843],[-83.22151,42.47843],[-83.22141,42.47843],[-83.22132,42.4767],[-83.22143,42.4767],[-83.22132,42.4767],[-83.22122,42.47477],[-83.22138,42.47476],[-83.22122,42.47477],[-83.22112,42.47279],[-83.22127,42.47278],[-83.22112,42.47279],[-83.22099,42.47015],[-83.22097,42.46955],[-83.22115,42.46955],[-83.22097,42.46955],[-83.22083,42.46667],[-83.22097,42.46666],[-83.22083,42.46667],[-83.22068,42.46373],[-83.22076,42.46347],[-83.22074,42.46205],[-83.22135,42.4594],[-83.22135,42.45864],[-83.22118,42.45792],[-83.2209,42.45743],[-83.22054,42.45707],[-83.21994,42.45676],[-83.21814,42.45612],[-83.21734,42.45573],[-83.21109,42.45148],[-83.21069,42.45106],[-83.209,42.44976],[-83.20658,42.44727],[-83.20565,42.44644],[-83.20398,42.44717],[-83.20328,42.44759],[-83.20299,42.44767]]]}},{"type":"Feature","properties":{"agency":"smart","agency_label":"SMART","route":"430","name":"Main St-Big Beaver","route_type":3},"geometry":{"type":"MultiLineString","coordinates":[[[-83.14747,42.48853],[-83.14682,42.48778],[-83.14658,42.48772],[-83.14664,42.48976],[-83.1443,42.48983],[-83.14432,42.49021],[-83.1442,42.49021],[-83.14432,42.49021],[-83.14441,42.49204],[-83.14428,42.49204],[-83.14441,42.49204],[-83.14451,42.49444],[-83.14441,42.49444],[-83.14451,42.49444],[-83.14458,42.49603],[-83.14375,42.49604],[-83.14375,42.49618],[-83.14444,42.49623],[-83.14375,42.49618],[-83.14375,42.49604],[-83.14458,42.49603],[-83.14475,42.49908],[-83.14476,42.49967],[-83.14466,42.49967],[-83.14476,42.49967],[-83.14489,42.50309],[-83.14482,42.50309],[-83.14489,42.50309],[-83.14493,42.50425],[-83.14491,42.50506],[-83.14485,42.50506],[-83.14491,42.50506],[-83.145,42.50592],[-83.14508,42.508],[-83.14501,42.508],[-83.14508,42.508],[-83.14509,42.50818],[-83.14518,42.51118],[-83.14511,42.51121],[-83.14518,42.51121],[-83.1452,42.51144],[-83.14534,42.51491],[-83.14525,42.51492],[-83.14534,42.51491],[-83.14544,42.51747],[-83.14534,42.51747],[-83.14544,42.51747],[-83.1455,42.51907],[-83.1624,42.51845],[-83.16253,42.51845],[-83.16254,42.51864],[-83.16253,42.51845],[-83.16486,42.51837],[-83.16498,42.52196],[-83.16492,42.52193],[-83.16499,42.52207],[-83.16541,42.53122],[-83.16564,42.53246],[-83.16582,42.53299],[-83.16006,42.53317],[-83.16,42.5331],[-83.16,42.53317],[-83.15684,42.53324],[-83.15616,42.53325],[-83.15615,42.53317],[-83.15616,42.53325],[-83.15361,42.53331],[-83.15358,42.53323],[-83.15358,42.53331],[-83.14999,42.53339],[-83.14999,42.53328],[-83.14999,42.53339],[-83.14625,42.53347],[-83.14639,42.53476],[-83.14628,42.53474],[-83.14639,42.53476],[-83.1464,42.53488],[-83.1465,42.53691],[-83.14639,42.53692],[-83.1465,42.53691],[-83.14651,42.537],[-83.14673,42.54175],[-83.14677,42.54276],[-83.14666,42.54277],[-83.14677,42.54276],[-83.14684,42.54455],[-83.14674,42.54455],[-83.14684,42.54455],[-83.14697,42.54776],[-83.14685,42.54771],[-83.14698,42.54784],[-83.14715,42.55106],[-83.14703,42.55106],[-83.14715,42.55106],[-83.14722,42.5525],[-83.14724,42.55312],[-83.14711,42.55312],[-83.14724,42.55312],[-83.14735,42.55556],[-83.14723,42.55553],[-83.14736,42.5556],[-83.14746,42.55776],[-83.14735,42.5577],[-83.14746,42.55776],[-83.14756,42.55979],[-83.14761,42.56114],[-83.14746,42.56115],[-83.14761,42.56114],[-83.14768,42.56229],[-83.14544,42.56236],[-83.14537,42.56256],[-83.14546,42.56262],[-83.14872,42.56254],[-83.14873,42.56262],[-83.14872,42.56254],[-83.1516,42.56246],[-83.15161,42.56254],[-83.1516,42.56246],[-83.15558,42.56236],[-83.15724,42.56203],[-83.15903,42.56197],[-83.15936,42.56198],[-83.16049,42.56225],[-83.16342,42.5621],[-83.16345,42.5622],[-83.16342,42.5621],[-83.16729,42.562],[-83.16732,42.56267],[-83.16717,42.56267],[-83.16732,42.56267],[-83.16733,42.56282],[-83.16741,42.56464],[-83.16726,42.56464],[-83.16741,42.56464],[-83.16767,42.57053],[-83.16768,42.57145],[-83.16755,42.57146],[-83.16768,42.57145],[-83.16802,42.57777],[-83.16803,42.57817],[-83.1679,42.57818],[-83.16803,42.57817],[-83.16824,42.58261],[-83.16818,42.5827],[-83.16835,42.58747],[-83.16835,42.5876],[-83.16828,42.5876],[-83.16836,42.58761],[-83.16856,42.59192],[-83.16847,42.59191],[-83.16856,42.59192],[-83.16875,42.59669],[-83.16861,42.59666],[-83.16875,42.59669],[-83.16885,42.59909],[-83.16878,42.59905],[-83.16885,42.59909],[-83.16895,42.60106],[-83.16897,42.60233],[-83.16891,42.60233],[-83.16897,42.60233],[-83.16912,42.60704],[-83.16966,42.61748],[-83.16966,42.61759],[-83.16959,42.61757],[-83.16966,42.61759],[-83.16971,42.61852],[-83.17005,42.62624],[-83.17031,42.63506],[-83.17042,42.63672],[-83.17064,42.63672],[-83.17054,42.63505],[-83.17662,42.63488],[-83.17675,42.63488],[-83.17675,42.63496],[-83.17675,42.63488],[-83.18468,42.63466],[-83.18492,42.63471],[-83.18541,42.63464],[-83.19391,42.63445],[-83.19391,42.63451],[-83.19391,42.63445],[-83.19976,42.63435],[-83.20751,42.63408],[-83.20752,42.63422],[-83.20751,42.63408],[-83.20988,42.63402],[-83.21005,42.63776],[-83.21001,42.63816],[-83.20975,42.6388],[-83.20919,42.6394],[-83.2091,42.63946],[-83.20897,42.63936],[-83.2091,42.63946],[-83.20895,42.63956],[-83.20815,42.63991],[-83.20736,42.64006],[-83.20677,42.64007],[-83.20403,42.63982],[-83.20245,42.63991],[-83.20103,42.64032],[-83.1966,42.64198],[-83.19669,42.64218],[-83.19926,42.64121],[-83.19969,42.64191],[-83.20041,42.64285],[-83.20154,42.64348],[-83.20195,42.64354],[-83.20281,42.64337],[-83.20286,42.64344],[-83.20283,42.64337],[-83.20395,42.64309]],[[-83.14747,42.48853],[-83.14682,42.48778],[-83.14658,42.48772],[-83.14664,42.48976],[-83.1443,42.48983],[-83.14432,42.49021],[-83.1442,42.49021],[-83.14432,42.49021],[-83.14441,42.49204],[-83.14428,42.49204],[-83.14441,42.49204],[-83.14451,42.49444],[-83.14441,42.49444],[-83.14451,42.49444],[-83.14458,42.49603],[-83.14375,42.49604],[-83.14375,42.49618],[-83.14444,42.49623],[-83.14375,42.49618],[-83.14375,42.49604],[-83.14458,42.49603],[-83.14475,42.49908],[-83.14476,42.49967],[-83.14466,42.49967],[-83.14476,42.49967],[-83.14489,42.50309],[-83.14482,42.50309],[-83.14489,42.50309],[-83.14493,42.50425],[-83.14491,42.50506],[-83.14485,42.50506],[-83.14491,42.50506],[-83.145,42.50592],[-83.14508,42.508],[-83.14501,42.508],[-83.14508,42.508],[-83.14509,42.50818],[-83.14518,42.51118],[-83.14511,42.51121],[-83.14518,42.51121],[-83.1452,42.51144],[-83.14534,42.51491],[-83.14525,42.51492],[-83.14534,42.51491],[-83.14544,42.51747],[-83.14534,42.51747],[-83.14544,42.51747],[-83.14554,42.51984],[-83.14554,42.51995],[-83.14542,42.51996],[-83.14542,42.51991],[-83.14554,42.51995],[-83.14559,42.52077],[-83.14564,42.52192],[-83.14555,42.52192],[-83.14564,42.52192],[-83.14579,42.52488],[-83.14571,42.52488],[-83.14579,42.52488],[-83.14589,42.52693],[-83.1458,42.52693],[-83.14589,42.52693],[-83.146,42.5292],[-83.14601,42.52956],[-83.1459,42.52956],[-83.14601,42.52956],[-83.1461,42.53128],[-83.1461,42.53137],[-83.14601,42.53138],[-83.1461,42.53137],[-83.14611,42.53144],[-83.14639,42.53476],[-83.14628,42.53474],[-83.14639,42.53476],[-83.14649,42.53648],[-83.1465,42.53691],[-83.14639,42.53692],[-83.1465,42.53691],[-83.14651,42.537],[-83.14677,42.54276],[-83.14666,42.54277],[-83.14677,42.54276],[-83.14684,42.54455],[-83.14674,42.54455],[-83.14684,42.54455],[-83.14697,42.54776],[-83.14685,42.54771],[-83.14698,42.54784],[-83.14715,42.55106],[-83.14703,42.55106],[-83.14715,42.55106],[-83.14724,42.55312],[-83.14711,42.55312],[-83.14724,42.55312],[-83.14735,42.55556],[-83.14723,42.55553],[-83.14736,42.5556],[-83.14746,42.55776],[-83.14735,42.5577],[-83.14746,42.55776],[-83.14756,42.55979],[-83.14761,42.56114],[-83.14746,42.56115],[-83.14761,42.56114],[-83.14768,42.56229],[-83.14155,42.56247],[-83.14148,42.56265],[-83.14153,42.56273],[-83.14179,42.56273],[-83.14872,42.56254],[-83.14873,42.56262],[-83.14872,42.56254],[-83.15103,42.56247],[-83.1516,42.56246],[-83.15161,42.56254],[-83.1516,42.56246],[-83.15558,42.56236],[-83.15724,42.56203],[-83.15903,42.56197],[-83.15936,42.56198],[-83.16049,42.56225],[-83.16342,42.5621],[-83.16345,42.5622],[-83.16342,42.5621],[-83.16729,42.562],[-83.16732,42.56267],[-83.16717,42.56267],[-83.16732,42.56267],[-83.16733,42.56282],[-83.16741,42.56464],[-83.16726,42.56464],[-83.16741,42.56464],[-83.16767,42.57053],[-83.16768,42.57145],[-83.16755,42.57146],[-83.16768,42.57145],[-83.16802,42.57777],[-83.16803,42.57817],[-83.1679,42.57818],[-83.16803,42.57817],[-83.16824,42.58261],[-83.16818,42.5827],[-83.16835,42.58747],[-83.16835,42.5876],[-83.16828,42.5876],[-83.16836,42.58761],[-83.16856,42.59192],[-83.16847,42.59191],[-83.16856,42.59192],[-83.16875,42.59669],[-83.16861,42.59666],[-83.16875,42.59669],[-83.16885,42.59909],[-83.16878,42.59905],[-83.16885,42.59909],[-83.16895,42.60106],[-83.16897,42.60233],[-83.16891,42.60233],[-83.16897,42.60233],[-83.16912,42.60704],[-83.16966,42.61748],[-83.16966,42.61759],[-83.16959,42.61757],[-83.16966,42.61759],[-83.16971,42.61852],[-83.17005,42.62624],[-83.17031,42.63506],[-83.17042,42.63672],[-83.17064,42.63672],[-83.17054,42.63505],[-83.17662,42.63488],[-83.17675,42.63488],[-83.17675,42.63496],[-83.17675,42.63488],[-83.18468,42.63466],[-83.18492,42.63471],[-83.18541,42.63464],[-83.19391,42.63445],[-83.19391,42.63451],[-83.19391,42.63445],[-83.19976,42.63435],[-83.20751,42.63408],[-83.20752,42.63422],[-83.20751,42.63408],[-83.20988,42.63402],[-83.21005,42.63776],[-83.21001,42.63816],[-83.20975,42.6388],[-83.20919,42.6394],[-83.2091,42.63946],[-83.20897,42.63936],[-83.2091,42.63946],[-83.20895,42.63956],[-83.20815,42.63991],[-83.20736,42.64006],[-83.20677,42.64007],[-83.20403,42.63982],[-83.20245,42.63991],[-83.20103,42.64032],[-83.1966,42.64198],[-83.19669,42.64218],[-83.19926,42.64121],[-83.19969,42.64191],[-83.20041,42.64285],[-83.20154,42.64348],[-83.20195,42.64354],[-83.20281,42.64337],[-83.20286,42.64344],[-83.20283,42.64337],[-83.20395,42.64309]],[[-83.19969,42.64191],[-83.20041,42.64285],[-83.20129,42.64337],[-83.20177,42.64354],[-83.20281,42.64337],[-83.20286,42.64344],[-83.20283,42.64337],[-83.20395,42.64309],[-83.2044,42.64266],[-83.20449,42.64225],[-83.20437,42.64166],[-83.20474,42.63987],[-83.20677,42.64007],[-83.20762,42.64003],[-83.20853,42.63978],[-83.20942,42.6392],[-83.20955,42.63926],[-83.20942,42.6392],[-83.20984,42.63867],[-83.21005,42.63781],[-83.20988,42.63402],[-83.20622,42.63412],[-83.20622,42.63406],[-83.20622,42.63412],[-83.20158,42.63426],[-83.20152,42.6342],[-83.20152,42.63426],[-83.19633,42.63441],[-83.1852,42.63461],[-83.17054,42.63505],[-83.17037,42.62922],[-83.17037,42.62914],[-83.17044,42.62914],[-83.17037,42.62914],[-83.17007,42.62155],[-83.17015,42.62154],[-83.17007,42.62155],[-83.16986,42.61759],[-83.16986,42.61742],[-83.16996,42.61741],[-83.16986,42.61742],[-83.16967,42.61362],[-83.16975,42.61362],[-83.16967,42.61362],[-83.16966,42.61352],[-83.16948,42.61008],[-83.16941,42.60698],[-83.16951,42.60698],[-83.1694,42.60693],[-83.16922,42.60141],[-83.16928,42.60139],[-83.16922,42.60139],[-83.16921,42.60118],[-83.16877,42.59037],[-83.16882,42.59037],[-83.16877,42.59037],[-83.16859,42.58655],[-83.16831,42.58278],[-83.16824,42.58261],[-83.16794,42.57607],[-83.16803,42.57607],[-83.16794,42.57607],[-83.1677,42.57227],[-83.16782,42.57227],[-83.1677,42.57227],[-83.16736,42.56357],[-83.16747,42.56356],[-83.16736,42.56357],[-83.16729,42.562],[-83.16986,42.5619],[-83.16985,42.56163],[-83.16063,42.56191],[-83.15917,42.56226],[-83.15723,42.56229],[-83.15573,42.56201],[-83.15452,42.56219],[-83.15353,42.56221],[-83.15354,42.56213],[-83.15353,42.56221],[-83.15129,42.56221],[-83.15129,42.56213],[-83.15129,42.56221],[-83.14768,42.56229],[-83.14764,42.5618],[-83.14777,42.5618],[-83.14764,42.5618],[-83.14757,42.56071],[-83.14738,42.55619],[-83.14738,42.5561],[-83.14749,42.5561],[-83.14738,42.5561],[-83.14725,42.55335],[-83.14725,42.55317],[-83.14736,42.55317],[-83.14725,42.55317],[-83.14714,42.55079],[-83.14727,42.55082],[-83.14714,42.55079],[-83.14699,42.54833],[-83.14697,42.54776],[-83.14709,42.5478],[-83.14697,42.54776],[-83.14693,42.54658],[-83.14704,42.54662],[-83.14693,42.54658],[-83.14687,42.54552],[-83.14682,42.54406],[-83.14687,42.54408],[-83.14675,42.54246],[-83.14675,42.5423],[-83.14682,42.5423],[-83.14675,42.5423],[-83.14651,42.5372],[-83.14651,42.53708],[-83.14657,42.53708],[-83.1465,42.53698],[-83.14641,42.53504],[-83.14649,42.53504],[-83.14641,42.53504],[-83.14614,42.53223],[-83.14598,42.52899],[-83.14597,42.52852],[-83.14603,42.52852],[-83.14597,42.52852],[-83.14595,42.52821],[-83.14585,42.52611],[-83.1459,42.52611],[-83.14581,42.52545],[-83.1458,42.52426],[-83.14564,42.52201],[-83.14569,42.52201],[-83.14564,42.52201],[-83.14549,42.51892],[-83.14548,42.51849],[-83.14555,42.51849],[-83.14548,42.51849],[-83.14547,42.51838],[-83.14542,42.51706],[-83.14549,42.51705],[-83.14542,42.51706],[-83.14518,42.51118],[-83.14499,42.50434],[-83.14492,42.5042],[-83.14492,42.50401],[-83.14498,42.50401],[-83.14492,42.50401],[-83.14486,42.50231],[-83.14491,42.50231],[-83.14486,42.50231],[-83.14471,42.49852],[-83.14477,42.49852],[-83.14471,42.49852],[-83.14467,42.49816],[-83.14459,42.49648],[-83.14459,42.49623],[-83.14465,42.49622],[-83.14458,42.49617],[-83.14449,42.49414],[-83.14455,42.49414],[-83.14449,42.49414],[-83.14444,42.49171],[-83.1443,42.48983],[-83.14853,42.48972],[-83.14845,42.48956],[-83.14804,42.48921],[-83.1479,42.4888],[-83.14763,42.48874],[-83.14747,42.48853]],[[-83.19969,42.64191],[-83.20041,42.64285],[-83.20129,42.64337],[-83.20177,42.64354],[-83.20281,42.64337],[-83.20286,42.64344],[-83.20283,42.64337],[-83.20395,42.64309],[-83.2044,42.64266],[-83.20449,42.64225],[-83.20437,42.64166],[-83.20474,42.63987],[-83.20677,42.64007],[-83.20762,42.64003],[-83.20853,42.63978],[-83.20942,42.6392],[-83.20955,42.63926],[-83.20942,42.6392],[-83.20984,42.63867],[-83.21005,42.63781],[-83.20988,42.63402],[-83.20622,42.63412],[-83.20622,42.63406],[-83.20622,42.63412],[-83.20158,42.63426],[-83.20152,42.6342],[-83.20152,42.63426],[-83.19633,42.63441],[-83.1852,42.63461],[-83.17054,42.63505],[-83.17037,42.62922],[-83.17037,42.62914],[-83.17044,42.62914],[-83.17037,42.62914],[-83.17007,42.62155],[-83.17015,42.62154],[-83.17007,42.62155],[-83.16986,42.61759],[-83.16986,42.61742],[-83.16996,42.61741],[-83.16986,42.61742],[-83.16967,42.61362],[-83.16975,42.61362],[-83.16967,42.61362],[-83.16966,42.61352],[-83.16948,42.61008],[-83.16941,42.60698],[-83.16951,42.60698],[-83.1694,42.60693],[-83.16922,42.60141],[-83.16928,42.60139],[-83.16922,42.60139],[-83.16921,42.60118],[-83.16877,42.59037],[-83.16882,42.59037],[-83.16877,42.59037],[-83.16859,42.58655],[-83.16831,42.58278],[-83.16824,42.58261],[-83.16794,42.57607],[-83.16803,42.57607],[-83.16794,42.57607],[-83.1677,42.57227],[-83.16782,42.57227],[-83.1677,42.57227],[-83.16736,42.56357],[-83.16747,42.56356],[-83.16736,42.56357],[-83.16729,42.562],[-83.16986,42.5619],[-83.16985,42.56163],[-83.16063,42.56191],[-83.15917,42.56226],[-83.15723,42.56229],[-83.15573,42.56201],[-83.15452,42.56219],[-83.15353,42.56221],[-83.15354,42.56213],[-83.15353,42.56221],[-83.15129,42.56221],[-83.15129,42.56213],[-83.15129,42.56221],[-83.14768,42.56229],[-83.14764,42.5618],[-83.14777,42.5618],[-83.14764,42.5618],[-83.14757,42.56071],[-83.14738,42.55619],[-83.14738,42.5561],[-83.14749,42.5561],[-83.14738,42.5561],[-83.14725,42.55335],[-83.14725,42.55317],[-83.14736,42.55317],[-83.14725,42.55317],[-83.14714,42.55079],[-83.14727,42.55082],[-83.14714,42.55079],[-83.14699,42.54833],[-83.14697,42.54776],[-83.14709,42.5478],[-83.14697,42.54776],[-83.14693,42.54658],[-83.14704,42.54662],[-83.14693,42.54658],[-83.14687,42.54552],[-83.14682,42.54406],[-83.14687,42.54408],[-83.14675,42.54246],[-83.14675,42.5423],[-83.14682,42.5423],[-83.14675,42.5423],[-83.14651,42.5372],[-83.14651,42.53708],[-83.14657,42.53708],[-83.1465,42.53698],[-83.14641,42.53504],[-83.14649,42.53504],[-83.14641,42.53504],[-83.14625,42.53347],[-83.14686,42.53345],[-83.14682,42.53351],[-83.14686,42.53345],[-83.15007,42.53338],[-83.15025,42.53338],[-83.15026,42.53345],[-83.15025,42.53338],[-83.15053,42.53337],[-83.15286,42.53332],[-83.15286,42.53339],[-83.15286,42.53332],[-83.1565,42.53324],[-83.15664,42.53324],[-83.15664,42.53332],[-83.15664,42.53324],[-83.16026,42.53316],[-83.1605,42.53316],[-83.16051,42.53324],[-83.1605,42.53316],[-83.16065,42.53315],[-83.16582,42.53299],[-83.16564,42.53246],[-83.16541,42.53122],[-83.16499,42.52221],[-83.16499,42.52211],[-83.16512,42.5221],[-83.16499,42.52211],[-83.16498,42.52205],[-83.16486,42.51837],[-83.1455,42.51907],[-83.14548,42.51849],[-83.14555,42.51849],[-83.14548,42.51849],[-83.14547,42.51838],[-83.14542,42.51706],[-83.14549,42.51705],[-83.14542,42.51706],[-83.14518,42.51118],[-83.14499,42.50434],[-83.14492,42.5042],[-83.14492,42.50401],[-83.14498,42.50401],[-83.14492,42.50401],[-83.14486,42.50231],[-83.14491,42.50231],[-83.14486,42.50231],[-83.14471,42.49852],[-83.14477,42.49852],[-83.14471,42.49852],[-83.14467,42.49816],[-83.14459,42.49648],[-83.14459,42.49623],[-83.14465,42.49622],[-83.14458,42.49617],[-83.14449,42.49414],[-83.14455,42.49414],[-83.14449,42.49414],[-83.14444,42.49171],[-83.1443,42.48983],[-83.14853,42.48972],[-83.14845,42.48956],[-83.14804,42.48921],[-83.1479,42.4888],[-83.14763,42.48874],[-83.14747,42.48853]]]}},{"type":"Feature","properties":{"agency":"smart","agency_label":"SMART","route":"450","name":"Woodward Local","route_type":3},"geometry":{"type":"MultiLineString","coordinates":[[[-83.11684,42.44427],[-83.11688,42.44525],[-83.11715,42.44524],[-83.11736,42.44535],[-83.11745,42.44662],[-83.11645,42.44664],[-83.11635,42.44694],[-83.12486,42.4468],[-83.12733,42.45025],[-83.12724,42.4503],[-83.12734,42.45026],[-83.13032,42.4547],[-83.13024,42.45473],[-83.13032,42.4547],[-83.1304,42.4548],[-83.13286,42.45843],[-83.13293,42.45855],[-83.13285,42.45858],[-83.13293,42.45855],[-83.13301,42.45865],[-83.13387,42.45986],[-83.1346,42.46092],[-83.1345,42.46094],[-83.1346,42.46092],[-83.13835,42.46641],[-83.13824,42.46645],[-83.13839,42.46646],[-83.14003,42.46887],[-83.13984,42.46887],[-83.14003,42.46887],[-83.14014,42.46901],[-83.14134,42.47074],[-83.14119,42.47079],[-83.14134,42.47074],[-83.14143,42.47087],[-83.14141,42.471],[-83.1425,42.47242],[-83.14242,42.47246],[-83.14254,42.47246],[-83.1446,42.47469],[-83.14447,42.47472],[-83.1446,42.47469],[-83.14495,42.47505],[-83.14912,42.47945],[-83.14905,42.47949],[-83.14912,42.47945],[-83.15047,42.48078],[-83.15093,42.48128],[-83.1508,42.48128],[-83.15093,42.48128],[-83.15104,42.48139],[-83.15275,42.48321],[-83.15267,42.48325],[-83.15275,42.48321],[-83.15415,42.48471],[-83.15407,42.48475],[-83.15415,42.48471],[-83.1558,42.48645],[-83.15571,42.4865],[-83.15582,42.48647],[-83.15743,42.48824],[-83.15736,42.48827],[-83.15753,42.48829],[-83.15937,42.49027],[-83.15932,42.4903],[-83.15937,42.49027],[-83.16142,42.4924],[-83.16135,42.49244],[-83.16142,42.4924],[-83.16356,42.49463],[-83.16348,42.49469],[-83.16357,42.49464],[-83.16571,42.49687],[-83.16563,42.49691],[-83.16571,42.49687],[-83.16761,42.49884],[-83.1675,42.49886],[-83.16761,42.49884],[-83.16902,42.50032],[-83.16893,42.50037],[-83.16902,42.50032],[-83.1705,42.50183],[-83.17237,42.50377],[-83.17232,42.50385],[-83.1724,42.50381],[-83.17314,42.50455],[-83.17504,42.50651],[-83.17495,42.50656],[-83.17504,42.50651],[-83.17924,42.51085],[-83.17915,42.5109],[-83.17924,42.51085],[-83.1802,42.51181],[-83.18117,42.51285],[-83.18111,42.51288],[-83.18117,42.51285],[-83.18307,42.5148],[-83.18296,42.51483],[-83.18307,42.5148],[-83.1852,42.51702],[-83.1851,42.51708],[-83.1852,42.51702],[-83.18543,42.51724],[-83.18639,42.51825],[-83.18632,42.51829],[-83.18639,42.51825],[-83.19005,42.52205],[-83.18988,42.52206],[-83.18988,42.52201],[-83.18988,42.52206],[-83.19005,42.52205],[-83.19025,42.52225],[-83.19161,42.52367],[-83.19153,42.52371],[-83.19161,42.52367],[-83.19322,42.52533],[-83.19314,42.52538],[-83.19322,42.52533],[-83.19599,42.52821],[-83.19592,42.52824],[-83.19599,42.52821],[-83.19789,42.53017],[-83.19843,42.53074],[-83.19837,42.53079],[-83.19844,42.53076],[-83.19991,42.53227],[-83.19996,42.53233],[-83.19988,42.53238],[-83.19996,42.53233],[-83.20014,42.53251],[-83.20174,42.53417],[-83.20166,42.53421],[-83.20174,42.53417],[-83.20328,42.53579],[-83.20322,42.53583],[-83.20328,42.53579],[-83.20485,42.53743],[-83.20479,42.53746],[-83.20485,42.53743],[-83.20575,42.53833],[-83.20681,42.53957],[-83.20674,42.53962],[-83.20682,42.53958],[-83.20868,42.54212],[-83.20878,42.5431],[-83.20966,42.54309],[-83.21014,42.5429],[-83.21022,42.54299],[-83.21014,42.5429],[-83.21041,42.54276],[-83.21195,42.54431],[-83.21185,42.54437],[-83.21195,42.54431],[-83.21328,42.54566],[-83.21321,42.5457],[-83.21328,42.54566],[-83.21338,42.54575],[-83.21511,42.54759],[-83.21561,42.54816],[-83.21549,42.54823],[-83.21562,42.54818],[-83.21744,42.55047],[-83.21764,42.55081],[-83.21757,42.55085],[-83.21764,42.55081],[-83.21799,42.55131],[-83.21811,42.55136],[-83.21946,42.55327],[-83.21947,42.55347],[-83.2193,42.55338],[-83.21947,42.55347],[-83.21871,42.55421],[-83.2201,42.55516],[-83.22133,42.55637],[-83.22273,42.55831],[-83.22259,42.55837],[-83.22273,42.55831],[-83.22439,42.56068],[-83.22423,42.56071],[-83.22439,42.56068],[-83.22558,42.56239],[-83.22547,42.56243],[-83.22558,42.56239],[-83.22674,42.56403],[-83.22781,42.56537],[-83.23717,42.57535],[-83.24355,42.58209],[-83.24385,42.58232],[-83.24568,42.58435],[-83.24558,42.58438],[-83.24568,42.58435],[-83.24618,42.58496],[-83.24809,42.58771],[-83.24933,42.58913],[-83.25077,42.59044],[-83.25328,42.59236],[-83.25432,42.59328],[-83.25753,42.59669],[-83.2574,42.59676],[-83.25753,42.59669],[-83.2594,42.59871],[-83.25928,42.59878],[-83.2594,42.59871],[-83.26186,42.60133],[-83.26162,42.60133],[-83.26186,42.60133],[-83.26196,42.60143],[-83.26302,42.60257],[-83.2629,42.60263],[-83.26302,42.60257],[-83.2648,42.60446],[-83.26466,42.60453],[-83.2648,42.60446],[-83.26506,42.60473],[-83.2687,42.60861],[-83.2686,42.60866],[-83.2687,42.60861],[-83.26887,42.60878],[-83.27298,42.61309],[-83.27285,42.61315],[-83.27298,42.61309],[-83.27476,42.61497],[-83.27463,42.61505],[-83.27476,42.61497],[-83.27494,42.61515],[-83.27596,42.61624],[-83.27583,42.6163],[-83.27596,42.61624],[-83.27851,42.619],[-83.27956,42.62002],[-83.27987,42.62035],[-83.27978,42.62039],[-83.27987,42.62035],[-83.28138,42.62197],[-83.28129,42.62201],[-83.28138,42.62197],[-83.28463,42.62547],[-83.28452,42.62553],[-83.28463,42.62547],[-83.28626,42.62717],[-83.28726,42.62807],[-83.28728,42.62818],[-83.28711,42.6282],[-83.28728,42.62818],[-83.28833,42.62919],[-83.28856,42.62973],[-83.28864,42.63129],[-83.28857,42.63129],[-83.28864,42.63129],[-83.2887,42.63257],[-83.2884,42.63594],[-83.28847,42.63714],[-83.2888,42.63732],[-83.29193,42.6367],[-83.29159,42.63574],[-83.29088,42.63586]],[[-83.29088,42.63586],[-83.29025,42.636],[-83.29066,42.63721],[-83.2906,42.63722],[-83.29127,42.63906],[-83.29583,42.63828],[-83.2959,42.63817],[-83.29405,42.63556],[-83.29051,42.63128],[-83.28851,42.62916],[-83.28614,42.62683],[-83.28215,42.62257],[-83.2756,42.61547],[-83.27572,42.61541],[-83.2756,42.61547],[-83.27066,42.61029],[-83.2667,42.60594],[-83.26469,42.60398],[-83.26412,42.60328],[-83.26078,42.59982],[-83.2547,42.5933],[-83.25341,42.59214],[-83.25059,42.58994],[-83.24939,42.5888],[-83.24811,42.58727],[-83.24639,42.58476],[-83.24529,42.58352],[-83.24541,42.58347],[-83.24529,42.58352],[-83.24465,42.58285],[-83.22816,42.56534],[-83.22672,42.5635],[-83.21982,42.55367],[-83.21912,42.55288],[-83.21819,42.55152],[-83.21779,42.55077],[-83.21757,42.55064],[-83.21751,42.55045],[-83.21454,42.5469],[-83.21169,42.54389],[-83.21041,42.5427],[-83.20969,42.54306],[-83.20768,42.54023],[-83.20649,42.53873],[-83.20657,42.53869],[-83.20648,42.53872],[-83.20439,42.53655],[-83.20445,42.53652],[-83.20439,42.53655],[-83.2043,42.53646],[-83.19812,42.53003],[-83.19816,42.52999],[-83.19812,42.53003],[-83.19471,42.52648],[-83.19478,42.52644],[-83.19471,42.52648],[-83.19458,42.52635],[-83.19161,42.52326],[-83.19168,42.52323],[-83.19161,42.52326],[-83.19039,42.52202],[-83.1886,42.52014],[-83.18869,42.5201],[-83.18597,42.51726],[-83.18405,42.5153],[-83.18313,42.51448],[-83.182,42.51329],[-83.18206,42.51326],[-83.182,42.51329],[-83.18181,42.5131],[-83.17514,42.50624],[-83.17519,42.50621],[-83.17514,42.50624],[-83.17311,42.50416],[-83.16927,42.50019],[-83.16934,42.50015],[-83.16927,42.50019],[-83.16764,42.49847],[-83.16769,42.49844],[-83.16764,42.49847],[-83.16556,42.49626],[-83.16445,42.49519],[-83.16421,42.49493],[-83.16427,42.4949],[-83.16421,42.49493],[-83.16351,42.49421],[-83.16179,42.4924],[-83.16184,42.49238],[-83.16179,42.4924],[-83.16066,42.49125],[-83.1425,42.47168],[-83.14182,42.47086],[-83.14136,42.47018],[-83.14143,42.47015],[-83.14136,42.47018],[-83.14009,42.46832],[-83.14018,42.46828],[-83.14009,42.46832],[-83.13529,42.46128],[-83.13538,42.46125],[-83.13529,42.46128],[-83.13493,42.46077],[-83.13289,42.45775],[-83.13294,42.45773],[-83.13289,42.45775],[-83.13258,42.45732],[-83.13108,42.45514],[-83.13024,42.45387],[-83.13034,42.45383],[-83.13024,42.45387],[-83.13012,42.4537],[-83.12757,42.44982],[-83.12751,42.44985],[-83.12728,42.44953],[-83.12522,42.44634],[-83.12126,42.44655],[-83.11607,42.44662],[-83.11606,42.44407],[-83.11682,42.44407],[-83.11684,42.44427]]]}},{"type":"Feature","properties":{"agency":"smart","agency_label":"SMART","route":"460","name":"Woodward Local","route_type":3},"geometry":{"type":"MultiLineString","coordinates":[[[-83.11684,42.44427],[-83.11688,42.44525],[-83.11715,42.44524],[-83.11736,42.44535],[-83.11745,42.44662],[-83.11645,42.44664],[-83.11635,42.44694],[-83.12486,42.4468],[-83.12733,42.45025],[-83.12724,42.4503],[-83.12733,42.45025],[-83.13032,42.4547],[-83.13024,42.45473],[-83.13032,42.4547],[-83.1304,42.4548],[-83.13118,42.45592],[-83.13286,42.45843],[-83.13293,42.45855],[-83.13285,42.45858],[-83.13293,42.45855],[-83.13301,42.45865],[-83.13387,42.45986],[-83.1346,42.46092],[-83.1345,42.46094],[-83.1346,42.46092],[-83.13835,42.46641],[-83.13824,42.46645],[-83.13839,42.46646],[-83.14003,42.46887],[-83.13984,42.46887],[-83.14003,42.46887],[-83.14134,42.47074],[-83.14119,42.47079],[-83.14134,42.47074],[-83.14143,42.47087],[-83.14141,42.471],[-83.1425,42.47242],[-83.14242,42.47246],[-83.14254,42.47246],[-83.1446,42.47469],[-83.14447,42.47472],[-83.14458,42.47466],[-83.14622,42.4764],[-83.14627,42.47662],[-83.14608,42.47688],[-83.14615,42.47696],[-83.14638,42.48184],[-83.14631,42.48184],[-83.14638,42.48184],[-83.14644,42.48312],[-83.14636,42.48312],[-83.14644,42.48312],[-83.14655,42.48553],[-83.14773,42.48551],[-83.14788,42.48851],[-83.14777,42.48852],[-83.14788,42.48851],[-83.14792,42.489],[-83.14804,42.48922],[-83.14854,42.48971],[-83.1492,42.4897],[-83.1492,42.48979],[-83.1492,42.4897],[-83.1527,42.48964],[-83.1527,42.48974],[-83.1527,42.48964],[-83.15446,42.48959],[-83.15447,42.48965],[-83.15446,42.48959],[-83.15479,42.48957],[-83.15862,42.48947],[-83.15938,42.49026],[-83.15932,42.4903],[-83.15937,42.49027],[-83.16142,42.4924],[-83.16135,42.49244],[-83.16142,42.4924],[-83.16356,42.49463],[-83.16348,42.49469],[-83.16357,42.49464],[-83.16571,42.49687],[-83.16563,42.49691],[-83.16571,42.49687],[-83.16762,42.49883],[-83.1675,42.49886],[-83.16761,42.49884],[-83.16902,42.50032],[-83.16893,42.50037],[-83.16902,42.50032],[-83.1705,42.50183],[-83.17237,42.50377],[-83.17232,42.50385],[-83.1724,42.50381],[-83.17314,42.50455],[-83.17504,42.50651],[-83.17495,42.50656],[-83.17504,42.50651],[-83.17924,42.51085],[-83.17915,42.5109],[-83.17924,42.51085],[-83.1802,42.51181],[-83.18117,42.51285],[-83.18111,42.51288],[-83.18117,42.51285],[-83.18308,42.51479],[-83.18298,42.51485],[-83.18307,42.5148],[-83.1852,42.51702],[-83.1851,42.51708],[-83.1852,42.51702],[-83.18543,42.51724],[-83.18639,42.51825],[-83.18632,42.51829],[-83.18639,42.51825],[-83.19005,42.52205],[-83.18988,42.52206],[-83.18988,42.52201],[-83.18988,42.52206],[-83.19005,42.52205],[-83.19025,42.52225],[-83.19161,42.52367],[-83.19153,42.52371],[-83.19161,42.52367],[-83.19322,42.52533],[-83.19314,42.52538],[-83.19322,42.52533],[-83.19599,42.52821],[-83.19592,42.52824],[-83.19599,42.52821],[-83.19789,42.53017],[-83.19843,42.53074],[-83.19837,42.53079],[-83.19844,42.53076],[-83.19991,42.53227],[-83.19996,42.53233],[-83.19988,42.53238],[-83.19996,42.53233],[-83.20014,42.53251],[-83.20174,42.53417],[-83.20166,42.53421],[-83.20174,42.53417],[-83.20328,42.53579],[-83.20322,42.53583],[-83.20328,42.53579],[-83.20485,42.53743],[-83.20479,42.53746],[-83.20485,42.53743],[-83.20575,42.53833],[-83.20681,42.53957],[-83.20674,42.53962],[-83.20682,42.53958],[-83.20868,42.54212],[-83.20878,42.5431],[-83.20966,42.54309],[-83.21014,42.5429],[-83.21022,42.54299],[-83.21014,42.5429],[-83.21041,42.54276],[-83.21195,42.54431],[-83.21185,42.54437],[-83.21195,42.54431],[-83.21328,42.54566],[-83.21321,42.5457],[-83.21328,42.54566],[-83.21352,42.54587],[-83.21533,42.54787],[-83.21492,42.54825],[-83.21279,42.54911],[-83.21268,42.54906],[-83.21143,42.54671],[-83.21054,42.54477],[-83.21022,42.5448],[-83.21116,42.54681],[-83.19545,42.54721],[-83.19333,42.54725],[-83.19333,42.54719],[-83.19333,42.54725],[-83.18614,42.54745],[-83.18653,42.55395],[-83.18646,42.55395],[-83.18653,42.55395],[-83.18654,42.55408],[-83.18669,42.55804],[-83.18323,42.55818],[-83.18221,42.55838],[-83.18224,42.55844],[-83.18221,42.55838],[-83.18101,42.55862],[-83.18118,42.55907],[-83.18114,42.55936],[-83.18281,42.55929]],[[-83.18281,42.55929],[-83.18328,42.55908],[-83.18319,42.5583],[-83.18689,42.55814],[-83.18687,42.5578],[-83.18695,42.5578],[-83.18687,42.5578],[-83.1867,42.55423],[-83.1867,42.55411],[-83.18683,42.5541],[-83.1867,42.55411],[-83.18655,42.55131],[-83.18655,42.55122],[-83.18667,42.55122],[-83.18655,42.55122],[-83.18641,42.54957],[-83.18653,42.54956],[-83.18641,42.54957],[-83.1864,42.5495],[-83.1863,42.54742],[-83.19973,42.5471],[-83.19974,42.54719],[-83.19973,42.5471],[-83.20296,42.54701],[-83.20296,42.54711],[-83.20296,42.54701],[-83.20682,42.54691],[-83.20674,42.54703],[-83.20682,42.54691],[-83.21036,42.54682],[-83.21037,42.54693],[-83.21036,42.54682],[-83.21169,42.54678],[-83.21221,42.5468],[-83.21261,42.54764],[-83.21439,42.5474],[-83.21481,42.54715],[-83.21169,42.54389],[-83.21041,42.5427],[-83.20969,42.54306],[-83.20768,42.54023],[-83.20649,42.53873],[-83.20657,42.53869],[-83.20648,42.53872],[-83.20439,42.53655],[-83.20445,42.53652],[-83.20439,42.53655],[-83.2043,42.53646],[-83.19812,42.53003],[-83.19816,42.52999],[-83.19812,42.53003],[-83.19471,42.52648],[-83.19478,42.52644],[-83.19471,42.52648],[-83.19458,42.52635],[-83.19161,42.52326],[-83.19168,42.52323],[-83.19161,42.52326],[-83.19039,42.52202],[-83.1886,42.52014],[-83.18869,42.5201],[-83.18597,42.51726],[-83.18405,42.5153],[-83.18313,42.51448],[-83.182,42.51329],[-83.18206,42.51326],[-83.182,42.51329],[-83.18181,42.5131],[-83.17514,42.50624],[-83.17519,42.50621],[-83.17514,42.50624],[-83.17079,42.50178],[-83.16927,42.50019],[-83.16934,42.50015],[-83.16927,42.50019],[-83.16764,42.49847],[-83.16769,42.49844],[-83.16764,42.49847],[-83.16556,42.49626],[-83.16445,42.49519],[-83.16421,42.49493],[-83.16427,42.4949],[-83.16421,42.49493],[-83.16379,42.4945],[-83.16179,42.4924],[-83.16184,42.49238],[-83.16179,42.4924],[-83.16066,42.49125],[-83.159,42.48946],[-83.15194,42.48965],[-83.15194,42.48958],[-83.15194,42.48965],[-83.15038,42.48969],[-83.14876,42.4897],[-83.14876,42.48964],[-83.14876,42.4897],[-83.14855,42.48971],[-83.14792,42.48906],[-83.14788,42.48878],[-83.14762,42.48874],[-83.14679,42.48776],[-83.14658,42.4877],[-83.14656,42.48712],[-83.14669,42.48701],[-83.14656,42.48701],[-83.14652,42.48535],[-83.14661,42.48535],[-83.14652,42.48535],[-83.14651,42.48528],[-83.14643,42.48314],[-83.14652,42.48314],[-83.14643,42.48314],[-83.14636,42.48159],[-83.14636,42.48149],[-83.14647,42.48148],[-83.14636,42.48149],[-83.14629,42.4799],[-83.14641,42.47989],[-83.14629,42.4799],[-83.14616,42.47766],[-83.14628,42.47766],[-83.14616,42.47766],[-83.14614,42.47728],[-83.14634,42.47678],[-83.14693,42.47647],[-83.14678,42.47631],[-83.14684,42.47628],[-83.14308,42.47233],[-83.14182,42.47086],[-83.14136,42.47018],[-83.14143,42.47015],[-83.14136,42.47018],[-83.14009,42.46832],[-83.14018,42.46828],[-83.14009,42.46832],[-83.13529,42.46128],[-83.13538,42.46125],[-83.13529,42.46128],[-83.13493,42.46077],[-83.13289,42.45775],[-83.13294,42.45773],[-83.13289,42.45775],[-83.13258,42.45732],[-83.13108,42.45514],[-83.13024,42.45387],[-83.13034,42.45383],[-83.13024,42.45387],[-83.13012,42.4537],[-83.1252,42.44632],[-83.12134,42.44654],[-83.11607,42.44662],[-83.11606,42.44407],[-83.11684,42.44407],[-83.11684,42.44427]]]}},{"type":"Feature","properties":{"agency":"smart","agency_label":"SMART","route":"461","name":"FAST Woodward","route_type":3},"geometry":{"type":"MultiLineString","coordinates":[[[-83.04026,42.33076],[-83.04021,42.3307],[-83.04416,42.329],[-83.04419,42.32911],[-83.04416,42.329],[-83.04491,42.32865],[-83.04514,42.32863],[-83.0467,42.32796],[-83.04674,42.32801],[-83.0467,42.32796],[-83.04808,42.32737],[-83.04897,42.32845],[-83.04944,42.32922],[-83.05069,42.33081],[-83.05073,42.33095],[-83.05067,42.33096],[-83.05073,42.33095],[-83.05086,42.33132],[-83.05078,42.33168],[-83.0508,42.33421],[-83.05074,42.33434],[-83.0508,42.33434],[-83.05084,42.33584],[-83.0502,42.33599],[-83.05063,42.33667],[-83.05047,42.33672],[-83.05063,42.33667],[-83.05078,42.33702],[-83.05258,42.33968],[-83.05273,42.33974],[-83.05296,42.34008],[-83.05295,42.34019],[-83.0547,42.34277],[-83.05497,42.34304],[-83.0548,42.3431],[-83.05497,42.34304],[-83.05782,42.34729],[-83.05818,42.34786],[-83.05813,42.34788],[-83.05835,42.34808],[-83.06117,42.35231],[-83.06231,42.35377],[-83.06276,42.35452],[-83.06304,42.35481],[-83.06393,42.35614],[-83.06464,42.3574],[-83.06447,42.35745],[-83.06464,42.3574],[-83.06865,42.36344],[-83.07032,42.36567],[-83.07205,42.36836],[-83.07201,42.36844],[-83.07221,42.36881],[-83.07439,42.37207],[-83.07534,42.37332],[-83.08636,42.3897],[-83.08617,42.3897],[-83.08636,42.3897],[-83.08648,42.38987],[-83.09271,42.39919],[-83.09845,42.4076],[-83.09831,42.40765],[-83.09845,42.4076],[-83.09853,42.40771],[-83.10152,42.41214],[-83.10466,42.41686],[-83.10464,42.41697],[-83.10495,42.41743],[-83.10488,42.41746],[-83.10495,42.41743],[-83.1074,42.42092],[-83.11527,42.43257],[-83.11511,42.43257],[-83.11527,42.43257],[-83.11607,42.4337],[-83.12126,42.4414],[-83.12072,42.44153],[-83.11621,42.44163],[-83.11599,42.44175],[-83.1161,42.44525],[-83.11692,42.44524],[-83.11702,42.4451],[-83.11734,42.44504],[-83.11736,42.44392],[-83.11733,42.44376],[-83.11718,42.44366],[-83.11605,42.44369],[-83.11607,42.44519],[-83.11614,42.44525],[-83.11724,42.44527],[-83.1174,42.44541],[-83.11742,42.44561],[-83.11742,42.44659],[-83.11723,42.4467],[-83.11648,42.44672],[-83.11635,42.44689],[-83.11656,42.44694],[-83.12486,42.4468],[-83.12662,42.44929],[-83.12673,42.44933],[-83.1346,42.46092],[-83.1345,42.46094],[-83.1346,42.46092],[-83.13488,42.46132],[-83.14143,42.47087],[-83.14141,42.471],[-83.14247,42.4724],[-83.14665,42.47683],[-83.1466,42.47686],[-83.14665,42.47683],[-83.1488,42.47913],[-83.15034,42.48065],[-83.15746,42.48822],[-83.15736,42.48827],[-83.15746,42.48822],[-83.15753,42.48829],[-83.16492,42.49608],[-83.17237,42.50377],[-83.17232,42.50385],[-83.1724,42.50381],[-83.17314,42.50455],[-83.1802,42.51181],[-83.18584,42.51766],[-83.18639,42.51825],[-83.18632,42.51829],[-83.18639,42.51825],[-83.18709,42.51897],[-83.19991,42.53227],[-83.19996,42.53233],[-83.19988,42.53238],[-83.19996,42.53233],[-83.20014,42.53251],[-83.20575,42.53833],[-83.20731,42.54023],[-83.20913,42.54278],[-83.20983,42.54394],[-83.21058,42.54554],[-83.21047,42.54557],[-83.21058,42.54554],[-83.21193,42.5484],[-83.21342,42.5505],[-83.21424,42.55138],[-83.21532,42.55225],[-83.21929,42.55456],[-83.22036,42.55539],[-83.22153,42.55664],[-83.22402,42.56014],[-83.21888,42.56029],[-83.21483,42.56052],[-83.209,42.56057],[-83.19761,42.5609],[-83.19544,42.56103],[-83.19527,42.56094],[-83.19439,42.56096],[-83.19431,42.55931],[-83.19422,42.55899],[-83.19386,42.55859],[-83.19334,42.55836],[-83.19302,42.5583],[-83.19123,42.55834],[-83.1903,42.55805],[-83.1899,42.55801],[-83.18669,42.55804],[-83.18316,42.55819],[-83.18101,42.55862],[-83.18113,42.55899],[-83.18114,42.55936],[-83.18281,42.55929],[-83.18328,42.55909],[-83.18316,42.55819],[-83.18101,42.55862],[-83.18115,42.55915],[-83.1812,42.56126],[-83.16222,42.56191],[-83.16084,42.5619],[-83.15917,42.56226],[-83.15727,42.56229],[-83.15586,42.56201],[-83.15448,42.5622],[-83.1525,42.56221],[-83.15247,42.56244],[-83.15384,42.56242],[-83.15388,42.56294],[-83.15505,42.56292],[-83.15548,42.56303],[-83.15715,42.56428],[-83.15738,42.56455],[-83.15751,42.56494],[-83.15753,42.5655],[-83.15741,42.56595],[-83.15727,42.56615],[-83.15678,42.56654],[-83.15651,42.56632],[-83.15617,42.56661],[-83.15569,42.56679]],[[-83.15569,42.56679],[-83.15543,42.56687],[-83.1555,42.56703],[-83.1541,42.56735],[-83.15344,42.56633],[-83.15335,42.56595],[-83.15339,42.56558],[-83.15393,42.56445],[-83.15389,42.5639],[-83.15402,42.56342],[-83.15402,42.56242],[-83.1559,42.56235],[-83.15715,42.56203],[-83.15921,42.56197],[-83.16069,42.56225],[-83.16788,42.56197],[-83.16788,42.56206],[-83.16788,42.56197],[-83.18088,42.56154],[-83.1812,42.56142],[-83.18137,42.56125],[-83.1813,42.55937],[-83.18281,42.55929],[-83.18328,42.55909],[-83.1832,42.55831],[-83.18329,42.55828],[-83.1899,42.55801],[-83.1903,42.55805],[-83.19123,42.55834],[-83.19321,42.55833],[-83.19362,42.55845],[-83.19399,42.55869],[-83.19422,42.55899],[-83.1943,42.55923],[-83.19439,42.56096],[-83.19176,42.56104],[-83.19177,42.56125],[-83.19528,42.56111],[-83.19544,42.56103],[-83.19761,42.5609],[-83.20944,42.56056],[-83.21483,42.56052],[-83.21888,42.56029],[-83.22402,42.56014],[-83.22514,42.56175],[-83.22542,42.56164],[-83.22179,42.55648],[-83.22078,42.55539],[-83.21951,42.55439],[-83.21536,42.55196],[-83.2145,42.55126],[-83.21375,42.55046],[-83.21224,42.54837],[-83.21043,42.54449],[-83.20965,42.54306],[-83.20742,42.53988],[-83.20631,42.53853],[-83.18396,42.51534],[-83.18405,42.5153],[-83.18396,42.51534],[-83.18342,42.51479],[-83.16096,42.49156],[-83.15131,42.48128],[-83.14967,42.4794],[-83.14689,42.47644],[-83.14678,42.47631],[-83.14684,42.47628],[-83.14678,42.47631],[-83.1425,42.47168],[-83.14175,42.47066],[-83.14161,42.47059],[-83.13529,42.46128],[-83.13538,42.46125],[-83.13529,42.46128],[-83.13492,42.46076],[-83.1273,42.44958],[-83.12717,42.44925],[-83.12521,42.44636],[-83.12163,42.44648],[-83.12119,42.44657],[-83.11614,42.44664],[-83.11608,42.44526],[-83.11695,42.44524],[-83.11698,42.4451],[-83.11734,42.44504],[-83.11736,42.44394],[-83.11733,42.44376],[-83.11718,42.44367],[-83.11604,42.44366],[-83.11599,42.44276],[-83.11604,42.44171],[-83.11628,42.44162],[-83.12102,42.44149],[-83.12163,42.44127],[-83.11506,42.43164],[-83.11516,42.43161],[-83.11506,42.43164],[-83.10721,42.42002],[-83.10597,42.41861],[-83.10499,42.41722],[-83.10507,42.41719],[-83.10499,42.41722],[-83.10476,42.41689],[-83.10466,42.41686],[-83.10428,42.41631],[-83.09849,42.40765],[-83.09866,42.40758],[-83.09849,42.40765],[-83.09779,42.40667],[-83.08733,42.39118],[-83.08652,42.38993],[-83.08665,42.38988],[-83.08652,42.38992],[-83.08556,42.38854],[-83.07581,42.37407],[-83.07478,42.37251],[-83.07482,42.37238],[-83.07237,42.36869],[-83.07245,42.36865],[-83.07237,42.36869],[-83.07215,42.36839],[-83.07205,42.36836],[-83.07032,42.36567],[-83.06865,42.36344],[-83.0647,42.35749],[-83.06404,42.35637],[-83.06398,42.35623],[-83.06409,42.3562],[-83.06397,42.35622],[-83.0628,42.35435],[-83.06271,42.35434],[-83.06117,42.35231],[-83.05762,42.347],[-83.05773,42.34696],[-83.05762,42.347],[-83.05751,42.34685],[-83.05487,42.34288],[-83.05501,42.34287],[-83.05487,42.34288],[-83.05486,42.34277],[-83.05368,42.341],[-83.05291,42.34001],[-83.05273,42.33974],[-83.05273,42.33962],[-83.05095,42.33696],[-83.05073,42.33683],[-83.04996,42.33568],[-83.05004,42.33565],[-83.04996,42.33568],[-83.04942,42.33495],[-83.05007,42.33467],[-83.05121,42.33465],[-83.05116,42.33141],[-83.05123,42.3314],[-83.05116,42.33141],[-83.05088,42.33091],[-83.05069,42.33081],[-83.04995,42.32985],[-83.04964,42.32916],[-83.04947,42.32911],[-83.04866,42.32795],[-83.04626,42.3289],[-83.04462,42.32967],[-83.04446,42.32967],[-83.04432,42.32983],[-83.04164,42.33098],[-83.04119,42.33109]]]}},{"type":"Feature","properties":{"agency":"smart","agency_label":"SMART","route":"462","name":"FAST Woodward","route_type":3},"geometry":{"type":"MultiLineString","coordinates":[[[-83.04026,42.33076],[-83.04021,42.3307],[-83.04416,42.329],[-83.04419,42.32911],[-83.04416,42.329],[-83.04491,42.32865],[-83.04514,42.32863],[-83.0467,42.32796],[-83.04674,42.32801],[-83.0467,42.32796],[-83.04808,42.32737],[-83.04897,42.32845],[-83.04944,42.32922],[-83.05069,42.33081],[-83.05073,42.33095],[-83.05067,42.33096],[-83.05073,42.33095],[-83.05086,42.33132],[-83.05078,42.33168],[-83.0508,42.33421],[-83.05074,42.33434],[-83.0508,42.33434],[-83.05084,42.33584],[-83.0502,42.33599],[-83.05063,42.33667],[-83.05047,42.33672],[-83.05063,42.33667],[-83.05078,42.33702],[-83.05258,42.33968],[-83.05273,42.33974],[-83.05296,42.34008],[-83.05295,42.34019],[-83.0547,42.34277],[-83.05497,42.34304],[-83.0548,42.3431],[-83.05497,42.34304],[-83.05782,42.34729],[-83.05818,42.34786],[-83.05813,42.34788],[-83.05835,42.34808],[-83.06117,42.35231],[-83.06231,42.35377],[-83.06276,42.35452],[-83.06304,42.35481],[-83.06393,42.35614],[-83.06464,42.3574],[-83.06447,42.35745],[-83.06464,42.3574],[-83.06865,42.36344],[-83.07032,42.36567],[-83.07205,42.36836],[-83.07201,42.36844],[-83.07221,42.36881],[-83.07439,42.37207],[-83.07534,42.37332],[-83.08636,42.3897],[-83.08617,42.3897],[-83.08636,42.3897],[-83.08648,42.38987],[-83.09271,42.39919],[-83.09845,42.4076],[-83.09831,42.40765],[-83.09845,42.4076],[-83.09853,42.40771],[-83.10096,42.4113],[-83.10463,42.41681],[-83.10463,42.41695],[-83.10495,42.41743],[-83.10488,42.41746],[-83.10495,42.41743],[-83.10755,42.42115],[-83.11527,42.43257],[-83.11511,42.43257],[-83.11527,42.43257],[-83.11607,42.4337],[-83.12126,42.4414],[-83.12072,42.44153],[-83.11621,42.44163],[-83.11599,42.44175],[-83.1161,42.44525],[-83.11692,42.44524],[-83.11702,42.4451],[-83.11734,42.44504],[-83.11736,42.44392],[-83.11733,42.44376],[-83.11718,42.44366],[-83.11605,42.44369],[-83.11607,42.44519],[-83.11614,42.44525],[-83.11724,42.44527],[-83.1174,42.44541],[-83.11742,42.44561],[-83.11742,42.44659],[-83.11723,42.4467],[-83.11648,42.44672],[-83.11635,42.44689],[-83.11656,42.44694],[-83.12486,42.4468],[-83.12662,42.44929],[-83.12673,42.44933],[-83.1346,42.46092],[-83.1345,42.46094],[-83.1346,42.46092],[-83.13488,42.46132],[-83.14143,42.47087],[-83.14141,42.471],[-83.14247,42.4724],[-83.14665,42.47683],[-83.1466,42.47686],[-83.14665,42.47683],[-83.1488,42.47913],[-83.15034,42.48065],[-83.15746,42.48822],[-83.15736,42.48827],[-83.15746,42.48822],[-83.15753,42.48829],[-83.16492,42.49608],[-83.17237,42.50377],[-83.17232,42.50385],[-83.1724,42.50381],[-83.17314,42.50455],[-83.1802,42.51181],[-83.18584,42.51766],[-83.18639,42.51825],[-83.18632,42.51829],[-83.18639,42.51825],[-83.18709,42.51897],[-83.19991,42.53227],[-83.19996,42.53233],[-83.19988,42.53238],[-83.19996,42.53233],[-83.20014,42.53251],[-83.20575,42.53833],[-83.20731,42.54023],[-83.20913,42.54278],[-83.20983,42.54394],[-83.21058,42.54554],[-83.21047,42.54557],[-83.21058,42.54554],[-83.21089,42.54614],[-83.21193,42.5484],[-83.213,42.54994],[-83.21383,42.55097],[-83.21453,42.55164],[-83.21542,42.55232],[-83.21961,42.5548],[-83.22104,42.55604],[-83.22289,42.55852],[-83.22658,42.56381],[-83.22781,42.56537],[-83.23717,42.57535],[-83.24355,42.58209],[-83.24385,42.58232],[-83.24568,42.58435],[-83.24558,42.58438],[-83.24568,42.58435],[-83.24618,42.58496],[-83.24785,42.58739],[-83.24886,42.58862],[-83.25043,42.59015],[-83.25328,42.59236],[-83.25432,42.59328],[-83.2648,42.60446],[-83.26466,42.60453],[-83.2648,42.60446],[-83.2651,42.60477],[-83.27596,42.61624],[-83.27583,42.6163],[-83.27596,42.61624],[-83.27602,42.6163],[-83.27851,42.619],[-83.28079,42.62132],[-83.28358,42.62438],[-83.28613,42.62704],[-83.28726,42.62807],[-83.28734,42.62828],[-83.28833,42.62919],[-83.28856,42.62973],[-83.2887,42.63257],[-83.2884,42.63594],[-83.28847,42.63714],[-83.2888,42.63732],[-83.29193,42.6367],[-83.29159,42.63574],[-83.29025,42.636],[-83.29132,42.63906],[-83.29269,42.63881],[-83.29335,42.64073],[-83.29407,42.64123],[-83.29402,42.64127],[-83.2941,42.64125],[-83.29912,42.64477],[-83.29918,42.64694],[-83.29911,42.64695],[-83.29919,42.64698],[-83.29939,42.65125],[-83.29935,42.65149],[-83.2994,42.65149],[-83.29974,42.65761],[-83.29963,42.65761],[-83.29974,42.65761],[-83.29978,42.6581],[-83.3,42.66102],[-83.2999,42.66102],[-83.3,42.66102],[-83.30018,42.66422],[-83.30009,42.66422],[-83.30018,42.66422],[-83.30023,42.66514],[-83.30045,42.67034],[-83.30027,42.67035],[-83.30045,42.67035],[-83.30066,42.67673],[-83.30073,42.67717],[-83.30071,42.67771],[-83.30057,42.67771],[-83.30071,42.67771],[-83.30081,42.68117],[-83.30106,42.68196],[-83.30165,42.68282],[-83.30155,42.68286],[-83.30165,42.68282],[-83.30181,42.683],[-83.30264,42.68413],[-83.30304,42.68484],[-83.30542,42.69037],[-83.30632,42.69337],[-83.30659,42.69629],[-83.30645,42.69791],[-83.30529,42.698],[-83.30351,42.69871],[-83.30257,42.69873],[-83.30258,42.69987],[-83.30162,42.69995],[-83.3018,42.70116],[-83.30253,42.70111],[-83.3027,42.70149],[-83.3031,42.70163],[-83.30478,42.70149],[-83.3048,42.70196],[-83.30628,42.70192],[-83.30659,42.70198],[-83.3069,42.708],[-83.30608,42.70782],[-83.30501,42.70727],[-83.30419,42.70714],[-83.29063,42.70756],[-83.29042,42.70747]],[[-83.28904,42.70751],[-83.28541,42.70756],[-83.28516,42.70474],[-83.28505,42.70466],[-83.28498,42.70361],[-83.28357,42.70014],[-83.28372,42.69992],[-83.28393,42.69981],[-83.28713,42.69991],[-83.28903,42.69954],[-83.29311,42.69958],[-83.296,42.69945],[-83.30002,42.69874],[-83.30257,42.69875],[-83.30258,42.69987],[-83.30162,42.69995],[-83.30184,42.70116],[-83.30254,42.70111],[-83.30272,42.70148],[-83.30294,42.70159],[-83.30397,42.7016],[-83.30478,42.70149],[-83.3048,42.70196],[-83.30628,42.70192],[-83.30659,42.70198],[-83.30664,42.70328],[-83.30697,42.70334],[-83.30671,42.69695],[-83.30659,42.69661],[-83.30644,42.69419],[-83.30626,42.69313],[-83.30542,42.69037],[-83.30321,42.68521],[-83.30259,42.68405],[-83.3027,42.68401],[-83.30259,42.68405],[-83.30122,42.6822],[-83.30092,42.68161],[-83.30079,42.68101],[-83.30065,42.67661],[-83.30075,42.67661],[-83.30065,42.67661],[-83.30042,42.66964],[-83.30052,42.66969],[-83.30042,42.66964],[-83.30013,42.66345],[-83.30028,42.66345],[-83.30013,42.66345],[-83.29993,42.66032],[-83.30004,42.66037],[-83.29993,42.66032],[-83.29967,42.6566],[-83.29966,42.65637],[-83.29974,42.65637],[-83.29966,42.65637],[-83.29959,42.65533],[-83.29939,42.65138],[-83.29946,42.65135],[-83.29939,42.65135],[-83.29912,42.64477],[-83.29827,42.64418],[-83.29834,42.64413],[-83.29827,42.64418],[-83.2955,42.64224],[-83.29555,42.64221],[-83.2955,42.64224],[-83.29335,42.64073],[-83.29159,42.63574],[-83.29025,42.636],[-83.29058,42.63697],[-83.29448,42.63619],[-83.28982,42.63055],[-83.28766,42.62834],[-83.28726,42.62807],[-83.2864,42.62725],[-83.28641,42.6271],[-83.2823,42.62276],[-83.28092,42.62104],[-83.27935,42.61953],[-83.2756,42.61547],[-83.27572,42.61541],[-83.2756,42.61547],[-83.27497,42.61481],[-83.2556,42.59424],[-83.25403,42.59267],[-83.25059,42.58994],[-83.24939,42.5888],[-83.24811,42.58727],[-83.24639,42.58476],[-83.24529,42.58352],[-83.24541,42.58347],[-83.24529,42.58352],[-83.24465,42.58285],[-83.22816,42.56534],[-83.22672,42.5635],[-83.22145,42.55605],[-83.22044,42.55507],[-83.21989,42.55465],[-83.21593,42.55235],[-83.21498,42.55167],[-83.21412,42.55088],[-83.21274,42.54914],[-83.21223,42.54834],[-83.21043,42.54449],[-83.20965,42.54306],[-83.20742,42.53988],[-83.20631,42.53853],[-83.18396,42.51534],[-83.18405,42.5153],[-83.18396,42.51534],[-83.18342,42.51479],[-83.16096,42.49156],[-83.15131,42.48128],[-83.14967,42.4794],[-83.14689,42.47644],[-83.14678,42.47631],[-83.14684,42.47628],[-83.14678,42.47631],[-83.14283,42.47205],[-83.14175,42.47066],[-83.14161,42.47059],[-83.13529,42.46128],[-83.13538,42.46125],[-83.13529,42.46128],[-83.13492,42.46076],[-83.1273,42.44958],[-83.12717,42.44925],[-83.12521,42.44636],[-83.12163,42.44648],[-83.12119,42.44657],[-83.11614,42.44664],[-83.11608,42.44526],[-83.11695,42.44524],[-83.11698,42.4451],[-83.11734,42.44504],[-83.11736,42.44394],[-83.11733,42.44376],[-83.11718,42.44367],[-83.11604,42.44366],[-83.11599,42.44276],[-83.11604,42.44171],[-83.11628,42.44162],[-83.12102,42.44149],[-83.12163,42.44127],[-83.11506,42.43164],[-83.11516,42.43161],[-83.11506,42.43164],[-83.10721,42.42002],[-83.10597,42.41861],[-83.10499,42.41722],[-83.10507,42.41719],[-83.10499,42.41722],[-83.10476,42.41689],[-83.10466,42.41686],[-83.10428,42.41631],[-83.09849,42.40765],[-83.09866,42.40758],[-83.09849,42.40765],[-83.09779,42.40667],[-83.08733,42.39118],[-83.08652,42.38993],[-83.08665,42.38988],[-83.08652,42.38992],[-83.08556,42.38854],[-83.07581,42.37407],[-83.07478,42.37251],[-83.07482,42.37238],[-83.07237,42.36869],[-83.07245,42.36865],[-83.07237,42.36869],[-83.07215,42.36839],[-83.07205,42.36836],[-83.07032,42.36567],[-83.06865,42.36344],[-83.0647,42.35749],[-83.06404,42.35637],[-83.06398,42.35623],[-83.06409,42.3562],[-83.06397,42.35622],[-83.0628,42.35435],[-83.06271,42.35434],[-83.06117,42.35231],[-83.05762,42.347],[-83.05773,42.34696],[-83.05762,42.34701],[-83.05488,42.34292],[-83.05501,42.34287],[-83.05488,42.34292],[-83.05399,42.34144],[-83.05094,42.33697],[-83.05081,42.3369],[-83.04996,42.33568],[-83.05004,42.33565],[-83.04996,42.33568],[-83.04942,42.33495],[-83.05007,42.33467],[-83.05121,42.33465],[-83.05116,42.33141],[-83.05123,42.3314],[-83.05116,42.33141],[-83.05088,42.33091],[-83.05069,42.33081],[-83.04995,42.32985],[-83.04964,42.32916],[-83.0486,42.32798],[-83.04446,42.32967],[-83.04351,42.33017],[-83.04164,42.33098],[-83.04119,42.33109]]]}},{"type":"Feature","properties":{"agency":"smart","agency_label":"SMART","route":"492","name":"Rochester","route_type":3},"geometry":{"type":"MultiLineString","coordinates":[[[-83.11674,42.44427],[-83.11682,42.44524],[-83.11737,42.44526],[-83.11744,42.44657],[-83.11645,42.44665],[-83.11633,42.44696],[-83.12069,42.44685],[-83.12149,42.44722],[-83.12251,42.44721],[-83.12251,42.44798],[-83.12242,42.44799],[-83.12251,42.44799],[-83.12256,42.44916],[-83.12249,42.44913],[-83.12256,42.44916],[-83.12261,42.45012],[-83.12268,42.45188],[-83.12258,42.45188],[-83.12268,42.45265],[-83.12273,42.45432],[-83.12268,42.45432],[-83.12273,42.45432],[-83.1228,42.4561],[-83.12275,42.4561],[-83.1228,42.4561],[-83.12285,42.45655],[-83.12304,42.46131],[-83.12292,42.46126],[-83.12304,42.46131],[-83.12311,42.46228],[-83.12316,42.46374],[-83.12307,42.46374],[-83.12316,42.46374],[-83.12339,42.46857],[-83.12328,42.46857],[-83.12339,42.46857],[-83.12342,42.46891],[-83.12361,42.473],[-83.12353,42.47301],[-83.12361,42.473],[-83.12368,42.47433],[-83.12371,42.47508],[-83.12363,42.47508],[-83.12371,42.47509],[-83.12373,42.47543],[-83.12405,42.48299],[-83.12405,42.48311],[-83.12398,42.48311],[-83.12405,42.48311],[-83.12409,42.48371],[-83.12442,42.49037],[-83.13396,42.4901],[-83.13412,42.4901],[-83.13412,42.49018],[-83.13412,42.4901],[-83.14273,42.48986],[-83.14274,42.48992],[-83.14273,42.48986],[-83.14351,42.48984],[-83.14352,42.48993],[-83.14351,42.48984],[-83.14855,42.48971],[-83.14792,42.48906],[-83.14788,42.48878],[-83.14762,42.48874],[-83.14679,42.48776],[-83.14658,42.4877],[-83.14665,42.48975],[-83.14429,42.48983],[-83.1443,42.49021],[-83.1442,42.49021],[-83.1443,42.49021],[-83.14439,42.49204],[-83.14428,42.49204],[-83.14439,42.49204],[-83.1444,42.49212],[-83.14458,42.49622],[-83.14444,42.49623],[-83.14458,42.49622],[-83.14469,42.49825],[-83.14443,42.49895],[-83.14128,42.51155],[-83.14005,42.51681],[-83.13811,42.52444],[-83.13787,42.5257],[-83.13745,42.52739],[-83.13739,42.52738],[-83.13745,42.52739],[-83.13743,42.5275],[-83.13606,42.53321],[-83.13578,42.53431],[-83.13572,42.53429],[-83.13578,42.53431],[-83.13501,42.53713],[-83.13404,42.54117],[-83.13398,42.54116],[-83.13404,42.54117],[-83.13387,42.5419],[-83.13331,42.54427],[-83.13324,42.54426],[-83.13331,42.54427],[-83.13274,42.54661],[-83.13267,42.5466],[-83.13274,42.54661],[-83.13223,42.54865],[-83.12081,42.54891],[-83.12059,42.54886],[-83.1206,42.54891],[-83.1138,42.54907],[-83.1136,42.54113],[-83.11345,42.54061],[-83.11049,42.5406],[-83.11042,42.53878],[-83.11017,42.53842],[-83.11015,42.53776],[-83.11022,42.53774],[-83.10967,42.53731],[-83.10878,42.53728],[-83.10894,42.54064],[-83.10715,42.54062],[-83.10734,42.54264],[-83.10729,42.5428],[-83.10743,42.54307],[-83.10759,42.54723],[-83.10742,42.54724],[-83.10758,42.54724],[-83.10768,42.54951],[-83.1077,42.55018],[-83.10758,42.55018],[-83.1077,42.55018],[-83.1079,42.55584],[-83.10777,42.55584],[-83.1079,42.55584],[-83.10798,42.55758],[-83.1078,42.55759],[-83.10798,42.55758],[-83.10799,42.55767],[-83.10812,42.5606],[-83.10801,42.5606],[-83.10812,42.5606],[-83.10826,42.56344],[-83.10569,42.56349],[-83.10559,42.56365],[-83.10564,42.56375],[-83.11266,42.56363],[-83.11703,42.56345],[-83.11716,42.56345],[-83.11717,42.56356],[-83.11716,42.56345],[-83.1241,42.56327],[-83.12447,42.56327],[-83.12447,42.56333],[-83.12447,42.56327],[-83.12869,42.56317],[-83.12853,42.56377],[-83.12837,42.56374],[-83.12853,42.56377],[-83.1285,42.5639],[-83.12785,42.56557],[-83.12764,42.56672],[-83.12775,42.56806],[-83.12785,42.56806],[-83.12775,42.56806],[-83.12788,42.56999],[-83.12784,42.57021],[-83.12794,42.57066],[-83.12811,42.57367],[-83.12805,42.57364],[-83.12811,42.57367],[-83.12827,42.57631],[-83.12821,42.57723],[-83.12836,42.58045],[-83.12855,42.58271],[-83.12863,42.58282],[-83.12861,42.58335],[-83.12888,42.58774],[-83.12876,42.58775],[-83.12888,42.58774],[-83.12895,42.58902],[-83.129,42.59002],[-83.12886,42.59],[-83.129,42.59002],[-83.12913,42.5927],[-83.12913,42.59286],[-83.12904,42.59287],[-83.12913,42.59286],[-83.12938,42.59805],[-83.12942,42.59967],[-83.12935,42.59968],[-83.12942,42.59967],[-83.1295,42.60193],[-83.12937,42.60193],[-83.1295,42.60193],[-83.12986,42.60715],[-83.12987,42.60745],[-83.12972,42.60746],[-83.12987,42.60745],[-83.12988,42.60761],[-83.13024,42.61587],[-83.13016,42.61592],[-83.13024,42.61592],[-83.13025,42.616],[-83.13048,42.62036],[-83.13048,42.62042],[-83.13037,42.62042],[-83.13048,42.62042],[-83.13059,42.6223],[-83.13072,42.62323],[-83.13054,42.62324],[-83.13072,42.62323],[-83.13109,42.62608],[-83.13106,42.62641],[-83.13153,42.6307],[-83.1316,42.63077],[-83.13166,42.63388],[-83.13159,42.63388],[-83.13166,42.63388],[-83.1318,42.63741],[-83.1318,42.6375],[-83.13165,42.6375],[-83.1318,42.6375],[-83.132,42.64168],[-83.13188,42.64168],[-83.132,42.64168],[-83.13207,42.64265],[-83.13221,42.64588],[-83.13221,42.646],[-83.13214,42.646],[-83.13221,42.646],[-83.13242,42.65047],[-83.13228,42.65048],[-83.13242,42.65047],[-83.13246,42.65096],[-83.13276,42.65551],[-83.13266,42.65551],[-83.13276,42.65551],[-83.1329,42.65814],[-83.13291,42.6585],[-83.13285,42.65847],[-83.13291,42.6585],[-83.13309,42.6629],[-83.13314,42.66535],[-83.13309,42.66535],[-83.13319,42.66624],[-83.1332,42.66669],[-83.13313,42.66669],[-83.1332,42.66669],[-83.13344,42.67402],[-83.13336,42.67403],[-83.13344,42.67402],[-83.13364,42.67607],[-83.13367,42.67749],[-83.13356,42.67745],[-83.13367,42.67749],[-83.13383,42.68206],[-83.1346,42.68204],[-83.1346,42.68212],[-83.1346,42.68204],[-83.13491,42.68203],[-83.14982,42.68179],[-83.15504,42.6816],[-83.15505,42.68176],[-83.15494,42.68176],[-83.15766,42.68153],[-83.15876,42.68151],[-83.15877,42.68158],[-83.15876,42.68151],[-83.15891,42.6815],[-83.16159,42.68142],[-83.16296,42.68144],[-83.17234,42.68114],[-83.17247,42.6812],[-83.17246,42.68114],[-83.1816,42.6809],[-83.18259,42.68088],[-83.18259,42.68096],[-83.18259,42.68089],[-83.18296,42.68088],[-83.18936,42.68075],[-83.19119,42.6808],[-83.19346,42.6807],[-83.19363,42.6807],[-83.19363,42.68075],[-83.19363,42.6807],[-83.19449,42.68067],[-83.20651,42.68039],[-83.20797,42.68036],[-83.20798,42.68043],[-83.20792,42.68036],[-83.20999,42.68034],[-83.21103,42.68023],[-83.214,42.67937],[-83.21544,42.67914],[-83.21633,42.67907],[-83.22133,42.67909],[-83.22128,42.67856],[-83.22145,42.67855],[-83.22128,42.67856],[-83.22053,42.6709],[-83.22025,42.67092],[-83.2204,42.67253],[-83.21905,42.67255],[-83.21868,42.67233],[-83.21827,42.67236]],[[-83.21827,42.67236],[-83.21833,42.67241],[-83.21819,42.67257],[-83.21816,42.67276],[-83.21825,42.67295],[-83.21845,42.67307],[-83.2187,42.67305],[-83.21902,42.67283],[-83.22042,42.67281],[-83.22101,42.67895],[-83.21728,42.67888],[-83.21728,42.67883],[-83.21728,42.67888],[-83.21504,42.67894],[-83.21369,42.67918],[-83.21116,42.67993],[-83.20987,42.68008],[-83.1993,42.68029],[-83.19927,42.68023],[-83.1993,42.68029],[-83.19198,42.68046],[-83.19079,42.68058],[-83.19077,42.68049],[-83.19079,42.68058],[-83.18864,42.68076],[-83.18245,42.68088],[-83.18245,42.68082],[-83.18245,42.68088],[-83.18133,42.68092],[-83.17784,42.68096],[-83.16853,42.68124],[-83.16853,42.68117],[-83.16853,42.68124],[-83.165,42.68135],[-83.15019,42.68174],[-83.1495,42.6817],[-83.14812,42.6818],[-83.14173,42.68192],[-83.14173,42.68185],[-83.14173,42.68192],[-83.13382,42.68207],[-83.13367,42.67792],[-83.13379,42.67793],[-83.13367,42.67792],[-83.13342,42.67402],[-83.13341,42.67317],[-83.13355,42.67317],[-83.13341,42.67317],[-83.13336,42.67215],[-83.13329,42.66935],[-83.13338,42.66917],[-83.13328,42.66914],[-83.13323,42.66857],[-83.13321,42.66501],[-83.13287,42.65762],[-83.13298,42.65761],[-83.13287,42.65762],[-83.13267,42.65399],[-83.13273,42.65398],[-83.13267,42.65399],[-83.13251,42.6519],[-83.13242,42.65042],[-83.1325,42.65041],[-83.13242,42.65042],[-83.13234,42.64924],[-83.13227,42.64739],[-83.1324,42.64739],[-83.13227,42.64739],[-83.13226,42.64733],[-83.13203,42.6421],[-83.13214,42.64209],[-83.13203,42.6421],[-83.13196,42.64066],[-83.13208,42.64066],[-83.13196,42.64066],[-83.13181,42.63779],[-83.13181,42.63767],[-83.13193,42.63766],[-83.13181,42.63767],[-83.13168,42.63497],[-83.13179,42.63417],[-83.13161,42.63262],[-83.13164,42.63048],[-83.13136,42.62753],[-83.13114,42.62605],[-83.13107,42.62598],[-83.1306,42.62228],[-83.13074,42.62233],[-83.1306,42.62228],[-83.13055,42.6218],[-83.1305,42.62077],[-83.13057,42.62077],[-83.1305,42.62077],[-83.13025,42.61601],[-83.13041,42.616],[-83.13025,42.61601],[-83.13023,42.61572],[-83.13,42.61063],[-83.13009,42.61062],[-83.13,42.61063],[-83.12981,42.60648],[-83.12999,42.60651],[-83.12981,42.60648],[-83.12953,42.60256],[-83.12949,42.60154],[-83.12959,42.60153],[-83.12949,42.60154],[-83.12948,42.60146],[-83.12941,42.59925],[-83.12952,42.59925],[-83.12941,42.59925],[-83.12907,42.59164],[-83.12924,42.59164],[-83.12907,42.59164],[-83.12905,42.59138],[-83.12901,42.59032],[-83.1291,42.58967],[-83.12892,42.58856],[-83.12888,42.58772],[-83.12901,42.58772],[-83.12888,42.58772],[-83.12865,42.5835],[-83.12885,42.5835],[-83.12865,42.5835],[-83.12864,42.58336],[-83.12871,42.58208],[-83.12856,42.57993],[-83.12862,42.57928],[-83.12856,42.57905],[-83.12858,42.57812],[-83.12852,42.57744],[-83.12847,42.57744],[-83.12852,42.57744],[-83.12851,42.57699],[-83.12801,42.56743],[-83.12821,42.56542],[-83.12876,42.56406],[-83.12901,42.56316],[-83.13123,42.56308],[-83.13128,42.56286],[-83.13126,42.56279],[-83.12819,42.56284],[-83.12385,42.56301],[-83.12385,42.56291],[-83.12385,42.56301],[-83.11724,42.56319],[-83.11724,42.56325],[-83.11724,42.56319],[-83.11194,42.5633],[-83.10826,42.56344],[-83.10824,42.56291],[-83.1083,42.5629],[-83.10824,42.56291],[-83.10822,42.56267],[-83.1081,42.56022],[-83.10819,42.56023],[-83.1081,42.56022],[-83.10798,42.55752],[-83.10811,42.55752],[-83.10798,42.55752],[-83.10788,42.55539],[-83.10801,42.55539],[-83.10788,42.55539],[-83.1077,42.5503],[-83.10779,42.54857],[-83.10779,42.54863],[-83.10764,42.54864],[-83.10745,42.54393],[-83.10744,42.54354],[-83.10751,42.54354],[-83.10744,42.54354],[-83.10741,42.54261],[-83.1075,42.54247],[-83.10744,42.54072],[-83.10943,42.54074],[-83.11047,42.54067],[-83.11042,42.53878],[-83.11017,42.53842],[-83.11015,42.53774],[-83.11022,42.53774],[-83.11015,42.53774],[-83.11015,42.53765],[-83.11017,42.53842],[-83.11042,42.53878],[-83.11043,42.53917],[-83.10907,42.53923],[-83.10886,42.53916],[-83.10894,42.54074],[-83.11314,42.54063],[-83.11338,42.54055],[-83.11352,42.54102],[-83.11354,42.543],[-83.11366,42.54507],[-83.11366,42.54523],[-83.11359,42.54523],[-83.11366,42.54523],[-83.1138,42.54907],[-83.11556,42.54902],[-83.11556,42.54912],[-83.11556,42.54902],[-83.11787,42.54897],[-83.11785,42.54908],[-83.11787,42.54897],[-83.11807,42.54896],[-83.12286,42.54886],[-83.12287,42.54898],[-83.12286,42.54886],[-83.12701,42.54877],[-83.12719,42.54877],[-83.12719,42.54885],[-83.12719,42.54877],[-83.13208,42.54866],[-83.13253,42.54854],[-83.13324,42.54603],[-83.13352,42.54413],[-83.13428,42.54138],[-83.13485,42.53873],[-83.1362,42.53327],[-83.13632,42.53211],[-83.13853,42.52288],[-83.13903,42.52089],[-83.13909,42.5209],[-83.13903,42.52089],[-83.13933,42.51966],[-83.14004,42.51701],[-83.14082,42.5136],[-83.14087,42.51361],[-83.14082,42.5136],[-83.14136,42.51135],[-83.14146,42.51118],[-83.14141,42.51118],[-83.14147,42.51091],[-83.14192,42.50916],[-83.14197,42.50919],[-83.14198,42.50889],[-83.14276,42.50578],[-83.14309,42.50476],[-83.14347,42.50285],[-83.14354,42.50286],[-83.14347,42.50285],[-83.14436,42.4994],[-83.14472,42.49908],[-83.1447,42.49852],[-83.14477,42.49852],[-83.1447,42.49852],[-83.14444,42.49171],[-83.1443,42.48983],[-83.14853,42.48972],[-83.14799,42.48915],[-83.14789,42.48874],[-83.14762,42.48874],[-83.14679,42.48776],[-83.14658,42.48772],[-83.14664,42.48976],[-83.12442,42.49037],[-83.12441,42.4899],[-83.12453,42.4899],[-83.12441,42.4899],[-83.1244,42.4898],[-83.12404,42.48281],[-83.12415,42.48281],[-83.12404,42.48281],[-83.12395,42.4815],[-83.12373,42.47572],[-83.12373,42.47554],[-83.12387,42.47554],[-83.12373,42.47554],[-83.12361,42.47292],[-83.12372,42.4729],[-83.12361,42.47292],[-83.12358,42.4726],[-83.12338,42.46818],[-83.1235,42.46818],[-83.12338,42.46818],[-83.12336,42.4679],[-83.12315,42.46368],[-83.12315,42.46355],[-83.12324,42.46355],[-83.12315,42.46355],[-83.12314,42.46346],[-83.12303,42.46123],[-83.12302,42.46044],[-83.12311,42.46044],[-83.12302,42.46044],[-83.12298,42.45974],[-83.12285,42.45655],[-83.12287,42.45583],[-83.12293,42.45583],[-83.12287,42.45583],[-83.12283,42.4553],[-83.12283,42.45387],[-83.12274,42.4535],[-83.12267,42.45168],[-83.12266,42.45135],[-83.12275,42.45135],[-83.12266,42.45135],[-83.12257,42.44936],[-83.12268,42.44938],[-83.12257,42.44936],[-83.12251,42.44788],[-83.1226,42.44788],[-83.12249,42.44761],[-83.12249,42.44713],[-83.12254,42.44693],[-83.12285,42.44683],[-83.12552,42.44678],[-83.1252,42.44634],[-83.12132,42.44655],[-83.11607,42.44662],[-83.11605,42.44402],[-83.11673,42.44402],[-83.11674,42.44427]]]}},{"type":"Feature","properties":{"agency":"smart","agency_label":"SMART","route":"494","name":"Dequindre","route_type":3},"geometry":{"type":"MultiLineString","coordinates":[[[-83.11674,42.44427],[-83.11672,42.44526],[-83.11728,42.44527],[-83.11742,42.44542],[-83.11745,42.44662],[-83.11712,42.44663],[-83.11711,42.44656],[-83.11712,42.44663],[-83.11684,42.44664],[-83.10945,42.44685],[-83.10923,42.44685],[-83.10923,42.44679],[-83.10923,42.44685],[-83.1091,42.44686],[-83.1073,42.44691],[-83.10592,42.44693],[-83.10592,42.44687],[-83.10592,42.44693],[-83.10513,42.44697],[-83.10305,42.447],[-83.10096,42.44691],[-83.09801,42.44655],[-83.09272,42.44665],[-83.08907,42.44689],[-83.08101,42.44707],[-83.08093,42.44736],[-83.08331,42.44731],[-83.08343,42.44748],[-83.08344,42.4478],[-83.08334,42.44782],[-83.08344,42.4478],[-83.0835,42.44936],[-83.08332,42.44936],[-83.0835,42.44936],[-83.08355,42.45119],[-83.0834,42.45115],[-83.08355,42.45119],[-83.08364,42.45393],[-83.08345,42.45393],[-83.08364,42.45393],[-83.08375,42.45685],[-83.08375,42.45701],[-83.08364,42.45701],[-83.08375,42.45701],[-83.08386,42.45955],[-83.08386,42.45968],[-83.08375,42.45968],[-83.08386,42.45968],[-83.08391,42.46077],[-83.08386,42.46113],[-83.08392,42.46235],[-83.08385,42.46234],[-83.08392,42.46235],[-83.08394,42.46283],[-83.08402,42.463],[-83.08412,42.46501],[-83.08404,42.46501],[-83.08412,42.46501],[-83.08427,42.46749],[-83.08418,42.46749],[-83.08427,42.46749],[-83.08437,42.46906],[-83.08438,42.46939],[-83.08428,42.46939],[-83.08438,42.46939],[-83.08441,42.47095],[-83.08432,42.47095],[-83.08441,42.47095],[-83.08448,42.47472],[-83.08436,42.47472],[-83.08448,42.47472],[-83.08453,42.47657],[-83.08453,42.47669],[-83.08442,42.47669],[-83.08453,42.47669],[-83.08454,42.47676],[-83.08461,42.4786],[-83.08461,42.47871],[-83.08455,42.47871],[-83.08461,42.47871],[-83.08469,42.48063],[-83.08461,42.48063],[-83.08469,42.48063],[-83.08471,42.48304],[-83.08483,42.48557],[-83.0849,42.48563],[-83.08492,42.4861],[-83.08483,42.4861],[-83.08492,42.4861],[-83.08504,42.48901],[-83.08494,42.48902],[-83.08504,42.48901],[-83.08512,42.49091],[-83.08514,42.49165],[-83.08502,42.49166],[-83.08514,42.49165],[-83.08519,42.49426],[-83.08505,42.49426],[-83.08519,42.49426],[-83.08524,42.49512],[-83.08529,42.49654],[-83.08517,42.49654],[-83.08529,42.49654],[-83.0853,42.49666],[-83.08537,42.49887],[-83.08528,42.49887],[-83.08537,42.49887],[-83.08546,42.50125],[-83.0854,42.50123],[-83.08546,42.50125],[-83.08555,42.50344],[-83.08555,42.50384],[-83.08549,42.50384],[-83.08555,42.50384],[-83.08565,42.50613],[-83.08556,42.50613],[-83.08565,42.50613],[-83.08578,42.50915],[-83.08569,42.50918],[-83.08578,42.50918],[-83.08588,42.51125],[-83.08576,42.51125],[-83.08588,42.51125],[-83.0859,42.51165],[-83.08593,42.51265],[-83.08585,42.51265],[-83.08593,42.51265],[-83.08595,42.51297],[-83.08602,42.51481],[-83.08594,42.51481],[-83.08602,42.51481],[-83.08611,42.51712],[-83.08611,42.51725],[-83.08604,42.51725],[-83.08611,42.51725],[-83.08616,42.51848],[-83.08604,42.51848],[-83.08616,42.51848],[-83.08617,42.51859],[-83.08624,42.52041],[-83.08612,42.52042],[-83.08624,42.52041],[-83.08633,42.52234],[-83.0862,42.52235],[-83.08633,42.52234],[-83.08648,42.52577],[-83.08648,42.52585],[-83.08639,42.52587],[-83.08648,42.52585],[-83.0866,42.52847],[-83.0866,42.52857],[-83.08645,42.52858],[-83.0866,42.52857],[-83.08674,42.53194],[-83.0866,42.53194],[-83.08674,42.53194],[-83.08679,42.53306],[-83.0868,42.53332],[-83.08665,42.53332],[-83.0868,42.53332],[-83.08694,42.53552],[-83.08683,42.53549],[-83.08695,42.53557],[-83.08717,42.53826],[-83.08706,42.53827],[-83.08717,42.53826],[-83.08718,42.53834],[-83.0873,42.53975],[-83.08719,42.5397],[-83.0873,42.53975],[-83.08741,42.54098],[-83.08731,42.54098],[-83.08742,42.54104],[-83.08765,42.54375],[-83.0875,42.5438],[-83.08765,42.54379],[-83.08783,42.54579],[-83.08768,42.5458],[-83.08783,42.54579],[-83.08806,42.54839],[-83.08791,42.5484],[-83.0879,42.5483],[-83.08791,42.5484],[-83.08806,42.54839],[-83.08816,42.54984],[-83.08808,42.54984],[-83.08816,42.54984],[-83.08818,42.55005],[-83.08829,42.55287],[-83.08819,42.55287],[-83.08829,42.55287],[-83.08843,42.55635],[-83.08827,42.55636],[-83.08843,42.55635],[-83.08851,42.55819],[-83.08835,42.55819],[-83.08851,42.55819],[-83.08858,42.55989],[-83.08846,42.55985],[-83.08858,42.55989],[-83.0886,42.5602],[-83.08868,42.56225],[-83.08857,42.56225],[-83.08868,42.56225],[-83.0888,42.56444],[-83.08871,42.5644],[-83.0888,42.56444],[-83.08894,42.56822],[-83.08883,42.56823],[-83.08894,42.56822],[-83.08895,42.5684],[-83.08912,42.57262],[-83.08912,42.57278],[-83.08903,42.57278],[-83.08912,42.57278],[-83.08932,42.57765],[-83.08921,42.57766],[-83.08932,42.57765],[-83.08935,42.57826],[-83.08937,42.57945],[-83.0893,42.57945],[-83.08937,42.57945],[-83.08944,42.58152],[-83.08932,42.58152],[-83.08944,42.58152],[-83.08947,42.58207],[-83.08983,42.59182],[-83.08983,42.59226],[-83.0897,42.59226],[-83.08984,42.59226],[-83.08994,42.59415],[-83.08983,42.59416],[-83.08994,42.59416],[-83.09024,42.59883],[-83.08996,42.59884],[-83.09024,42.59883],[-83.0906,42.60576],[-83.09068,42.60771],[-83.09063,42.60785],[-83.09089,42.61179],[-83.09077,42.6118],[-83.09089,42.61179],[-83.09112,42.61649],[-83.09094,42.61648],[-83.09112,42.6165],[-83.09119,42.61819],[-83.09041,42.61818],[-83.09119,42.61821],[-83.0914,42.62296],[-83.09134,42.62311],[-83.09127,42.62311],[-83.09134,42.62311],[-83.09135,42.62327],[-83.09148,42.62689],[-83.09158,42.6272],[-83.09162,42.62915],[-83.09167,42.62919],[-83.09188,42.63355],[-83.09178,42.63355],[-83.09188,42.63355],[-83.09213,42.63877],[-83.09309,42.63862],[-83.09315,42.63876],[-83.0931,42.63862],[-83.09369,42.6385],[-83.09559,42.63819],[-83.09582,42.63821],[-83.09603,42.6381],[-83.0971,42.6379],[-83.09715,42.63802],[-83.0971,42.6379],[-83.0975,42.63782],[-83.09824,42.63776],[-83.09844,42.63766],[-83.10108,42.63715],[-83.10164,42.63707],[-83.10166,42.63715],[-83.10164,42.63707],[-83.10208,42.63702],[-83.10952,42.63677],[-83.1097,42.63677],[-83.10971,42.63692],[-83.1097,42.63677],[-83.11021,42.63675],[-83.11359,42.63667],[-83.1136,42.63677],[-83.11359,42.63667],[-83.12961,42.63622],[-83.12956,42.63632],[-83.12961,42.63622],[-83.13174,42.63615],[-83.1318,42.6375],[-83.13165,42.6375],[-83.1318,42.6375],[-83.132,42.64168],[-83.13188,42.64168],[-83.132,42.64168],[-83.13206,42.64252],[-83.131,42.64256],[-83.12934,42.64285],[-83.12785,42.64299],[-83.12703,42.64292],[-83.12641,42.64275],[-83.12558,42.64229],[-83.12508,42.64176],[-83.12479,42.641],[-83.12484,42.64041],[-83.12493,42.64029]],[[-83.12518,42.63794],[-83.12522,42.6374],[-83.12532,42.63722],[-83.12531,42.63634],[-83.12961,42.63622],[-83.12956,42.63632],[-83.12961,42.63622],[-83.13174,42.63615],[-83.1318,42.6375],[-83.13165,42.6375],[-83.1318,42.6375],[-83.132,42.64168],[-83.13188,42.64168],[-83.132,42.64168],[-83.13206,42.64252],[-83.131,42.64256],[-83.12934,42.64285],[-83.12768,42.64299],[-83.12703,42.64292],[-83.12641,42.64275],[-83.12558,42.64229],[-83.12525,42.64198],[-83.12497,42.64157],[-83.12478,42.64087],[-83.12486,42.64028],[-83.12493,42.64029],[-83.12486,42.64026],[-83.12518,42.63826],[-83.12522,42.6374],[-83.12532,42.63722],[-83.12531,42.63634],[-83.11979,42.6365],[-83.11978,42.63644],[-83.11979,42.6365],[-83.11369,42.63667],[-83.11358,42.63667],[-83.11358,42.6366],[-83.11358,42.63667],[-83.10942,42.63678],[-83.10942,42.63673],[-83.10942,42.63678],[-83.10919,42.63679],[-83.10208,42.63702],[-83.10074,42.63717],[-83.09849,42.63758],[-83.09815,42.63756],[-83.098,42.63767],[-83.09604,42.63803],[-83.09573,42.638],[-83.09556,42.63813],[-83.09213,42.63877],[-83.09169,42.62986],[-83.09167,42.62923],[-83.09174,42.62923],[-83.09167,42.62923],[-83.09158,42.62769],[-83.09156,42.62704],[-83.09163,42.62686],[-83.0915,42.62395],[-83.09155,42.62395],[-83.0915,42.62395],[-83.09138,42.62285],[-83.09119,42.61816],[-83.09124,42.61816],[-83.09118,42.61806],[-83.09112,42.61667],[-83.09117,42.61647],[-83.09111,42.61645],[-83.09087,42.61153],[-83.09087,42.61137],[-83.09128,42.61135],[-83.09087,42.61137],[-83.09066,42.60733],[-83.09076,42.60732],[-83.09066,42.60733],[-83.09053,42.60445],[-83.09053,42.60434],[-83.09064,42.60433],[-83.09053,42.60434],[-83.09052,42.60426],[-83.09022,42.59862],[-83.09033,42.59862],[-83.09022,42.59862],[-83.08997,42.59444],[-83.08996,42.5941],[-83.0902,42.59409],[-83.08996,42.59408],[-83.08985,42.59239],[-83.0902,42.59236],[-83.08987,42.59236],[-83.08986,42.59222],[-83.08965,42.58704],[-83.08976,42.587],[-83.08965,42.58701],[-83.08964,42.58684],[-83.08944,42.58151],[-83.08987,42.5815],[-83.08945,42.58149],[-83.08942,42.58096],[-83.08937,42.57944],[-83.08949,42.57944],[-83.08937,42.57944],[-83.08936,42.57931],[-83.08933,42.57778],[-83.0894,42.57777],[-83.08933,42.57778],[-83.0893,42.57735],[-83.08911,42.57247],[-83.08925,42.57247],[-83.08911,42.57247],[-83.08894,42.56824],[-83.08916,42.56819],[-83.08894,42.5682],[-83.08893,42.56814],[-83.08884,42.56566],[-83.08896,42.56566],[-83.08884,42.56566],[-83.08872,42.56323],[-83.08869,42.56232],[-83.08877,42.56232],[-83.08869,42.56232],[-83.08868,42.56221],[-83.08857,42.55974],[-83.08866,42.55969],[-83.08857,42.55969],[-83.08845,42.55688],[-83.08845,42.55679],[-83.08855,42.55678],[-83.08845,42.55679],[-83.08834,42.5543],[-83.08834,42.55423],[-83.08846,42.55423],[-83.08834,42.55423],[-83.08824,42.55182],[-83.08821,42.55079],[-83.08831,42.55079],[-83.08821,42.55079],[-83.0881,42.549],[-83.08823,42.54899],[-83.0881,42.549],[-83.08797,42.54738],[-83.08808,42.54731],[-83.08797,42.54732],[-83.0878,42.54549],[-83.08795,42.54548],[-83.0878,42.54549],[-83.08766,42.54389],[-83.08779,42.54389],[-83.08766,42.54389],[-83.08745,42.54142],[-83.08758,42.54141],[-83.08745,42.54142],[-83.08743,42.54125],[-83.08723,42.53897],[-83.08731,42.53897],[-83.08723,42.53897],[-83.08683,42.53436],[-83.08682,42.53385],[-83.0869,42.53385],[-83.08682,42.53385],[-83.08672,42.53154],[-83.08672,42.53136],[-83.08679,42.53136],[-83.08672,42.53136],[-83.08658,42.52817],[-83.08658,42.52796],[-83.08671,42.52796],[-83.08658,42.52796],[-83.08655,42.52752],[-83.08644,42.52491],[-83.08655,42.52491],[-83.08644,42.52491],[-83.08633,42.52232],[-83.08644,42.52232],[-83.08633,42.52232],[-83.0862,42.51957],[-83.08633,42.51961],[-83.0862,42.51957],[-83.08613,42.5178],[-83.08626,42.51778],[-83.08613,42.51778],[-83.08605,42.5156],[-83.08617,42.5156],[-83.08605,42.5156],[-83.08594,42.5119],[-83.08583,42.5106],[-83.08588,42.51039],[-83.08583,42.51039],[-83.08575,42.50848],[-83.0858,42.50839],[-83.08575,42.50839],[-83.08573,42.50808],[-83.08559,42.5049],[-83.08559,42.50467],[-83.08564,42.50467],[-83.08558,42.50466],[-83.08557,42.50443],[-83.0854,42.49995],[-83.0854,42.49978],[-83.08547,42.49978],[-83.08539,42.49974],[-83.08532,42.4977],[-83.08537,42.49764],[-83.08532,42.49764],[-83.08519,42.49432],[-83.08519,42.49424],[-83.08528,42.49424],[-83.08519,42.49424],[-83.08516,42.49395],[-83.0852,42.49271],[-83.08508,42.49012],[-83.08517,42.49012],[-83.08508,42.49012],[-83.08501,42.48838],[-83.0851,42.48838],[-83.08501,42.48838],[-83.085,42.4883],[-83.08493,42.48632],[-83.08501,42.48631],[-83.08493,42.48632],[-83.0849,42.48577],[-83.0849,42.48563],[-83.08498,42.48557],[-83.0848,42.48205],[-83.08474,42.48198],[-83.0848,42.4819],[-83.08474,42.48191],[-83.08473,42.48179],[-83.08467,42.4803],[-83.08472,42.48024],[-83.08467,42.48024],[-83.08461,42.4786],[-83.08467,42.47855],[-83.0846,42.47847],[-83.08451,42.47634],[-83.0845,42.4759],[-83.08459,42.47588],[-83.0845,42.4759],[-83.08449,42.47538],[-83.08456,42.47539],[-83.08449,42.47538],[-83.08447,42.47168],[-83.08439,42.47042],[-83.08445,42.4704],[-83.08439,42.47042],[-83.08437,42.46933],[-83.08443,42.46933],[-83.08437,42.46933],[-83.0842,42.46646],[-83.08428,42.46646],[-83.0842,42.46646],[-83.08419,42.46636],[-83.0841,42.46379],[-83.084,42.46292],[-83.08401,42.46145],[-83.08397,42.46097],[-83.08387,42.46087],[-83.08383,42.45898],[-83.08389,42.45898],[-83.08383,42.45898],[-83.08382,42.45881],[-83.08373,42.45635],[-83.08373,42.4562],[-83.08378,42.4562],[-83.08373,42.4562],[-83.08364,42.45414],[-83.08363,42.45352],[-83.08369,42.45352],[-83.08363,42.45352],[-83.08359,42.45255],[-83.08346,42.44731],[-83.09275,42.44716],[-83.09275,42.44721],[-83.09275,42.44716],[-83.09715,42.44706],[-83.10025,42.44728],[-83.10333,42.44729],[-83.10333,42.4474],[-83.10333,42.44729],[-83.10681,42.44721],[-83.10681,42.44731],[-83.10681,42.44721],[-83.10885,42.44716],[-83.1111,42.44695],[-83.11417,42.44688],[-83.1144,42.44679],[-83.116,42.44684],[-83.11614,42.44665],[-83.11603,42.44365],[-83.11681,42.44367],[-83.11682,42.44408],[-83.11674,42.44427]]]}},{"type":"Feature","properties":{"agency":"smart","agency_label":"SMART","route":"495","name":"John R","route_type":3},"geometry":{"type":"MultiLineString","coordinates":[[[-83.11684,42.44427],[-83.11692,42.44525],[-83.11722,42.44526],[-83.11736,42.44535],[-83.11747,42.44661],[-83.11002,42.44683],[-83.10923,42.44679],[-83.10729,42.4469],[-83.10593,42.44693],[-83.10592,42.44687],[-83.10593,42.44693],[-83.10287,42.44701],[-83.10279,42.44762],[-83.10292,42.44761],[-83.10312,42.45077],[-83.103,42.45078],[-83.10312,42.45077],[-83.10313,42.45087],[-83.10341,42.45463],[-83.10342,42.4549],[-83.10332,42.45491],[-83.10342,42.4549],[-83.10356,42.45658],[-83.10346,42.45658],[-83.10356,42.45658],[-83.10387,42.46026],[-83.10375,42.46022],[-83.10387,42.46026],[-83.104,42.4614],[-83.10402,42.46192],[-83.10384,42.46192],[-83.10402,42.46192],[-83.10407,42.46428],[-83.10397,42.46423],[-83.10407,42.46428],[-83.10416,42.4666],[-83.10407,42.46661],[-83.10416,42.4666],[-83.10428,42.46917],[-83.10416,42.46917],[-83.10428,42.46917],[-83.10429,42.46927],[-83.10438,42.47156],[-83.10434,42.47291],[-83.10456,42.47467],[-83.10458,42.47497],[-83.10448,42.47498],[-83.10458,42.47497],[-83.10467,42.47618],[-83.10475,42.47785],[-83.10467,42.47785],[-83.10475,42.47785],[-83.10483,42.47936],[-83.10473,42.47936],[-83.10483,42.47936],[-83.10493,42.48138],[-83.10481,42.48138],[-83.10493,42.48138],[-83.10499,42.48272],[-83.10503,42.4838],[-83.10491,42.4838],[-83.10503,42.4838],[-83.10504,42.48396],[-83.1051,42.48598],[-83.10497,42.48598],[-83.1051,42.48598],[-83.10512,42.4872],[-83.10502,42.4872],[-83.10512,42.4872],[-83.10527,42.49142],[-83.10519,42.49142],[-83.10527,42.49142],[-83.10528,42.49155],[-83.10534,42.4933],[-83.10524,42.49331],[-83.10534,42.4933],[-83.10549,42.49585],[-83.10537,42.49585],[-83.10549,42.49585],[-83.10559,42.49805],[-83.10559,42.49842],[-83.10546,42.49842],[-83.10559,42.49842],[-83.10566,42.50067],[-83.10553,42.50068],[-83.10566,42.50067],[-83.10569,42.50281],[-83.10556,42.50281],[-83.10569,42.50281],[-83.10578,42.50517],[-83.10567,42.50517],[-83.10578,42.50517],[-83.10592,42.50852],[-83.10575,42.50853],[-83.10592,42.50852],[-83.10612,42.51321],[-83.10599,42.51322],[-83.10612,42.51321],[-83.10622,42.51561],[-83.10608,42.51562],[-83.10622,42.51561],[-83.10632,42.51788],[-83.10618,42.51788],[-83.10632,42.51788],[-83.10646,42.52049],[-83.10647,42.52107],[-83.10634,42.52107],[-83.10647,42.52107],[-83.10653,42.52288],[-83.10642,42.52288],[-83.10653,42.52288],[-83.10656,42.52317],[-83.10665,42.52524],[-83.10651,42.52524],[-83.10665,42.52524],[-83.10675,42.52728],[-83.10676,42.52765],[-83.10662,42.52766],[-83.10676,42.52765],[-83.10678,42.52799],[-83.10682,42.5292],[-83.10669,42.5292],[-83.10682,42.5292],[-83.10694,42.53225],[-83.10681,42.53225],[-83.10694,42.53225],[-83.10701,42.53375],[-83.1069,42.53382],[-83.10689,42.53628],[-83.10695,42.5366],[-83.10688,42.5366],[-83.10695,42.5366],[-83.10706,42.539],[-83.1074,42.53911],[-83.11042,42.53897],[-83.11042,42.53878],[-83.11017,42.53842],[-83.11015,42.53776],[-83.11022,42.53774]],[[-83.11022,42.53774],[-83.10726,42.53719],[-83.10714,42.53431],[-83.10699,42.53343],[-83.1071,42.53343],[-83.10699,42.53343],[-83.10696,42.53291],[-83.10686,42.53039],[-83.10697,42.53039],[-83.10686,42.53039],[-83.10679,42.52828],[-83.10688,42.52828],[-83.10679,42.52828],[-83.10673,42.52692],[-83.10685,42.52692],[-83.10673,42.52692],[-83.10662,42.52449],[-83.10674,42.52449],[-83.10662,42.52449],[-83.10653,42.52298],[-83.10647,42.52114],[-83.10659,42.52114],[-83.10647,42.52114],[-83.10644,42.52017],[-83.10651,42.51952],[-83.10639,42.5193],[-83.10629,42.51723],[-83.10642,42.51723],[-83.10629,42.51723],[-83.10619,42.5149],[-83.10631,42.5149],[-83.10619,42.5149],[-83.10608,42.51247],[-83.10621,42.51247],[-83.10608,42.51247],[-83.10601,42.51089],[-83.10591,42.50828],[-83.10604,42.50827],[-83.10591,42.50828],[-83.10573,42.50435],[-83.10573,42.50406],[-83.10583,42.50406],[-83.10573,42.50406],[-83.10571,42.50378],[-83.10568,42.50242],[-83.10578,42.50242],[-83.10568,42.50242],[-83.10567,42.50233],[-83.10564,42.50023],[-83.10575,42.50021],[-83.10564,42.50023],[-83.10556,42.49755],[-83.10567,42.49755],[-83.10556,42.49755],[-83.10546,42.49531],[-83.10556,42.4953],[-83.10546,42.49531],[-83.1053,42.49243],[-83.1054,42.49247],[-83.1053,42.49243],[-83.10529,42.49232],[-83.10523,42.49035],[-83.10532,42.49034],[-83.10523,42.49035],[-83.10515,42.48895],[-83.10512,42.48738],[-83.10523,42.48738],[-83.10512,42.48738],[-83.10508,42.48549],[-83.10519,42.48549],[-83.10508,42.48549],[-83.10499,42.48288],[-83.10508,42.48287],[-83.10499,42.48288],[-83.10491,42.48092],[-83.10502,42.48092],[-83.10491,42.48092],[-83.10488,42.48052],[-83.10481,42.47886],[-83.10491,42.47886],[-83.10481,42.47886],[-83.1048,42.47877],[-83.10462,42.47552],[-83.1047,42.47552],[-83.10462,42.47552],[-83.10461,42.47541],[-83.10452,42.4741],[-83.10461,42.4741],[-83.10452,42.4741],[-83.10438,42.4718],[-83.10448,42.4718],[-83.10438,42.4718],[-83.10432,42.46987],[-83.1044,42.46986],[-83.10432,42.46987],[-83.10424,42.4684],[-83.10434,42.4684],[-83.10424,42.4684],[-83.10411,42.4655],[-83.10418,42.4655],[-83.10411,42.4655],[-83.10409,42.46506],[-83.10407,42.46408],[-83.10413,42.46408],[-83.10407,42.46408],[-83.10402,42.46201],[-83.10413,42.462],[-83.10402,42.46201],[-83.10388,42.46033],[-83.10397,42.46032],[-83.10388,42.46033],[-83.10387,42.46026],[-83.10375,42.45805],[-83.10345,42.45538],[-83.1029,42.44728],[-83.10333,42.44727],[-83.10333,42.4474],[-83.10333,42.44727],[-83.10681,42.44719],[-83.10681,42.44731],[-83.10681,42.44719],[-83.11054,42.44699],[-83.1143,42.44685],[-83.11613,42.44694],[-83.11891,42.44685],[-83.11893,42.44658],[-83.1161,42.44664],[-83.11605,42.44406],[-83.11684,42.44405],[-83.11684,42.44427]]]}},{"type":"Feature","properties":{"agency":"smart","agency_label":"SMART","route":"500","name":"Mound/Hamtramck","route_type":3},"geometry":{"type":"MultiLineString","coordinates":[[[-83.04626,42.3289],[-83.04631,42.32896],[-83.04504,42.32952],[-83.04526,42.3298],[-83.0452,42.32983],[-83.04526,42.3298],[-83.04536,42.32992],[-83.04619,42.33103],[-83.0462,42.33207],[-83.04636,42.33217],[-83.04715,42.33221],[-83.04739,42.33237],[-83.04773,42.33281],[-83.04762,42.33286],[-83.04773,42.33281],[-83.04949,42.33504],[-83.05063,42.33667],[-83.05047,42.33672],[-83.05063,42.33667],[-83.05088,42.33721],[-83.05182,42.33856],[-83.05177,42.33858],[-83.05186,42.33861],[-83.0526,42.33971],[-83.05281,42.33989],[-83.05291,42.34016],[-83.0533,42.34069],[-83.05319,42.34073],[-83.05331,42.3407],[-83.05471,42.34278],[-83.05498,42.34304],[-83.0548,42.3431],[-83.05498,42.34304],[-83.05657,42.34543],[-83.05648,42.34547],[-83.05657,42.34543],[-83.05787,42.34738],[-83.05585,42.34827],[-83.05801,42.3515],[-83.05818,42.35181],[-83.0581,42.35183],[-83.05818,42.35181],[-83.05955,42.35388],[-83.05948,42.35392],[-83.05955,42.35389],[-83.05963,42.354],[-83.06208,42.35761],[-83.06178,42.35773],[-83.06172,42.35765],[-83.06178,42.35773],[-83.05983,42.35866],[-83.06138,42.36104],[-83.06783,42.37072],[-83.06777,42.37077],[-83.06784,42.37074],[-83.06873,42.37207],[-83.07328,42.3704],[-83.07356,42.37083],[-83.07349,42.37086],[-83.07356,42.37083],[-83.07439,42.37207],[-83.07493,42.37272],[-83.07473,42.37279],[-83.07493,42.37272],[-83.076,42.37433],[-83.07594,42.37436],[-83.076,42.37433],[-83.07709,42.37593],[-83.07696,42.37598],[-83.07709,42.37593],[-83.07811,42.37744],[-83.07798,42.37749],[-83.07811,42.37744],[-83.07915,42.37899],[-83.07908,42.37902],[-83.07915,42.37899],[-83.08058,42.38112],[-83.07833,42.38196],[-83.07803,42.38201],[-83.07802,42.38207],[-83.07148,42.3845],[-83.06868,42.38621],[-83.06863,42.38617],[-83.06868,42.38621],[-83.05814,42.39281],[-83.05578,42.3937],[-83.05608,42.39416],[-83.05599,42.39419],[-83.05608,42.39416],[-83.05717,42.39581],[-83.05712,42.39583],[-83.05717,42.39581],[-83.05809,42.39721],[-83.05803,42.39726],[-83.0581,42.39723],[-83.05897,42.39854],[-83.05901,42.39861],[-83.05894,42.39863],[-83.05905,42.39866],[-83.05984,42.39981],[-83.05944,42.39996],[-83.0594,42.3999],[-83.05944,42.39996],[-83.05601,42.40122],[-83.05595,42.40114],[-83.05601,42.40122],[-83.05255,42.40249],[-83.05238,42.40255],[-83.05233,42.40248],[-83.05238,42.40255],[-83.05231,42.40258],[-83.04384,42.40576],[-83.04377,42.40569],[-83.04382,42.40577],[-83.0428,42.40619],[-83.04283,42.40754],[-83.04274,42.40774],[-83.04248,42.40793],[-83.04236,42.41177],[-83.04246,42.41605],[-83.04234,42.41605],[-83.04246,42.41605],[-83.04247,42.41617],[-83.0425,42.41828],[-83.0425,42.41954],[-83.04242,42.41954],[-83.0425,42.41954],[-83.04258,42.42223],[-83.04287,42.42325],[-83.04296,42.42453],[-83.0435,42.43541],[-83.04394,42.44778],[-83.0435,42.4478],[-83.04348,42.44769],[-83.0435,42.4478],[-83.04253,42.44785],[-83.03514,42.44794],[-83.03399,42.44794],[-83.03398,42.44783],[-83.03398,42.44794],[-83.03332,42.44797],[-83.01893,42.44833],[-83.0187,42.4482]],[[-83.0187,42.4482],[-83.01871,42.44833],[-83.01763,42.44837],[-83.01753,42.44851],[-83.01754,42.44866],[-83.03228,42.44828],[-83.03519,42.44825],[-83.03513,42.44835],[-83.03519,42.44825],[-83.03542,42.44824],[-83.04117,42.44817],[-83.04617,42.44801],[-83.04626,42.44783],[-83.04615,42.44775],[-83.04429,42.44777],[-83.04427,42.44752],[-83.04382,42.43315],[-83.04335,42.42375],[-83.04315,42.42225],[-83.04306,42.42053],[-83.04296,42.41478],[-83.04309,42.41296],[-83.04308,42.41177],[-83.04316,42.41177],[-83.04308,42.41177],[-83.04297,42.40759],[-83.04304,42.40759],[-83.04297,42.40759],[-83.04294,42.40616],[-83.04444,42.40552],[-83.04741,42.40441],[-83.04742,42.40447],[-83.04741,42.40441],[-83.04954,42.40361],[-83.0496,42.40366],[-83.04959,42.40359],[-83.05275,42.4024],[-83.05287,42.40236],[-83.05291,42.40242],[-83.05287,42.40236],[-83.05697,42.40086],[-83.05701,42.40092],[-83.05697,42.40086],[-83.05984,42.39981],[-83.05941,42.39922],[-83.0595,42.39919],[-83.05941,42.39922],[-83.05797,42.39704],[-83.05793,42.39697],[-83.05799,42.39695],[-83.05793,42.39697],[-83.05706,42.39565],[-83.05711,42.39561],[-83.05705,42.39563],[-83.05578,42.3937],[-83.05798,42.39289],[-83.0588,42.39244],[-83.06503,42.38844],[-83.06747,42.38701],[-83.06743,42.38698],[-83.06885,42.3861],[-83.06894,42.38605],[-83.06897,42.38611],[-83.06894,42.38605],[-83.07148,42.3845],[-83.07857,42.38191],[-83.08044,42.38117],[-83.08051,42.38107],[-83.08026,42.38064],[-83.08037,42.38059],[-83.08025,42.38063],[-83.07934,42.37926],[-83.0794,42.37924],[-83.07933,42.37926],[-83.07776,42.37693],[-83.07793,42.37687],[-83.07776,42.37693],[-83.07771,42.37686],[-83.0761,42.37448],[-83.07626,42.37442],[-83.0761,42.37448],[-83.07592,42.37423],[-83.07478,42.3725],[-83.07481,42.37238],[-83.07473,42.37223],[-83.07344,42.37034],[-83.07488,42.3698],[-83.07357,42.36786],[-83.06987,42.36925],[-83.06368,42.36001],[-83.06363,42.35993],[-83.06368,42.35991],[-83.06343,42.35964],[-83.06229,42.35786],[-83.06066,42.35555],[-83.06072,42.35553],[-83.06066,42.35555],[-83.05896,42.35304],[-83.05902,42.35301],[-83.05896,42.35304],[-83.0583,42.35205],[-83.05788,42.35129],[-83.05596,42.34841],[-83.05645,42.3482],[-83.0565,42.34826],[-83.05645,42.3482],[-83.05796,42.34753],[-83.05762,42.347],[-83.05773,42.34696],[-83.05762,42.347],[-83.05752,42.34686],[-83.05496,42.34302],[-83.05501,42.34287],[-83.0532,42.34021],[-83.05293,42.34008],[-83.0527,42.33974],[-83.05275,42.33966],[-83.0526,42.33941],[-83.05266,42.33939],[-83.05254,42.33933],[-83.05095,42.33696],[-83.05075,42.33686],[-83.04996,42.33568],[-83.05004,42.33565],[-83.04996,42.33568],[-83.0485,42.33379],[-83.04859,42.33376],[-83.0485,42.33379],[-83.04705,42.33192],[-83.04703,42.33125],[-83.04693,42.33105],[-83.0465,42.33085],[-83.04592,42.33015],[-83.04702,42.32968],[-83.04707,42.32972],[-83.04702,42.32968],[-83.04917,42.32876],[-83.04859,42.32798],[-83.04648,42.32889],[-83.04626,42.3289]]]}},{"type":"Feature","properties":{"agency":"smart","agency_label":"SMART","route":"510","name":"Van Dyke","route_type":3},"geometry":{"type":"MultiLineString","coordinates":[[[-83.0187,42.4482],[-83.01871,42.44833],[-83.01763,42.44837],[-83.01753,42.44851],[-83.01754,42.44866],[-83.02476,42.44845],[-83.02485,42.44896],[-83.0247,42.44897],[-83.02486,42.44897],[-83.0257,42.45275],[-83.02556,42.45277],[-83.0257,42.45275],[-83.02634,42.45571],[-83.02636,42.45611],[-83.02622,42.45612],[-83.02621,42.45603],[-83.02622,42.45612],[-83.02636,42.45611],[-83.02639,42.45646],[-83.02653,42.45973],[-83.0264,42.45973],[-83.02653,42.45973],[-83.02672,42.46389],[-83.02656,42.4639],[-83.02672,42.46389],[-83.02683,42.46657],[-83.02671,42.46657],[-83.02683,42.46657],[-83.02697,42.47],[-83.0268,42.47004],[-83.02699,42.47022],[-83.02693,42.47128],[-83.02705,42.47195],[-83.0269,42.47192],[-83.02705,42.4722],[-83.02713,42.47533],[-83.02702,42.47558],[-83.02719,42.47672],[-83.02723,42.47789],[-83.02707,42.47789],[-83.02723,42.47789],[-83.02735,42.48108],[-83.0272,42.48103],[-83.02735,42.48108],[-83.02748,42.48435],[-83.0275,42.48502],[-83.02734,42.48503],[-83.0275,42.48502],[-83.02751,42.48516],[-83.02769,42.4897],[-83.02755,42.4897],[-83.02769,42.4897],[-83.0278,42.49258],[-83.02763,42.49255],[-83.0278,42.49258],[-83.02791,42.49564],[-83.02779,42.49561],[-83.02791,42.49564],[-83.02795,42.49668],[-83.02795,42.49686],[-83.02762,42.49686],[-83.02768,42.49708],[-83.02796,42.49707],[-83.02797,42.49728],[-83.02805,42.49941],[-83.02788,42.49941],[-83.02805,42.49941],[-83.02811,42.50111],[-83.02798,42.50108],[-83.02811,42.50111],[-83.0282,42.50359],[-83.02807,42.50359],[-83.0282,42.50359],[-83.02825,42.50511],[-83.02814,42.50511],[-83.02825,42.50511],[-83.02835,42.50742],[-83.02835,42.50755],[-83.02814,42.50756],[-83.02835,42.50755],[-83.02851,42.51063],[-83.02834,42.51063],[-83.02851,42.51063],[-83.02858,42.51201],[-83.0286,42.5126],[-83.02844,42.51261],[-83.02844,42.51256],[-83.02844,42.51261],[-83.0286,42.5126],[-83.02871,42.51568],[-83.02855,42.51568],[-83.02871,42.51568],[-83.02872,42.5158],[-83.02878,42.51773],[-83.02863,42.51773],[-83.02878,42.51773],[-83.02884,42.51936],[-83.02887,42.52036],[-83.02876,42.52044],[-83.02881,42.52158],[-83.02874,42.52159],[-83.02881,42.52158],[-83.02886,42.52292],[-83.02895,42.52301],[-83.02895,42.52311],[-83.02879,42.52312],[-83.02895,42.52311],[-83.02896,42.52327],[-83.02912,42.52769],[-83.02895,42.5277],[-83.02912,42.52769],[-83.02922,42.53108],[-83.02922,42.53132],[-83.02898,42.53138],[-83.02893,42.53153],[-83.02897,42.53165],[-83.02909,42.53169],[-83.02894,42.53161],[-83.02896,42.53141],[-83.02922,42.53132],[-83.02931,42.53561],[-83.02914,42.53561],[-83.02931,42.53561],[-83.02931,42.53774],[-83.02907,42.53975],[-83.02893,42.53974],[-83.02907,42.53975],[-83.02887,42.5418],[-83.02872,42.54178],[-83.02887,42.5418],[-83.02869,42.54374],[-83.02847,42.54373],[-83.02869,42.54374],[-83.02878,42.54655],[-83.02863,42.54655],[-83.02878,42.54655],[-83.02884,42.54754],[-83.0287,42.54795],[-83.02877,42.55013],[-83.02863,42.55013],[-83.02877,42.55013],[-83.0288,42.55194],[-83.029,42.5548],[-83.02885,42.55481],[-83.029,42.5548],[-83.02914,42.55746],[-83.02904,42.55747],[-83.02914,42.55746],[-83.02923,42.55928],[-83.0292,42.55991],[-83.02934,42.56231],[-83.02928,42.56231],[-83.02934,42.56231],[-83.02943,42.56435],[-83.02933,42.56436],[-83.02943,42.56435],[-83.02984,42.57299],[-83.02984,42.57334],[-83.02973,42.57334],[-83.02984,42.57334],[-83.02985,42.57341],[-83.03009,42.58076],[-83.02997,42.58077],[-83.03009,42.58076],[-83.0301,42.58092],[-83.03028,42.5848],[-83.0302,42.5848],[-83.03028,42.5848],[-83.03029,42.58491],[-83.03043,42.58846],[-83.03008,42.58861],[-83.03044,42.5886],[-83.03056,42.59158],[-83.03039,42.59323],[-83.02954,42.59705],[-83.0291,42.59822],[-83.02905,42.59876],[-83.02925,42.5991],[-83.03035,42.59966],[-83.03065,42.59989],[-83.03091,42.60022],[-83.0311,42.60079],[-83.03109,42.60104],[-83.03101,42.60125],[-83.03082,42.60139],[-83.03081,42.60156],[-83.03102,42.60172],[-83.0311,42.60238],[-83.0312,42.60246],[-83.03126,42.60314],[-83.03116,42.60315],[-83.03126,42.60314],[-83.0313,42.60361],[-83.03142,42.60614],[-83.03133,42.60614],[-83.03142,42.60614],[-83.03154,42.60871],[-83.03148,42.60871],[-83.03154,42.60871],[-83.03169,42.61151],[-83.0316,42.61151],[-83.03169,42.61151],[-83.0318,42.61385],[-83.03171,42.61385],[-83.0318,42.61385],[-83.03196,42.61694],[-83.03187,42.61699],[-83.03196,42.61699],[-83.0321,42.61974],[-83.03203,42.61974],[-83.0321,42.61974],[-83.03225,42.62273],[-83.03225,42.62279],[-83.03213,42.62279],[-83.03225,42.62279],[-83.0324,42.62551],[-83.03107,42.62564],[-83.03082,42.62573],[-83.03082,42.62564],[-83.02402,42.62528],[-83.01299,42.62554],[-83.0105,42.62568],[-83.00662,42.62641],[-82.99327,42.62675],[-82.99303,42.62369],[-82.99276,42.61744],[-82.99235,42.61742],[-82.99239,42.61843],[-82.99091,42.61861]],[[-83.0187,42.4482],[-83.01871,42.44833],[-83.01763,42.44837],[-83.01753,42.44851],[-83.01754,42.44866],[-83.02476,42.44845],[-83.02485,42.44896],[-83.0247,42.44897],[-83.02486,42.44897],[-83.0257,42.45275],[-83.02556,42.45277],[-83.0257,42.45275],[-83.02636,42.45597],[-83.02636,42.45611],[-83.02622,42.45612],[-83.02621,42.45603],[-83.02622,42.45612],[-83.02636,42.45611],[-83.02639,42.45646],[-83.02653,42.45973],[-83.0264,42.45973],[-83.02653,42.45973],[-83.02672,42.46389],[-83.02656,42.4639],[-83.02672,42.46389],[-83.02683,42.46657],[-83.02671,42.46657],[-83.02683,42.46657],[-83.027,42.46995],[-83.0268,42.47004],[-83.02704,42.47068],[-83.02713,42.47178],[-83.0269,42.47192],[-83.02704,42.4728],[-83.02702,42.47558],[-83.02721,42.47712],[-83.02723,42.47789],[-83.02707,42.47789],[-83.02723,42.47789],[-83.02734,42.48066],[-83.02735,42.48108],[-83.0272,42.48108],[-83.0272,42.48103],[-83.02735,42.48108],[-83.02748,42.48435],[-83.0275,42.48502],[-83.02734,42.48503],[-83.0275,42.48502],[-83.02751,42.48516],[-83.02769,42.4897],[-83.02755,42.4897],[-83.02769,42.4897],[-83.0278,42.49258],[-83.02763,42.49255],[-83.0278,42.49258],[-83.02791,42.49564],[-83.02779,42.49561],[-83.02791,42.49564],[-83.02795,42.49668],[-83.02795,42.49686],[-83.02762,42.49686],[-83.02768,42.49708],[-83.02796,42.49707],[-83.02797,42.49728],[-83.02805,42.49941],[-83.02788,42.49941],[-83.02805,42.49941],[-83.02811,42.50111],[-83.02798,42.50108],[-83.02811,42.50111],[-83.0282,42.50359],[-83.02807,42.50359],[-83.0282,42.50359],[-83.02825,42.50511],[-83.02814,42.50511],[-83.02825,42.50511],[-83.02835,42.50742],[-83.02835,42.50755],[-83.02814,42.50756],[-83.02835,42.50755],[-83.02851,42.51063],[-83.02834,42.51063],[-83.02851,42.51063],[-83.02858,42.51201],[-83.0286,42.5126],[-83.02844,42.51261],[-83.02844,42.51256],[-83.02844,42.51261],[-83.0286,42.5126],[-83.02871,42.51568],[-83.02855,42.51568],[-83.02871,42.51568],[-83.02872,42.5158],[-83.02878,42.51773],[-83.02863,42.51773],[-83.02878,42.51773],[-83.02884,42.51936],[-83.02887,42.52036],[-83.02876,42.52044],[-83.02881,42.52158],[-83.02874,42.52159],[-83.02881,42.52158],[-83.02886,42.52292],[-83.02895,42.52301],[-83.02895,42.52311],[-83.02879,42.52312],[-83.02895,42.52311],[-83.02896,42.52327],[-83.02912,42.52769],[-83.02895,42.5277],[-83.02912,42.52769],[-83.02922,42.53108],[-83.02922,42.53132],[-83.02898,42.53138],[-83.02893,42.53153],[-83.02897,42.53165],[-83.02909,42.53169],[-83.02894,42.53161],[-83.02896,42.53141],[-83.02922,42.53132],[-83.02931,42.53561],[-83.02914,42.53561],[-83.02931,42.53561],[-83.02931,42.53774],[-83.02907,42.53975],[-83.02893,42.53974],[-83.02907,42.53975],[-83.02887,42.5418],[-83.02872,42.54178],[-83.02887,42.5418],[-83.02869,42.54374],[-83.02847,42.54373],[-83.02869,42.54374],[-83.02878,42.54655],[-83.02863,42.54655],[-83.02878,42.54655],[-83.02884,42.54754],[-83.0287,42.54795],[-83.02877,42.55013],[-83.02863,42.55013],[-83.02877,42.55013],[-83.0288,42.55194],[-83.029,42.5548],[-83.02885,42.55481],[-83.029,42.5548],[-83.02914,42.55746],[-83.02904,42.55747],[-83.02914,42.55746],[-83.02923,42.55928],[-83.0292,42.55991],[-83.02934,42.56231],[-83.02928,42.56231],[-83.02934,42.56231],[-83.02943,42.56435],[-83.02933,42.56436],[-83.02943,42.56435],[-83.02984,42.57299],[-83.02984,42.57334],[-83.02973,42.57334],[-83.02984,42.57334],[-83.02985,42.57341],[-83.03009,42.58076],[-83.02997,42.58077],[-83.03009,42.58076],[-83.0301,42.58092],[-83.03028,42.5848],[-83.0302,42.5848],[-83.03028,42.5848],[-83.03029,42.58491],[-83.03043,42.58846],[-83.03008,42.58861],[-83.03044,42.5886],[-83.03056,42.59158],[-83.03039,42.59323],[-83.02954,42.59705],[-83.0291,42.59822],[-83.02905,42.59876],[-83.02925,42.5991],[-83.03035,42.59966],[-83.03065,42.59989],[-83.03099,42.60038],[-83.03111,42.60091],[-83.03101,42.60125],[-83.03082,42.60139],[-83.03081,42.60156],[-83.03102,42.60172],[-83.0311,42.60238],[-83.0312,42.60246],[-83.03126,42.60314],[-83.03116,42.60315],[-83.03126,42.60314],[-83.0313,42.60361],[-83.03142,42.60614],[-83.03133,42.60614],[-83.03142,42.60614],[-83.03154,42.60871],[-83.03148,42.60871],[-83.03154,42.60871],[-83.03169,42.61151],[-83.0316,42.61151],[-83.03169,42.61151],[-83.0318,42.61385],[-83.03171,42.61385],[-83.0318,42.61385],[-83.03196,42.61694],[-83.03187,42.61699],[-83.03196,42.61699],[-83.0321,42.61974],[-83.03203,42.61974],[-83.0321,42.61974],[-83.03225,42.62273],[-83.03225,42.62279],[-83.03213,42.62279],[-83.03225,42.62279],[-83.03242,42.62565],[-83.03242,42.62636],[-83.03232,42.62645],[-83.03242,42.62646],[-83.03253,42.62932],[-83.03243,42.62932],[-83.03253,42.62932],[-83.03263,42.63184],[-83.03254,42.63184],[-83.03263,42.63184],[-83.03278,42.63598],[-83.0327,42.63598],[-83.03278,42.63598],[-83.03295,42.64106],[-83.03295,42.6412],[-83.03286,42.6412],[-83.03295,42.6412],[-83.03298,42.64198],[-83.033,42.64287],[-83.03286,42.64288],[-83.033,42.64287],[-83.03301,42.64307],[-83.03321,42.64918],[-83.03311,42.64918],[-83.03321,42.64918],[-83.03334,42.6527],[-83.03324,42.65271],[-83.03334,42.6527],[-83.03343,42.65514],[-83.03486,42.65513],[-83.03486,42.65526],[-83.03486,42.65513],[-83.03498,42.65512],[-83.04672,42.65491],[-83.04732,42.65491],[-83.0473,42.65499],[-83.04732,42.65491],[-83.04743,42.6549],[-83.05019,42.65484],[-83.05128,42.65609],[-83.05316,42.65804],[-83.05348,42.66645],[-83.05348,42.66671],[-83.05339,42.66672],[-83.05348,42.66671],[-83.05358,42.66925],[-83.03838,42.66952],[-83.03839,42.66962],[-83.03838,42.66952],[-83.03506,42.66957],[-83.03511,42.66946],[-83.03506,42.66957],[-83.03356,42.66961],[-83.0206,42.66966],[-83.0206,42.6696],[-83.0206,42.66966],[-83.01073,42.66973],[-83.01058,42.66974],[-83.0106,42.67053],[-83.01062,42.67079],[-83.01079,42.67119],[-83.00978,42.67142]],[[-82.9911,42.61864],[-82.99114,42.61855],[-82.99144,42.6185],[-82.9924,42.61844],[-82.99265,42.62418],[-82.99293,42.62677],[-82.9911,42.62682],[-82.99068,42.62701],[-82.99065,42.62749],[-82.99371,42.6274],[-82.99371,42.62753],[-82.99371,42.6274],[-83.00057,42.62724],[-83.00095,42.62724],[-83.00096,42.62736],[-83.00095,42.62724],[-83.00627,42.62707],[-83.00628,42.6272],[-83.00627,42.62707],[-83.00744,42.62696],[-83.01012,42.62642],[-83.01109,42.62632],[-83.01827,42.62611],[-83.01844,42.62611],[-83.01844,42.62621],[-83.01844,42.62611],[-83.01871,42.6261],[-83.02179,42.62603],[-83.02179,42.62612],[-83.02179,42.62603],[-83.02748,42.62589],[-83.03056,42.6259],[-83.03266,42.62565],[-83.03442,42.62534],[-83.03444,42.62525],[-83.03436,42.62505],[-83.03242,42.6255],[-83.03238,42.62526],[-83.03235,42.62451],[-83.03256,42.6245],[-83.03236,42.6245],[-83.03234,42.62419],[-83.03209,42.61957],[-83.03209,42.61942],[-83.03225,42.61942],[-83.03209,42.61942],[-83.03208,42.61931],[-83.032,42.61666],[-83.03194,42.61656],[-83.0318,42.61393],[-83.03187,42.61393],[-83.0318,42.61393],[-83.03178,42.61364],[-83.03162,42.61051],[-83.0317,42.61051],[-83.03162,42.61051],[-83.03151,42.60811],[-83.0315,42.60778],[-83.03157,42.60777],[-83.03149,42.60771],[-83.03137,42.60513],[-83.03146,42.60513],[-83.03137,42.60513],[-83.03121,42.60256],[-83.03129,42.6024],[-83.03127,42.60192],[-83.03154,42.60146],[-83.03132,42.6011],[-83.03108,42.60008],[-83.03065,42.59903],[-83.03056,42.59848],[-83.0306,42.59792],[-83.0308,42.59708],[-83.03073,42.5969],[-83.03087,42.596],[-83.03082,42.59293],[-83.03087,42.59082],[-83.03095,42.59082],[-83.03087,42.59082],[-83.03075,42.58768],[-83.03081,42.58756],[-83.03075,42.58756],[-83.03065,42.58407],[-83.03055,42.58325],[-83.03053,42.58245],[-83.0306,42.58244],[-83.03053,42.58245],[-83.03052,42.58228],[-83.03016,42.57238],[-83.03016,42.57227],[-83.03024,42.57227],[-83.03016,42.57227],[-83.03015,42.57212],[-83.03006,42.56905],[-83.02999,42.56882],[-83.02978,42.5646],[-83.02988,42.5646],[-83.02978,42.5646],[-83.02975,42.56388],[-83.02964,42.56077],[-83.02973,42.56077],[-83.02964,42.56077],[-83.0293,42.55332],[-83.02936,42.55332],[-83.0293,42.55332],[-83.02917,42.55018],[-83.02894,42.5475],[-83.02906,42.54749],[-83.02894,42.5475],[-83.0288,42.54697],[-83.0287,42.54456],[-83.02872,42.54333],[-83.02882,42.54334],[-83.02872,42.54333],[-83.02885,42.54194],[-83.02897,42.54075],[-83.02914,42.54079],[-83.02897,42.54075],[-83.02915,42.53923],[-83.0293,42.53924],[-83.02915,42.53923],[-83.02921,42.53854],[-83.02936,42.53805],[-83.02943,42.53693],[-83.02937,42.53619],[-83.02942,42.53616],[-83.02933,42.53615],[-83.02926,42.53364],[-83.02926,42.53339],[-83.02942,42.53339],[-83.02926,42.53339],[-83.0292,42.53074],[-83.02931,42.53073],[-83.0292,42.53073],[-83.02907,42.5263],[-83.02923,42.5263],[-83.02907,42.5263],[-83.02896,42.52309],[-83.02904,42.52285],[-83.02899,42.52041],[-83.0289,42.52034],[-83.02887,42.5197],[-83.02903,42.51969],[-83.02887,42.5197],[-83.02874,42.51653],[-83.02888,42.51653],[-83.02874,42.51653],[-83.02869,42.51512],[-83.02869,42.51499],[-83.02885,42.51499],[-83.02869,42.51499],[-83.02855,42.51147],[-83.02864,42.51149],[-83.02855,42.51147],[-83.02849,42.51027],[-83.02849,42.51016],[-83.02864,42.51016],[-83.02848,42.51013],[-83.02837,42.5077],[-83.02853,42.50769],[-83.02837,42.5077],[-83.02827,42.5058],[-83.02837,42.50579],[-83.02827,42.50579],[-83.02818,42.50302],[-83.02831,42.50301],[-83.02818,42.50301],[-83.02809,42.50054],[-83.02822,42.50053],[-83.02809,42.50054],[-83.02801,42.49857],[-83.02809,42.49861],[-83.02801,42.49857],[-83.02794,42.49641],[-83.02809,42.49644],[-83.02794,42.49641],[-83.02792,42.49601],[-83.02773,42.49095],[-83.02773,42.49082],[-83.02783,42.49082],[-83.02772,42.49076],[-83.02754,42.48584],[-83.02768,42.48582],[-83.02754,42.48582],[-83.02746,42.48378],[-83.02746,42.4836],[-83.02753,42.48358],[-83.02745,42.48356],[-83.02738,42.48181],[-83.02737,42.48143],[-83.02752,42.48143],[-83.02737,42.48143],[-83.0273,42.47958],[-83.0273,42.47888],[-83.02742,42.47891],[-83.0273,42.47888],[-83.02729,42.47877],[-83.0272,42.47702],[-83.02734,42.47701],[-83.0272,42.47702],[-83.02719,42.47691],[-83.02705,42.473],[-83.02703,42.47235],[-83.02718,42.47234],[-83.02703,42.47235],[-83.02692,42.46878],[-83.02699,42.46878],[-83.02692,42.46878],[-83.02687,42.4677],[-83.02686,42.46719],[-83.02699,42.46715],[-83.02686,42.46716],[-83.02684,42.46684],[-83.02677,42.46497],[-83.02688,42.46497],[-83.02677,42.46497],[-83.02666,42.46262],[-83.02674,42.46262],[-83.02666,42.46262],[-83.02652,42.45941],[-83.02651,42.4591],[-83.02664,42.45909],[-83.02651,42.4591],[-83.02638,42.45619],[-83.02628,42.45541],[-83.02636,42.45538],[-83.02627,42.45537],[-83.02563,42.45253],[-83.02552,42.45196],[-83.02567,42.45194],[-83.02552,42.45196],[-83.02484,42.44891],[-83.02491,42.4489],[-83.02484,42.44891],[-83.02476,42.44845],[-83.0266,42.44841],[-83.02679,42.44836],[-83.02684,42.44823],[-83.02675,42.44812],[-83.01893,42.44833],[-83.0187,42.4482]],[[-83.00978,42.67142],[-83.00978,42.67134],[-83.00867,42.67131],[-83.00864,42.66983],[-83.00996,42.6698],[-83.00997,42.66988],[-83.02508,42.66973],[-83.02534,42.66973],[-83.02534,42.66964],[-83.02586,42.66963],[-83.03431,42.66957],[-83.03489,42.66957],[-83.03489,42.66969],[-83.03489,42.66957],[-83.0401,42.6695],[-83.04009,42.6694],[-83.0401,42.6695],[-83.04822,42.66938],[-83.04823,42.66945],[-83.04822,42.66938],[-83.05358,42.66925],[-83.05347,42.66634],[-83.05347,42.66628],[-83.05357,42.66627],[-83.05347,42.66628],[-83.05346,42.66621],[-83.05331,42.66195],[-83.05331,42.66185],[-83.05343,42.66185],[-83.05331,42.66185],[-83.05316,42.65804],[-83.05128,42.65609],[-83.05019,42.65484],[-83.0492,42.65486],[-83.04919,42.65477],[-83.0492,42.65486],[-83.04732,42.65491],[-83.03355,42.6551],[-83.03237,42.62452],[-83.03256,42.6245],[-83.03236,42.6245],[-83.03234,42.62419],[-83.03209,42.61957],[-83.03209,42.61942],[-83.03225,42.61942],[-83.03209,42.61942],[-83.03208,42.61931],[-83.032,42.61666],[-83.03194,42.61656],[-83.0318,42.61393],[-83.03187,42.61393],[-83.0318,42.61393],[-83.03178,42.61364],[-83.03162,42.61051],[-83.0317,42.61051],[-83.03162,42.61051],[-83.03151,42.60811],[-83.0315,42.60778],[-83.03157,42.60777],[-83.03149,42.60771],[-83.03137,42.60513],[-83.03146,42.60513],[-83.03137,42.60513],[-83.03121,42.60256],[-83.03129,42.6024],[-83.03127,42.60192],[-83.03154,42.60146],[-83.03132,42.6011],[-83.03108,42.60008],[-83.03065,42.59903],[-83.03056,42.59848],[-83.0306,42.59792],[-83.0308,42.59708],[-83.03073,42.5969],[-83.03087,42.596],[-83.03082,42.59293],[-83.03087,42.59082],[-83.03095,42.59082],[-83.03087,42.59082],[-83.03075,42.58768],[-83.03081,42.58756],[-83.03075,42.58756],[-83.03065,42.58407],[-83.03055,42.58325],[-83.03053,42.58245],[-83.0306,42.58244],[-83.03053,42.58245],[-83.03052,42.58228],[-83.03016,42.57238],[-83.03016,42.57227],[-83.03024,42.57227],[-83.03016,42.57227],[-83.03015,42.57212],[-83.03006,42.56905],[-83.02999,42.56882],[-83.02978,42.5646],[-83.02988,42.5646],[-83.02978,42.5646],[-83.02975,42.56388],[-83.02964,42.56077],[-83.02973,42.56077],[-83.02964,42.56077],[-83.0293,42.55332],[-83.02936,42.55332],[-83.0293,42.55332],[-83.02917,42.55018],[-83.02894,42.5475],[-83.02906,42.54749],[-83.02894,42.5475],[-83.0288,42.54697],[-83.0287,42.54456],[-83.02872,42.54333],[-83.02882,42.54334],[-83.02872,42.54333],[-83.02885,42.54194],[-83.02897,42.54075],[-83.02914,42.54079],[-83.02897,42.54075],[-83.02915,42.53923],[-83.0293,42.53924],[-83.02915,42.53923],[-83.02921,42.53854],[-83.02936,42.53805],[-83.02943,42.53693],[-83.02937,42.53619],[-83.02942,42.53616],[-83.02933,42.53615],[-83.02926,42.53364],[-83.02926,42.53339],[-83.02942,42.53339],[-83.02926,42.53339],[-83.0292,42.53074],[-83.02931,42.53073],[-83.0292,42.53073],[-83.02907,42.5263],[-83.02923,42.5263],[-83.02907,42.5263],[-83.02896,42.52309],[-83.02904,42.52285],[-83.02899,42.52041],[-83.0289,42.52034],[-83.02887,42.5197],[-83.02903,42.51969],[-83.02887,42.5197],[-83.02874,42.51653],[-83.02888,42.51653],[-83.02874,42.51653],[-83.02869,42.51512],[-83.02869,42.51499],[-83.02885,42.51499],[-83.02869,42.51499],[-83.02855,42.51147],[-83.02864,42.51149],[-83.02855,42.51147],[-83.02849,42.51027],[-83.02849,42.51016],[-83.02864,42.51016],[-83.02848,42.51013],[-83.02838,42.50801],[-83.02837,42.5077],[-83.02853,42.50769],[-83.02837,42.5077],[-83.02827,42.5058],[-83.02837,42.50579],[-83.02827,42.50579],[-83.02818,42.50302],[-83.02831,42.50301],[-83.02818,42.50301],[-83.02809,42.50054],[-83.02822,42.50053],[-83.02809,42.50054],[-83.02801,42.49857],[-83.02809,42.49861],[-83.02801,42.49857],[-83.02794,42.49641],[-83.02809,42.49644],[-83.02794,42.49641],[-83.02792,42.49601],[-83.02773,42.49095],[-83.02773,42.49082],[-83.02783,42.49082],[-83.02772,42.49076],[-83.02754,42.48584],[-83.02768,42.48582],[-83.02754,42.48582],[-83.02746,42.48378],[-83.02746,42.4836],[-83.02753,42.48358],[-83.02745,42.48356],[-83.02738,42.48181],[-83.02737,42.48143],[-83.02752,42.48143],[-83.02737,42.48143],[-83.0273,42.47958],[-83.0273,42.47888],[-83.02742,42.47891],[-83.0273,42.47888],[-83.02729,42.47877],[-83.0272,42.47702],[-83.02734,42.47701],[-83.0272,42.47702],[-83.02719,42.47691],[-83.02705,42.473],[-83.02703,42.47235],[-83.02718,42.47234],[-83.02703,42.47235],[-83.02692,42.46878],[-83.02699,42.46878],[-83.02692,42.46878],[-83.02687,42.4677],[-83.02686,42.46719],[-83.02699,42.46715],[-83.02686,42.46716],[-83.02683,42.46652],[-83.02677,42.46497],[-83.02688,42.46497],[-83.02677,42.46497],[-83.02666,42.46262],[-83.02674,42.46262],[-83.02666,42.46262],[-83.02651,42.4591],[-83.02664,42.45909],[-83.02651,42.4591],[-83.02638,42.45619],[-83.02628,42.45541],[-83.02636,42.45538],[-83.02627,42.45537],[-83.02563,42.45253],[-83.02552,42.45196],[-83.02567,42.45194],[-83.02552,42.45196],[-83.02484,42.44891],[-83.02491,42.4489],[-83.02484,42.44891],[-83.02476,42.44845],[-83.0266,42.44841],[-83.02679,42.44836],[-83.02684,42.44823],[-83.02675,42.44812],[-83.01893,42.44833],[-83.0187,42.4482]]]}},{"type":"Feature","properties":{"agency":"smart","agency_label":"SMART","route":"525","name":"Groesbeck","route_type":3},"geometry":{"type":"MultiLineString","coordinates":[[[-83.0187,42.4482],[-83.01871,42.44833],[-83.01858,42.44834],[-83.01448,42.44844],[-83.01447,42.44831],[-83.01447,42.44844],[-83.01098,42.44853],[-83.00748,42.44873],[-83.00715,42.44874],[-83.00714,42.44857],[-83.00715,42.44874],[-83.00268,42.44891],[-83.00253,42.4492],[-83.00243,42.44933],[-83.00238,42.4493],[-83.00243,42.44933],[-83.00004,42.45254],[-82.99995,42.45265],[-82.99988,42.45263],[-82.99995,42.45265],[-82.99196,42.46339],[-82.99157,42.4639],[-82.99152,42.46388],[-82.99157,42.4639],[-82.98962,42.46652],[-82.98937,42.46684],[-82.98917,42.46676],[-82.98937,42.46684],[-82.98642,42.47078],[-82.98646,42.47136],[-82.98632,42.47136],[-82.98646,42.47136],[-82.98651,42.47227],[-82.9867,42.47715],[-82.98667,42.47829],[-82.98744,42.47826],[-82.98745,42.47835],[-82.98744,42.47826],[-82.99319,42.47814],[-82.99414,42.47813],[-82.99414,42.47819],[-82.99414,42.47813],[-82.99832,42.47805],[-82.99854,42.47805],[-82.99854,42.47815],[-82.99854,42.47805],[-82.99903,42.47803],[-83.00115,42.478],[-83.00115,42.47806],[-83.00115,42.478],[-83.00132,42.47799],[-83.00315,42.47796],[-83.00315,42.47806],[-83.00315,42.47796],[-83.00611,42.4779],[-83.00631,42.48496],[-83.00611,42.48496],[-83.00631,42.48496],[-83.00641,42.4877],[-83.00632,42.4877],[-83.00641,42.4877],[-83.00651,42.49047],[-83.00651,42.49067],[-83.00638,42.49068],[-83.00651,42.49067],[-83.00654,42.49165],[-82.99697,42.49178],[-82.98705,42.49213],[-82.97717,42.49293],[-82.97715,42.49276],[-82.97717,42.49293],[-82.97509,42.49307],[-82.97317,42.49332],[-82.97156,42.49342],[-82.96955,42.4934],[-82.96778,42.49578],[-82.96762,42.49588],[-82.96768,42.4959],[-82.96153,42.50409],[-82.96107,42.50469],[-82.96099,42.50466],[-82.96107,42.50469],[-82.95748,42.50948],[-82.95742,42.50946],[-82.95748,42.50948],[-82.94999,42.51949],[-82.94633,42.52433],[-82.94623,42.52429],[-82.94633,42.52433],[-82.94499,42.5261],[-82.94491,42.52605],[-82.94499,42.5261],[-82.94077,42.53168],[-82.92498,42.532],[-82.91926,42.53221],[-82.91599,42.53225],[-82.91599,42.53217],[-82.91365,42.53227],[-82.91319,42.53281],[-82.90781,42.54111],[-82.90818,42.54127],[-82.90929,42.5397],[-82.91006,42.53975],[-82.91005,42.53969],[-82.91896,42.5395],[-82.91891,42.5396],[-82.91896,42.5395],[-82.92382,42.53943],[-82.924,42.53951],[-82.92399,42.53943],[-82.92431,42.53942],[-82.93006,42.53934],[-82.93007,42.53945],[-82.93006,42.53934],[-82.93507,42.53922],[-82.93439,42.54012],[-82.93423,42.54005],[-82.93439,42.54012],[-82.92347,42.55454],[-82.92326,42.55443],[-82.92347,42.55454],[-82.92136,42.55728],[-82.92129,42.55725],[-82.92136,42.55728],[-82.92011,42.55895],[-82.91885,42.5606],[-82.9188,42.56057],[-82.91885,42.5606],[-82.91432,42.56653],[-82.91413,42.56677],[-82.91408,42.56675],[-82.91413,42.56677],[-82.91285,42.56847],[-82.90238,42.58221],[-82.9022,42.58273],[-82.9022,42.58325],[-82.90233,42.58367],[-82.90228,42.58368],[-82.90297,42.58533],[-82.90317,42.58599],[-82.90326,42.58663],[-82.90324,42.58741],[-82.90308,42.58809],[-82.90297,42.58807],[-82.90308,42.58809],[-82.90306,42.58817],[-82.90274,42.58889],[-82.90109,42.5911],[-82.90062,42.59216],[-82.90048,42.59283],[-82.90031,42.59543],[-82.90076,42.59544],[-82.90077,42.5951],[-82.90091,42.595]],[[-82.90091,42.595],[-82.90077,42.59499],[-82.90078,42.59478],[-82.90143,42.5948],[-82.90145,42.59434],[-82.90038,42.5943],[-82.90048,42.59282],[-82.90065,42.59283],[-82.90048,42.59282],[-82.90062,42.59216],[-82.90109,42.5911],[-82.90267,42.58901],[-82.90316,42.58783],[-82.90756,42.58825],[-82.90751,42.58949],[-82.90538,42.58913],[-82.90532,42.58803],[-82.90345,42.58779],[-82.90348,42.58767],[-82.90345,42.58779],[-82.90318,42.58776],[-82.90327,42.58698],[-82.90319,42.58608],[-82.90223,42.58338],[-82.90237,42.58335],[-82.90238,42.58341],[-82.90237,42.58335],[-82.90223,42.58336],[-82.9022,42.58325],[-82.9022,42.58273],[-82.90238,42.58221],[-82.90359,42.58059],[-82.90372,42.58064],[-82.90359,42.58059],[-82.90769,42.57526],[-82.90782,42.57535],[-82.90769,42.57526],[-82.90938,42.57304],[-82.90957,42.57309],[-82.90938,42.57304],[-82.91142,42.57033],[-82.91189,42.57053],[-82.91179,42.57064],[-82.91161,42.57061],[-82.91154,42.57071],[-82.91147,42.57068],[-82.91154,42.57071],[-82.91169,42.5706],[-82.91179,42.57064],[-82.91189,42.57053],[-82.91142,42.57033],[-82.91259,42.5688],[-82.91271,42.56885],[-82.91259,42.5688],[-82.91424,42.56663],[-82.91434,42.56667],[-82.91424,42.56663],[-82.91663,42.5635],[-82.91674,42.56354],[-82.91663,42.5635],[-82.92038,42.55859],[-82.92049,42.55845],[-82.92055,42.55848],[-82.92049,42.55845],[-82.92054,42.55838],[-82.92374,42.55417],[-82.9242,42.55415],[-82.92419,42.55405],[-82.9242,42.55415],[-82.92374,42.55417],[-82.92721,42.54962],[-82.9275,42.54976],[-82.92764,42.54956],[-82.92754,42.54953],[-82.92764,42.54956],[-82.92768,42.54948],[-82.92742,42.54934],[-82.92749,42.54924],[-82.93067,42.54503],[-82.93092,42.54519],[-82.93067,42.54503],[-82.93507,42.53922],[-82.93441,42.53924],[-82.93441,42.53914],[-82.93441,42.53924],[-82.92892,42.53937],[-82.92344,42.53944],[-82.92344,42.53936],[-82.92344,42.53944],[-82.91677,42.53955],[-82.91676,42.53948],[-82.91677,42.53955],[-82.90922,42.53971],[-82.91067,42.53751],[-82.91077,42.53755],[-82.91064,42.53751],[-82.91303,42.53388],[-82.91314,42.53394],[-82.91303,42.53388],[-82.91407,42.53228],[-82.91457,42.53227],[-82.91458,42.53237],[-82.91457,42.53227],[-82.91478,42.53226],[-82.91926,42.53221],[-82.92928,42.53192],[-82.92959,42.53192],[-82.9296,42.53199],[-82.92959,42.53192],[-82.93175,42.53187],[-82.93174,42.53194],[-82.93175,42.53187],[-82.94077,42.53168],[-82.94091,42.53149],[-82.94102,42.53154],[-82.94091,42.53149],[-82.94282,42.52896],[-82.94296,42.52902],[-82.94282,42.52896],[-82.94536,42.5256],[-82.94545,42.52564],[-82.94536,42.5256],[-82.94661,42.52395],[-82.9467,42.52399],[-82.94661,42.52395],[-82.94867,42.5212],[-82.94894,42.52086],[-82.94906,42.52086],[-82.94894,42.52086],[-82.95238,42.51628],[-82.95254,42.51634],[-82.95238,42.51628],[-82.95491,42.51292],[-82.95496,42.51286],[-82.95509,42.51291],[-82.95496,42.51286],[-82.95792,42.5089],[-82.958,42.50894],[-82.95792,42.5089],[-82.9582,42.50851],[-82.95853,42.50807],[-82.95862,42.50809],[-82.95853,42.50807],[-82.96079,42.5051],[-82.96086,42.50512],[-82.96079,42.5051],[-82.96117,42.50456],[-82.96382,42.50103],[-82.96402,42.50113],[-82.96382,42.50103],[-82.96763,42.49596],[-82.96767,42.4963],[-82.96763,42.49596],[-82.9689,42.49428],[-82.96987,42.49423],[-82.97146,42.494],[-82.97429,42.49381],[-82.97773,42.49372],[-82.97774,42.49383],[-82.97773,42.49372],[-82.98719,42.49298],[-82.98739,42.49298],[-82.9874,42.49309],[-82.98739,42.49298],[-82.98771,42.49296],[-82.99417,42.49273],[-82.99419,42.49295],[-82.99417,42.49273],[-82.99661,42.49264],[-83.00139,42.49259],[-83.0014,42.49276],[-83.00139,42.49259],[-83.00657,42.49255],[-83.00653,42.49141],[-83.0067,42.4914],[-83.00669,42.49132],[-83.0067,42.4914],[-83.00653,42.49141],[-83.00643,42.48835],[-83.00681,42.48832],[-83.00677,42.48745],[-83.00666,42.48745],[-83.00677,42.48745],[-83.00681,42.48832],[-83.00643,42.48835],[-83.0063,42.48484],[-83.0065,42.48484],[-83.0063,42.48484],[-83.0062,42.48134],[-83.0064,42.48134],[-83.0062,42.48134],[-83.00611,42.4779],[-83.00509,42.47792],[-83.00509,42.47785],[-83.00509,42.47792],[-82.99864,42.47804],[-82.99864,42.47792],[-82.99864,42.47804],[-82.99832,42.47805],[-82.9946,42.47812],[-82.9946,42.47803],[-82.9946,42.47812],[-82.99223,42.47816],[-82.99223,42.4781],[-82.99223,42.47816],[-82.98923,42.47822],[-82.98923,42.47813],[-82.98923,42.47822],[-82.98679,42.47828],[-82.98642,42.47078],[-82.98667,42.47048],[-82.98693,42.47059],[-82.98667,42.47048],[-82.98935,42.46688],[-82.9896,42.46699],[-82.98935,42.46688],[-82.99176,42.46365],[-82.99182,42.46368],[-82.99176,42.46365],[-82.99449,42.45997],[-82.9946,42.46002],[-82.99449,42.45997],[-82.99727,42.45622],[-82.99735,42.45625],[-82.99727,42.45622],[-83.00015,42.45238],[-83.00021,42.4524],[-83.00015,42.45238],[-83.00029,42.45217],[-83.00253,42.4492],[-83.0028,42.44918],[-83.0028,42.44924],[-83.0028,42.44918],[-83.00296,42.44917],[-83.00648,42.44908],[-83.01189,42.4488],[-83.01938,42.4486],[-83.01953,42.4485],[-83.01953,42.44837],[-83.01945,42.44831],[-83.01893,42.44833],[-83.0187,42.4482]]]}},{"type":"Feature","properties":{"agency":"smart","agency_label":"SMART","route":"530","name":"Schoenherr","route_type":3},"geometry":{"type":"MultiLineString","coordinates":[[[-83.05652,42.33277],[-83.05649,42.33271],[-83.05787,42.33227],[-83.05772,42.33166],[-83.05675,42.33166],[-83.05675,42.3316],[-83.05675,42.33166],[-83.05471,42.33167],[-83.05471,42.33156],[-83.05199,42.33168],[-83.04955,42.33162],[-83.04955,42.33168],[-83.04826,42.33169],[-83.04608,42.32906],[-83.04452,42.32974],[-83.04446,42.32967],[-83.04452,42.32974],[-83.04249,42.33061],[-83.04314,42.33145],[-83.04335,42.33198],[-83.04328,42.332],[-83.04335,42.33198],[-83.04344,42.33223],[-83.04433,42.3336],[-83.04475,42.3341],[-83.04542,42.33469],[-83.04478,42.33548],[-83.04471,42.33546],[-83.04478,42.33548],[-83.04458,42.33577],[-83.0437,42.33689],[-83.04363,42.33687],[-83.0437,42.33689],[-83.04278,42.33814],[-83.04246,42.33854],[-83.04239,42.33851],[-83.04246,42.33854],[-83.04086,42.34061],[-83.04072,42.34078],[-83.04066,42.34076],[-83.04072,42.34078],[-83.03971,42.34211],[-83.03966,42.34209],[-83.03971,42.34211],[-83.03938,42.34256],[-83.03843,42.34377],[-83.03837,42.34374],[-83.03843,42.34377],[-83.03741,42.34508],[-83.03736,42.34505],[-83.03741,42.34508],[-83.03732,42.34521],[-83.03515,42.34804],[-83.03461,42.34889],[-83.03401,42.34965],[-83.03387,42.34959],[-83.03401,42.34965],[-83.03303,42.35094],[-83.03185,42.35278],[-83.0317,42.35273],[-83.03185,42.35278],[-83.02971,42.35604],[-83.02957,42.35599],[-83.02971,42.35604],[-83.02874,42.35752],[-83.02863,42.35741],[-83.02874,42.35752],[-83.02754,42.35941],[-83.0273,42.35976],[-83.02715,42.35966],[-83.0273,42.35976],[-83.02543,42.36259],[-83.02527,42.36253],[-83.02543,42.36259],[-83.02377,42.36513],[-83.02361,42.36507],[-83.02377,42.36513],[-83.02219,42.36751],[-83.02205,42.36745],[-83.02219,42.36751],[-83.02191,42.36795],[-83.02087,42.36947],[-83.02075,42.36943],[-83.02087,42.36947],[-83.01938,42.37172],[-83.01925,42.37168],[-83.01938,42.37172],[-83.01818,42.37353],[-83.01806,42.3734],[-83.01811,42.37338],[-83.01806,42.3734],[-83.01818,42.37353],[-83.01747,42.3746],[-83.01734,42.37456],[-83.01747,42.3746],[-83.01574,42.37722],[-83.01558,42.37717],[-83.01574,42.37722],[-83.0145,42.37908],[-83.01437,42.37904],[-83.0145,42.37908],[-83.01404,42.37978],[-83.0139,42.37973],[-83.01404,42.37978],[-83.01332,42.38087],[-83.01318,42.38082],[-83.01332,42.38087],[-83.01212,42.38271],[-83.01197,42.38265],[-83.01212,42.38271],[-83.01091,42.38454],[-83.01076,42.38449],[-83.01091,42.38454],[-83.00982,42.38618],[-83.0097,42.38635],[-83.00956,42.38627],[-83.0097,42.38635],[-83.00829,42.38847],[-83.00816,42.38842],[-83.00829,42.38847],[-83.00625,42.39163],[-83.00473,42.39387],[-83.00456,42.39381],[-83.00473,42.39387],[-83.00361,42.39555],[-83.00347,42.39549],[-83.00361,42.39555],[-83.00258,42.3971],[-83.00245,42.39706],[-83.00248,42.39699],[-83.00245,42.39706],[-83.00258,42.3971],[-83.00252,42.39723],[-83.00024,42.40071],[-83.00006,42.40068],[-83.0001,42.40062],[-83.00006,42.40068],[-83.00022,42.40073],[-82.99853,42.40331],[-82.99835,42.40325],[-82.99853,42.40331],[-82.99791,42.40426],[-82.99752,42.40445],[-82.99762,42.40473],[-82.99744,42.40467],[-82.99762,42.40473],[-82.99757,42.40482],[-82.99623,42.40682],[-82.99605,42.40675],[-82.99608,42.40671],[-82.99605,42.40675],[-82.99623,42.40682],[-82.99487,42.40891],[-82.99483,42.40896],[-82.99466,42.4089],[-82.99483,42.40896],[-82.99361,42.41082],[-82.99342,42.41076],[-82.99361,42.41082],[-82.9921,42.41314],[-82.99192,42.41314],[-82.99195,42.41305],[-82.99192,42.41314],[-82.99141,42.41305],[-82.99138,42.41322],[-82.99193,42.4134],[-82.99101,42.4148],[-82.99083,42.41473],[-82.99079,42.41481],[-82.99083,42.41473],[-82.99053,42.41465],[-82.99027,42.41502],[-82.99073,42.41523],[-82.98935,42.41736],[-82.98887,42.41719],[-82.9885,42.41779],[-82.98873,42.41787],[-82.98888,42.41755],[-82.98897,42.41757],[-82.98888,42.41755],[-82.98873,42.41787],[-82.9885,42.41779],[-82.98887,42.41719],[-82.98935,42.41736],[-82.98708,42.42083],[-82.98692,42.42073],[-82.98708,42.42083],[-82.98552,42.42321],[-82.98532,42.42314],[-82.98552,42.42321],[-82.98437,42.42494],[-82.98417,42.42488],[-82.98437,42.42494],[-82.98305,42.42689],[-82.98478,42.42682],[-82.98486,42.42986],[-82.98497,42.4313],[-82.98492,42.43147],[-82.98498,42.43154],[-82.98502,42.43261],[-82.98495,42.43261],[-82.98502,42.43261],[-82.98513,42.43532],[-82.98503,42.43532],[-82.98513,42.43532],[-82.98519,42.43697],[-82.98519,42.43718],[-82.9851,42.43718],[-82.98519,42.43718],[-82.98526,42.43861],[-82.98526,42.43875],[-82.98516,42.43875],[-82.98526,42.43875],[-82.98534,42.44043],[-82.98535,42.44081],[-82.98524,42.44081],[-82.98535,42.44081],[-82.98542,42.44256],[-82.98532,42.44257],[-82.98542,42.44256],[-82.98548,42.44415],[-82.98538,42.44416],[-82.98548,42.44415],[-82.98555,42.44609],[-82.98543,42.44609],[-82.98555,42.44609],[-82.98561,42.44782],[-82.98548,42.44783],[-82.98561,42.44782],[-82.98567,42.44929],[-82.98569,42.45004],[-82.98557,42.45004],[-82.98569,42.45004],[-82.98575,42.45187],[-82.98564,42.45186],[-82.98575,42.45187],[-82.98582,42.45375],[-82.9857,42.45375],[-82.98582,42.45375],[-82.98586,42.45504],[-82.98575,42.45504],[-82.98586,42.45504],[-82.98593,42.45712],[-82.98583,42.45712],[-82.98593,42.45712],[-82.98595,42.45751],[-82.98599,42.45896],[-82.98591,42.45896],[-82.98599,42.45896],[-82.98606,42.46107],[-82.98595,42.46107],[-82.98606,42.46107],[-82.98609,42.46211],[-82.98611,42.46427],[-82.98603,42.46426],[-82.98611,42.46427],[-82.9862,42.46511],[-82.9863,42.46777],[-82.98619,42.46777],[-82.9863,42.46777],[-82.98639,42.46981],[-82.98624,42.46981],[-82.98639,42.46981],[-82.98651,42.47227],[-82.9867,42.47715],[-82.98665,42.47872],[-82.98679,42.47971],[-82.98681,42.48081],[-82.98672,42.48081],[-82.98681,42.48081],[-82.98689,42.48344],[-82.9868,42.48344],[-82.98689,42.48344],[-82.98691,42.4837],[-82.98685,42.48391],[-82.98686,42.48611],[-82.98693,42.48692],[-82.98699,42.48698],[-82.98702,42.48863],[-82.98694,42.48864],[-82.98702,42.48863],[-82.98705,42.48948],[-82.98695,42.48948],[-82.98705,42.48948],[-82.98708,42.49053],[-82.98699,42.49053],[-82.98708,42.49053],[-82.98705,42.49267],[-82.98707,42.49357],[-82.98714,42.49378],[-82.98702,42.49378],[-82.98714,42.49378],[-82.98719,42.49703],[-82.98719,42.49724],[-82.98707,42.49724],[-82.98719,42.49724],[-82.98724,42.50027],[-82.98724,42.5008],[-82.98713,42.5008],[-82.98724,42.5008],[-82.98726,42.50439],[-82.98713,42.50434],[-82.98726,42.50439],[-82.98727,42.50606],[-82.98714,42.50606],[-82.98727,42.50606],[-82.98734,42.50834],[-82.98729,42.50834],[-82.98734,42.50834],[-82.98761,42.5111],[-82.98753,42.51109],[-82.98761,42.5111],[-82.98795,42.51458],[-82.98798,42.51527],[-82.98789,42.51528],[-82.98798,42.51527],[-82.98815,42.51914],[-82.98805,42.51915],[-82.98815,42.51914],[-82.98823,42.52097],[-82.98811,42.52097],[-82.98823,42.52097],[-82.98826,42.52153],[-82.98829,42.52229],[-82.98818,42.52224],[-82.98829,42.52229],[-82.98838,42.52526],[-82.98829,42.52526],[-82.98838,42.52526],[-82.98845,42.52746],[-82.98834,42.52746],[-82.98845,42.52746],[-82.98853,42.52941],[-82.98842,42.52941],[-82.98853,42.52941],[-82.98865,42.53208],[-82.98853,42.53205],[-82.98865,42.53208],[-82.98875,42.53447],[-82.98864,42.53447],[-82.98875,42.53447],[-82.98884,42.53629],[-82.98884,42.53656],[-82.98872,42.53657],[-82.98884,42.53656],[-82.98892,42.53824],[-82.98909,42.53889],[-82.98897,42.5389],[-82.98909,42.53889],[-82.98923,42.53951],[-82.98933,42.54209],[-82.98919,42.54209],[-82.98933,42.54209],[-82.9894,42.54418],[-82.98929,42.54418],[-82.9894,42.54418],[-82.98943,42.5448],[-82.98953,42.54774],[-82.98942,42.54774],[-82.98953,42.54774],[-82.9897,42.55282],[-82.98968,42.55316],[-82.98958,42.55315],[-82.98968,42.55316],[-82.98963,42.5535],[-82.98943,42.5542],[-82.989,42.55504],[-82.98893,42.55515],[-82.98884,42.55512],[-82.98893,42.55515],[-82.98818,42.55641],[-82.98786,42.55716],[-82.98771,42.55783],[-82.98761,42.55783],[-82.98771,42.55783],[-82.98775,42.56122],[-82.98764,42.56123],[-82.98775,42.56122],[-82.98775,42.56228],[-82.98695,42.56226],[-82.98559,42.56205],[-82.98484,42.56218],[-82.9844,42.56244],[-82.98412,42.56273],[-82.98396,42.56311],[-82.98395,42.56379],[-82.98373,42.56381],[-82.98372,42.56396],[-82.98333,42.56401],[-82.98336,42.56408],[-82.98333,42.56401],[-82.98372,42.56396],[-82.98373,42.56381],[-82.98395,42.56379],[-82.98396,42.56311],[-82.98412,42.56273],[-82.9844,42.56244],[-82.98484,42.56218],[-82.98559,42.56205],[-82.98695,42.56226],[-82.98775,42.56228],[-82.98782,42.56531],[-82.98767,42.56531],[-82.98782,42.56531],[-82.98784,42.56645],[-82.98777,42.56709],[-82.98787,42.56778],[-82.98822,42.56876],[-82.98928,42.57046],[-82.98955,42.57115],[-82.9897,42.57187],[-82.9897,42.57285],[-82.98947,42.57481],[-82.9894,42.57481],[-82.98947,42.57481],[-82.98915,42.57762],[-82.98909,42.57762],[-82.98915,42.57762],[-82.98919,42.5782],[-82.98947,42.57897],[-82.98985,42.57951],[-82.99237,42.58204],[-82.99273,42.5827],[-82.9929,42.58335],[-82.99283,42.58428],[-82.99135,42.58877],[-82.99119,42.58937],[-82.99116,42.58995],[-82.9911,42.58995],[-82.99116,42.58995],[-82.9916,42.60159],[-82.99181,42.60549],[-82.99175,42.60554],[-82.99181,42.60554],[-82.99197,42.60888],[-82.99207,42.61143],[-82.99198,42.61143],[-82.99207,42.61143],[-82.99223,42.61501],[-82.99224,42.61532],[-82.99215,42.61532],[-82.99224,42.61532],[-82.99239,42.61847],[-82.99141,42.61849],[-82.99091,42.61861]],[[-82.9911,42.61864],[-82.99115,42.61853],[-82.99141,42.61849],[-82.99239,42.61847],[-82.99244,42.61987],[-82.99287,42.61989],[-82.99209,42.60487],[-82.99215,42.60487],[-82.99209,42.60487],[-82.99201,42.60312],[-82.99191,42.59936],[-82.99183,42.59873],[-82.99172,42.59593],[-82.99177,42.59583],[-82.99168,42.59507],[-82.99148,42.58997],[-82.99153,42.58942],[-82.99321,42.58421],[-82.99327,42.58354],[-82.99322,42.58311],[-82.99303,42.58248],[-82.99271,42.58195],[-82.9924,42.58156],[-82.99006,42.57925],[-82.98969,42.57864],[-82.98954,42.57818],[-82.98952,42.5775],[-82.98999,42.57378],[-82.98994,42.57378],[-82.99008,42.57247],[-82.99005,42.57185],[-82.9897,42.57057],[-82.98945,42.57002],[-82.98853,42.56867],[-82.98815,42.5678],[-82.98795,42.56708],[-82.98783,42.56632],[-82.98783,42.56604],[-82.98794,42.56604],[-82.98783,42.56604],[-82.98781,42.5645],[-82.98789,42.5645],[-82.98781,42.5645],[-82.98775,42.56228],[-82.98695,42.56226],[-82.98559,42.56205],[-82.98484,42.56218],[-82.9844,42.56244],[-82.98412,42.56273],[-82.98396,42.56311],[-82.98395,42.56379],[-82.98373,42.56381],[-82.98372,42.56396],[-82.98333,42.56401],[-82.98336,42.56408],[-82.98333,42.56401],[-82.98372,42.56396],[-82.98373,42.56381],[-82.98395,42.56379],[-82.98396,42.56311],[-82.98412,42.56273],[-82.9844,42.56244],[-82.98484,42.56218],[-82.98559,42.56205],[-82.98695,42.56226],[-82.98775,42.56228],[-82.98773,42.56064],[-82.98781,42.56064],[-82.98773,42.56064],[-82.98772,42.56049],[-82.98767,42.55831],[-82.98778,42.55743],[-82.98782,42.55727],[-82.98792,42.55729],[-82.98782,42.55727],[-82.98818,42.55641],[-82.98917,42.55475],[-82.98924,42.55477],[-82.98917,42.55475],[-82.98958,42.55373],[-82.9897,42.55282],[-82.98969,42.55089],[-82.98949,42.54676],[-82.98956,42.54675],[-82.98949,42.54676],[-82.98939,42.54377],[-82.98945,42.54377],[-82.98939,42.54377],[-82.98929,42.54105],[-82.98936,42.54105],[-82.98929,42.54105],[-82.98923,42.53951],[-82.98914,42.53909],[-82.98923,42.53908],[-82.98914,42.53909],[-82.98891,42.53812],[-82.98887,42.53727],[-82.98894,42.5373],[-82.98887,42.53727],[-82.98886,42.53709],[-82.98875,42.53449],[-82.98881,42.53449],[-82.98875,42.53449],[-82.98868,42.53283],[-82.98874,42.53283],[-82.98868,42.53283],[-82.9886,42.53098],[-82.98865,42.53098],[-82.9886,42.53098],[-82.98849,42.52857],[-82.98854,42.52851],[-82.98849,42.52852],[-82.98843,42.52685],[-82.9885,42.52685],[-82.98843,42.52685],[-82.98836,42.5248],[-82.98842,42.52478],[-82.98836,42.5248],[-82.98835,42.52469],[-82.98823,42.52097],[-82.98829,42.52097],[-82.98822,42.52086],[-82.98791,42.51426],[-82.98799,42.51426],[-82.98791,42.51426],[-82.98759,42.51091],[-82.98765,42.5109],[-82.98758,42.51083],[-82.98727,42.50767],[-82.98726,42.5073],[-82.98734,42.5073],[-82.98726,42.5073],[-82.98725,42.50378],[-82.9873,42.50377],[-82.98725,42.50378],[-82.98722,42.49956],[-82.98729,42.49956],[-82.98722,42.49956],[-82.98718,42.49681],[-82.98726,42.49681],[-82.98718,42.49681],[-82.98715,42.49466],[-82.98721,42.49466],[-82.98715,42.49466],[-82.98713,42.49367],[-82.98721,42.49357],[-82.98721,42.49318],[-82.98702,42.48863],[-82.98702,42.4855],[-82.98687,42.48307],[-82.98679,42.47801],[-82.98642,42.47078],[-82.9864,42.47005],[-82.98646,42.47005],[-82.9864,42.47005],[-82.98639,42.46991],[-82.98628,42.46738],[-82.98628,42.46719],[-82.98633,42.46719],[-82.98627,42.46707],[-82.98619,42.46505],[-82.98624,42.46439],[-82.98609,42.46211],[-82.98571,42.45085],[-82.98575,42.45037],[-82.98529,42.43918],[-82.98524,42.43819],[-82.98519,42.4382],[-82.98524,42.43819],[-82.98478,42.42682],[-82.98305,42.42689],[-82.98489,42.42417],[-82.98497,42.42424],[-82.98489,42.42417],[-82.98627,42.42206],[-82.98645,42.42213],[-82.98627,42.42206],[-82.98787,42.41961],[-82.98805,42.41968],[-82.98787,42.41961],[-82.98882,42.41817],[-82.98901,42.41823],[-82.98882,42.41817],[-82.99055,42.4155],[-82.99074,42.41557],[-82.99055,42.4155],[-82.99211,42.41313],[-82.99232,42.41284],[-82.99253,42.41284],[-82.99238,42.41274],[-82.99361,42.41082],[-82.99381,42.41089],[-82.99376,42.41098],[-82.99381,42.41089],[-82.99361,42.41082],[-82.99535,42.40819],[-82.9955,42.40828],[-82.99535,42.40819],[-82.99667,42.40613],[-82.99685,42.40587],[-82.99704,42.40594],[-82.997,42.406],[-82.99704,42.40594],[-82.99685,42.40587],[-82.99718,42.40534],[-82.99768,42.40463],[-82.99787,42.4047],[-82.99768,42.40463],[-82.99973,42.40144],[-83.00067,42.40004],[-83.00088,42.4001],[-83.00067,42.40004],[-83.00194,42.39808],[-83.00215,42.39816],[-83.00194,42.39808],[-83.00254,42.39718],[-83.00275,42.39723],[-83.00254,42.39718],[-83.0029,42.39661],[-83.00363,42.39552],[-83.00383,42.3956],[-83.00363,42.39552],[-83.00467,42.39396],[-83.0049,42.39404],[-83.00467,42.39396],[-83.00558,42.39259],[-83.00573,42.39264],[-83.00579,42.39256],[-83.00573,42.39264],[-83.00558,42.39259],[-83.00718,42.39015],[-83.00739,42.39023],[-83.00718,42.39015],[-83.00806,42.38882],[-83.00827,42.3889],[-83.00806,42.38882],[-83.00944,42.38675],[-83.00964,42.38682],[-83.00944,42.38675],[-83.01122,42.38406],[-83.0114,42.38412],[-83.01122,42.38406],[-83.01304,42.38131],[-83.01323,42.38137],[-83.01304,42.38131],[-83.01443,42.37918],[-83.01483,42.37859],[-83.01494,42.37864],[-83.01483,42.37859],[-83.01612,42.37666],[-83.01629,42.37672],[-83.01626,42.37677],[-83.01622,42.3765],[-83.01666,42.37584],[-83.01693,42.37581],[-83.01681,42.37568],[-83.01834,42.37333],[-83.01852,42.37338],[-83.01841,42.37314],[-83.0188,42.37257],[-83.01903,42.37261],[-83.01902,42.37219],[-83.02053,42.36999],[-83.02071,42.37006],[-83.02053,42.36999],[-83.02244,42.36713],[-83.02262,42.36719],[-83.02244,42.36713],[-83.02422,42.36444],[-83.02469,42.36437],[-83.02467,42.36424],[-83.02458,42.36425],[-83.02467,42.36424],[-83.02487,42.3639],[-83.02462,42.36382],[-83.02546,42.36255],[-83.02563,42.36261],[-83.02546,42.36255],[-83.0263,42.36126],[-83.02648,42.36133],[-83.0263,42.36126],[-83.02822,42.35835],[-83.02837,42.35846],[-83.02822,42.35835],[-83.02924,42.35676],[-83.02955,42.35686],[-83.02936,42.35697],[-83.02937,42.35705],[-83.02966,42.35746],[-83.03027,42.35724],[-83.02959,42.35623],[-83.03035,42.35507],[-83.03054,42.35514],[-83.03035,42.35507],[-83.03224,42.35217],[-83.03235,42.3522],[-83.03224,42.35217],[-83.03303,42.35094],[-83.03355,42.35024],[-83.0337,42.35028],[-83.03361,42.35017],[-83.03426,42.34931],[-83.03478,42.34879],[-83.03524,42.34818],[-83.0353,42.3482],[-83.03524,42.34818],[-83.0353,42.34809],[-83.03771,42.34509],[-83.03766,42.34508],[-83.03969,42.3424],[-83.03985,42.3422],[-83.03991,42.34223],[-83.03985,42.3422],[-83.04317,42.33789],[-83.04324,42.33792],[-83.04317,42.33789],[-83.0456,42.33475],[-83.04524,42.33453],[-83.04472,42.33385],[-83.0436,42.33218],[-83.04346,42.33146],[-83.04216,42.32986],[-83.04416,42.329],[-83.04419,42.32911],[-83.0442,42.32898],[-83.04491,42.32865],[-83.04524,42.32859],[-83.04528,42.32864],[-83.04524,42.32859],[-83.0456,42.32844],[-83.04627,42.32931],[-83.04618,42.32935],[-83.04627,42.32931],[-83.04744,42.33075],[-83.04982,42.32969],[-83.05069,42.33081],[-83.05067,42.33096],[-83.05073,42.33095],[-83.05086,42.33132],[-83.05078,42.33168],[-83.05191,42.33167],[-83.05185,42.33176],[-83.05191,42.33167],[-83.05431,42.33168],[-83.05441,42.33187],[-83.05428,42.33191],[-83.05441,42.33187],[-83.05514,42.33314],[-83.05625,42.33279],[-83.05652,42.33277]]]}},{"type":"Feature","properties":{"agency":"smart","agency_label":"SMART","route":"550","name":"Garfield","route_type":3},"geometry":{"type":"MultiLineString","coordinates":[[[-82.91314,42.53394],[-82.91287,42.53376],[-82.91267,42.53373],[-82.90789,42.54105],[-82.90793,42.54125],[-82.90823,42.54124],[-82.90922,42.53972],[-82.91891,42.5396],[-82.9258,42.53942],[-82.93007,42.53945],[-82.94122,42.53913],[-82.94259,42.53916],[-82.94315,42.53907],[-82.94967,42.53898],[-82.95025,42.55112],[-82.95058,42.56145],[-82.95113,42.57448],[-82.95138,42.57579],[-82.95205,42.57794],[-82.95203,42.57908],[-82.95171,42.58066],[-82.95284,42.61349],[-82.95333,42.62443],[-82.95432,42.62446],[-82.956,42.6256],[-82.95646,42.6257],[-82.96114,42.6256],[-82.96165,42.62543],[-82.96195,42.62518],[-82.96211,42.62486],[-82.9621,42.62453],[-82.96299,42.62445],[-82.96296,42.61711],[-82.96282,42.61404],[-82.9629,42.61404],[-82.96282,42.61404],[-82.96276,42.61271],[-82.96319,42.6127],[-82.96335,42.61279],[-82.97258,42.61242],[-82.97266,42.61253],[-82.97278,42.61634],[-82.97299,42.61989],[-82.97485,42.61986],[-82.97584,42.61991],[-82.97643,42.62017],[-82.97788,42.62119],[-82.97793,42.62114],[-82.97827,42.62135],[-82.97892,42.62158],[-82.98113,42.62214],[-82.98146,42.62161],[-82.98186,42.62124],[-82.98278,42.62056],[-82.98346,42.62023],[-82.9846,42.61995],[-82.9854,42.61991],[-82.98797,42.62022],[-82.98879,42.6204],[-82.98924,42.61967],[-82.98978,42.61912],[-82.99072,42.61865],[-82.99094,42.61859],[-82.9911,42.61864]],[[-82.99091,42.61861],[-82.99017,42.61888],[-82.98962,42.61925],[-82.98924,42.61967],[-82.98878,42.62042],[-82.98797,42.62022],[-82.9854,42.61991],[-82.98467,42.61994],[-82.98349,42.62022],[-82.98278,42.62056],[-82.98186,42.62124],[-82.98146,42.62161],[-82.98109,42.62213],[-82.97827,42.62135],[-82.97683,42.62037],[-82.97573,42.61985],[-82.9753,42.61979],[-82.97319,42.61985],[-82.973,42.61979],[-82.97295,42.61772],[-82.97259,42.61223],[-82.96875,42.61242],[-82.96854,42.61251],[-82.96642,42.61259],[-82.96642,42.6125],[-82.96642,42.61259],[-82.96276,42.61271],[-82.96282,42.61403],[-82.96274,42.61404],[-82.96282,42.61403],[-82.96296,42.61711],[-82.96293,42.62063],[-82.96299,42.6221],[-82.96222,42.62212],[-82.96155,42.62229],[-82.96169,42.62268],[-82.96143,42.62324],[-82.96141,42.62349],[-82.9621,42.62453],[-82.96211,42.62486],[-82.96195,42.62518],[-82.96153,42.62549],[-82.96101,42.62561],[-82.95928,42.62567],[-82.95803,42.62554],[-82.95626,42.62556],[-82.95442,42.62433],[-82.95349,42.62432],[-82.95338,42.62421],[-82.95327,42.6197],[-82.95265,42.60476],[-82.9518,42.58064],[-82.95213,42.57875],[-82.95208,42.57764],[-82.95144,42.57577],[-82.95118,42.57463],[-82.9504,42.55306],[-82.94965,42.53889],[-82.94882,42.53881],[-82.94273,42.53894],[-82.93774,42.53915],[-82.93441,42.53914],[-82.92814,42.53933],[-82.92344,42.53936],[-82.92254,42.53944],[-82.92082,42.53939],[-82.90946,42.53971],[-82.90934,42.53963],[-82.90976,42.53886],[-82.91064,42.53751],[-82.91077,42.53755],[-82.91064,42.53751],[-82.91303,42.53388],[-82.91314,42.53394]]]}},{"type":"Feature","properties":{"agency":"smart","agency_label":"SMART","route":"560","name":"Gratiot Local","route_type":3},"geometry":{"type":"MultiLineString","coordinates":[[[-82.9668,42.45083],[-82.96687,42.45086],[-82.96224,42.45786],[-82.96214,42.45783],[-82.96224,42.45786],[-82.95959,42.46187],[-82.95954,42.46185],[-82.95959,42.46187],[-82.95773,42.46473],[-82.95749,42.46507],[-82.95741,42.46504],[-82.95749,42.46507],[-82.95637,42.46681],[-82.95631,42.46677],[-82.95538,42.46827],[-82.95529,42.46824],[-82.95536,42.46831],[-82.95396,42.47046],[-82.95369,42.47076],[-82.95374,42.47078],[-82.9524,42.47283],[-82.95232,42.47281],[-82.95239,42.47283],[-82.95096,42.47504],[-82.95071,42.4754],[-82.95063,42.47537],[-82.95071,42.4754],[-82.94943,42.47736],[-82.9493,42.47744],[-82.94937,42.47746],[-82.94814,42.47934],[-82.94745,42.48035],[-82.94736,42.48034],[-82.94745,42.48035],[-82.94586,42.48277],[-82.9455,42.4832],[-82.94452,42.48481],[-82.94445,42.48478],[-82.94452,42.48481],[-82.94362,42.4862],[-82.94251,42.48789],[-82.94242,42.48786],[-82.94251,42.4879],[-82.941,42.49018],[-82.94094,42.49014],[-82.941,42.49018],[-82.94012,42.49154],[-82.93967,42.49221],[-82.93959,42.49218],[-82.93967,42.49221],[-82.93958,42.49237],[-82.93508,42.49924],[-82.935,42.49922],[-82.93507,42.49925],[-82.93486,42.49959],[-82.93277,42.50279],[-82.93271,42.50277],[-82.93277,42.50279],[-82.93247,42.50328],[-82.93049,42.50631],[-82.93039,42.50627],[-82.93049,42.50631],[-82.9295,42.5078],[-82.92943,42.50778],[-82.9295,42.5078],[-82.92781,42.5104],[-82.92774,42.51038],[-82.92781,42.5104],[-82.92652,42.5124],[-82.92635,42.51265],[-82.92627,42.51262],[-82.92635,42.51265],[-82.92553,42.51392],[-82.92546,42.5139],[-82.92553,42.51392],[-82.92468,42.51526],[-82.9246,42.51523],[-82.92468,42.51526],[-82.92341,42.51722],[-82.92334,42.51732],[-82.92328,42.51729],[-82.92334,42.51732],[-82.92264,42.51842],[-82.92096,42.52097],[-82.9209,42.52094],[-82.92096,42.52097],[-82.91996,42.52254],[-82.91943,42.52333],[-82.91935,42.52329],[-82.91943,42.52333],[-82.91812,42.52533],[-82.91805,42.52531],[-82.91812,42.52533],[-82.91776,42.52594],[-82.91632,42.52818],[-82.91336,42.53267],[-82.91324,42.53283],[-82.91319,42.53281],[-82.91324,42.53283],[-82.91307,42.53311],[-82.9118,42.53503],[-82.91174,42.53501],[-82.9118,42.53503],[-82.91172,42.53516],[-82.90976,42.53815],[-82.90969,42.53812],[-82.90976,42.53815],[-82.90845,42.54017],[-82.90836,42.54014],[-82.90845,42.54017],[-82.90651,42.54313],[-82.90587,42.54409],[-82.90578,42.54406],[-82.90587,42.54409],[-82.90457,42.5461],[-82.90448,42.54606],[-82.90457,42.5461],[-82.90333,42.54793],[-82.90324,42.54789],[-82.90333,42.54793],[-82.90193,42.55004],[-82.90185,42.55001],[-82.90193,42.55004],[-82.89886,42.55566],[-82.89877,42.55563],[-82.89886,42.55566],[-82.89674,42.55966],[-82.89649,42.56012],[-82.89639,42.56009],[-82.89649,42.56012],[-82.89639,42.56033],[-82.89441,42.56396],[-82.89432,42.56394],[-82.89441,42.56396],[-82.89355,42.56561],[-82.8929,42.56679],[-82.8928,42.56676],[-82.8929,42.56679],[-82.89086,42.57057],[-82.89078,42.57056],[-82.89086,42.57057],[-82.88871,42.57459],[-82.8886,42.57478],[-82.88852,42.57476],[-82.8886,42.57478],[-82.88778,42.57629],[-82.8872,42.57683],[-82.88517,42.57765],[-82.88464,42.57807],[-82.88451,42.57832],[-82.88445,42.57881],[-82.88435,42.57881],[-82.88445,42.57881],[-82.88431,42.58077],[-82.8838,42.58173],[-82.88372,42.58171],[-82.8838,42.58173],[-82.88306,42.58317],[-82.88296,42.58315],[-82.88305,42.58318],[-82.88211,42.58527],[-82.88204,42.58523],[-82.88211,42.58527],[-82.881,42.58763],[-82.88002,42.58999],[-82.87995,42.58998],[-82.88002,42.58999],[-82.87911,42.59207],[-82.87905,42.59205],[-82.87911,42.59207],[-82.87809,42.59456],[-82.87802,42.59456],[-82.87809,42.59456],[-82.87748,42.59668],[-82.87704,42.59711],[-82.87585,42.59778],[-82.87411,42.59848],[-82.87376,42.59892],[-82.87371,42.59918],[-82.87378,42.59937],[-82.87495,42.60057],[-82.8749,42.6006],[-82.87495,42.60057],[-82.87564,42.60122],[-82.87555,42.60145],[-82.87324,42.60595],[-82.87313,42.60615],[-82.87307,42.60614],[-82.87313,42.60615],[-82.87229,42.60781],[-82.87221,42.60779],[-82.87229,42.60781],[-82.87156,42.60923],[-82.8715,42.60921],[-82.87156,42.60923],[-82.87141,42.60952],[-82.87084,42.61056],[-82.87075,42.61054],[-82.87084,42.61056],[-82.87023,42.6117],[-82.87016,42.61168],[-82.87023,42.6117],[-82.86908,42.61377],[-82.86909,42.61389],[-82.86817,42.61568],[-82.86801,42.61564],[-82.86817,42.61568],[-82.86584,42.6202],[-82.86571,42.62016],[-82.86584,42.6202],[-82.86476,42.62232],[-82.86463,42.62225],[-82.86476,42.62232],[-82.8632,42.62537],[-82.86306,42.62533],[-82.8632,42.62537],[-82.86034,42.63097],[-82.86021,42.63093],[-82.86034,42.63097],[-82.85837,42.63483],[-82.85818,42.63478],[-82.85837,42.63484],[-82.8571,42.63728],[-82.85695,42.63724],[-82.8571,42.63728],[-82.85434,42.64268],[-82.85416,42.64264],[-82.85433,42.64271],[-82.85288,42.64552],[-82.85273,42.64548],[-82.85288,42.64552],[-82.85054,42.65007],[-82.8505,42.65014],[-82.85037,42.65009],[-82.8505,42.65014],[-82.85041,42.65035],[-82.84766,42.65572],[-82.84749,42.65567],[-82.84766,42.65572],[-82.84679,42.65742],[-82.84591,42.65888],[-82.8445,42.66068],[-82.84397,42.66133],[-82.84381,42.66126],[-82.84397,42.66133],[-82.84096,42.66505],[-82.8408,42.66498],[-82.84096,42.66505],[-82.8385,42.66801],[-82.83657,42.67048],[-82.83642,42.67042],[-82.83657,42.67048],[-82.83439,42.67324],[-82.83406,42.6734]],[[-82.9668,42.45083],[-82.96687,42.45086],[-82.96224,42.45786],[-82.96214,42.45783],[-82.96224,42.45786],[-82.95959,42.46187],[-82.95954,42.46185],[-82.95959,42.46187],[-82.95773,42.46473],[-82.95749,42.46507],[-82.95741,42.46504],[-82.95749,42.46507],[-82.95637,42.46681],[-82.95631,42.46677],[-82.95538,42.46827],[-82.95529,42.46824],[-82.95536,42.46831],[-82.95396,42.47046],[-82.95369,42.47076],[-82.95374,42.47078],[-82.9524,42.47283],[-82.95232,42.47281],[-82.95239,42.47283],[-82.95096,42.47504],[-82.95071,42.4754],[-82.95063,42.47537],[-82.95071,42.4754],[-82.94943,42.47736],[-82.9493,42.47744],[-82.94937,42.47746],[-82.94814,42.47934],[-82.94745,42.48035],[-82.94736,42.48034],[-82.94745,42.48035],[-82.94586,42.48277],[-82.9455,42.4832],[-82.94452,42.48481],[-82.94445,42.48478],[-82.94452,42.48481],[-82.94362,42.4862],[-82.94251,42.48789],[-82.94242,42.48786],[-82.94251,42.4879],[-82.941,42.49018],[-82.94094,42.49014],[-82.941,42.49018],[-82.94012,42.49154],[-82.93967,42.49221],[-82.93959,42.49218],[-82.93967,42.49221],[-82.93958,42.49237],[-82.93508,42.49924],[-82.935,42.49922],[-82.93507,42.49925],[-82.93486,42.49959],[-82.93277,42.50279],[-82.93271,42.50277],[-82.93277,42.50279],[-82.93247,42.50328],[-82.93049,42.50631],[-82.93039,42.50627],[-82.93049,42.50631],[-82.9295,42.5078],[-82.92943,42.50778],[-82.9295,42.5078],[-82.92781,42.5104],[-82.92774,42.51038],[-82.92781,42.5104],[-82.92652,42.5124],[-82.92635,42.51265],[-82.92627,42.51262],[-82.92635,42.51265],[-82.92553,42.51392],[-82.92546,42.5139],[-82.92553,42.51392],[-82.92468,42.51526],[-82.9246,42.51523],[-82.92468,42.51526],[-82.92341,42.51722],[-82.92334,42.51732],[-82.92328,42.51729],[-82.92334,42.51732],[-82.92264,42.51842],[-82.92096,42.52097],[-82.9209,42.52094],[-82.92096,42.52097],[-82.91996,42.52254],[-82.91943,42.52333],[-82.91935,42.52329],[-82.91943,42.52333],[-82.91812,42.52533],[-82.91805,42.52531],[-82.91812,42.52533],[-82.91776,42.52594],[-82.91632,42.52818],[-82.91336,42.53267],[-82.91324,42.53283],[-82.91319,42.53281],[-82.91324,42.53283],[-82.91307,42.53311],[-82.9118,42.53503],[-82.91174,42.53501],[-82.9118,42.53503],[-82.91172,42.53516],[-82.90976,42.53815],[-82.90969,42.53812],[-82.90976,42.53815],[-82.90845,42.54017],[-82.90836,42.54014],[-82.90845,42.54017],[-82.90651,42.54313],[-82.90587,42.54409],[-82.90578,42.54406],[-82.90587,42.54409],[-82.90457,42.5461],[-82.90448,42.54606],[-82.90457,42.5461],[-82.90333,42.54793],[-82.90324,42.54789],[-82.90333,42.54793],[-82.90193,42.55004],[-82.90185,42.55001],[-82.90193,42.55004],[-82.89886,42.55566],[-82.89877,42.55563],[-82.89886,42.55566],[-82.89674,42.55966],[-82.89649,42.56012],[-82.89639,42.56009],[-82.89649,42.56012],[-82.89639,42.56033],[-82.89441,42.56396],[-82.89432,42.56394],[-82.89441,42.56396],[-82.89355,42.56561],[-82.8929,42.56679],[-82.8928,42.56676],[-82.8929,42.56679],[-82.89086,42.57057],[-82.89078,42.57056],[-82.89086,42.57057],[-82.88871,42.57459],[-82.8886,42.57478],[-82.88852,42.57476],[-82.8886,42.57478],[-82.88778,42.57629],[-82.8872,42.57683],[-82.88517,42.57765],[-82.88464,42.57807],[-82.88451,42.57832],[-82.88445,42.57881],[-82.88435,42.57881],[-82.88445,42.57881],[-82.88431,42.58077],[-82.8838,42.58173],[-82.88372,42.58171],[-82.8838,42.58173],[-82.88306,42.58317],[-82.88296,42.58315],[-82.88305,42.58318],[-82.88211,42.58527],[-82.88204,42.58523],[-82.88211,42.58527],[-82.881,42.58763],[-82.88002,42.58999],[-82.87995,42.58998],[-82.88002,42.58999],[-82.87911,42.59207],[-82.87905,42.59205],[-82.87911,42.59207],[-82.87809,42.59456],[-82.87802,42.59456],[-82.87809,42.59456],[-82.87748,42.59668],[-82.87703,42.59712],[-82.87585,42.59778],[-82.87411,42.59848],[-82.87376,42.59892],[-82.87371,42.59918],[-82.87378,42.59937],[-82.87495,42.60057],[-82.8749,42.6006],[-82.87495,42.60057],[-82.87564,42.60122],[-82.87555,42.60145],[-82.87324,42.60595],[-82.87313,42.60615],[-82.87307,42.60614],[-82.87313,42.60615],[-82.87229,42.60781],[-82.87221,42.60779],[-82.87229,42.60781],[-82.87156,42.60923],[-82.8715,42.60921],[-82.87156,42.60923],[-82.87141,42.60952],[-82.87084,42.61056],[-82.87075,42.61054],[-82.87084,42.61056],[-82.87023,42.6117],[-82.87016,42.61168],[-82.87023,42.6117],[-82.86908,42.61377],[-82.86909,42.61389],[-82.86817,42.61568],[-82.86801,42.61564],[-82.86817,42.61568],[-82.86584,42.6202],[-82.86571,42.62016],[-82.86584,42.6202],[-82.86476,42.62232],[-82.86463,42.62225],[-82.86476,42.62232],[-82.8632,42.62537],[-82.86306,42.62533],[-82.8632,42.62537],[-82.86034,42.63097],[-82.86021,42.63093],[-82.86034,42.63097],[-82.85837,42.63483],[-82.85818,42.63478],[-82.85837,42.63484],[-82.8571,42.63728],[-82.85695,42.63724],[-82.8571,42.63728],[-82.85434,42.64268],[-82.85416,42.64264],[-82.85433,42.64271],[-82.85288,42.64552],[-82.85273,42.64548],[-82.85288,42.64552],[-82.85054,42.65007],[-82.8505,42.65014],[-82.85037,42.65009],[-82.8505,42.65014],[-82.85041,42.65035],[-82.84766,42.65572],[-82.84749,42.65567],[-82.84766,42.65572],[-82.84679,42.65742],[-82.84619,42.65848],[-82.84503,42.66001],[-82.84397,42.66133],[-82.84381,42.66126],[-82.84397,42.66133],[-82.84096,42.66505],[-82.8408,42.66498],[-82.84096,42.66505],[-82.8385,42.66801],[-82.83657,42.67048],[-82.83642,42.67042],[-82.83657,42.67048],[-82.83421,42.67346],[-82.83406,42.6734],[-82.83421,42.67346],[-82.83323,42.67473],[-82.83031,42.67462],[-82.83014,42.67456],[-82.8266,42.67449],[-82.82666,42.67439],[-82.8266,42.67449],[-82.81578,42.67429],[-82.81579,42.67421],[-82.81578,42.67429],[-82.80764,42.67451],[-82.80763,42.67444],[-82.80764,42.67451],[-82.8009,42.67477],[-82.80089,42.6747],[-82.8009,42.67477],[-82.79699,42.67492],[-82.79698,42.67485],[-82.79699,42.67492],[-82.79327,42.67506],[-82.79326,42.67499],[-82.79327,42.67506],[-82.79122,42.67513],[-82.78635,42.67524],[-82.78635,42.67518],[-82.78635,42.67524],[-82.78615,42.67525],[-82.78065,42.67539],[-82.78031,42.67539],[-82.78031,42.67533],[-82.78031,42.67539],[-82.7785,42.67544],[-82.7785,42.67536],[-82.7785,42.67544],[-82.77388,42.67556],[-82.77387,42.67548],[-82.77388,42.67556],[-82.76734,42.67572],[-82.76734,42.67563],[-82.76734,42.67572],[-82.76211,42.67591],[-82.75442,42.676]],[[-82.8346,42.67311],[-82.83454,42.67304],[-82.83498,42.67246],[-82.8372,42.66967],[-82.83731,42.6697],[-82.83721,42.66966],[-82.8385,42.66801],[-82.84111,42.66485],[-82.84131,42.6647],[-82.84126,42.66468],[-82.84401,42.66128],[-82.84412,42.66115],[-82.84425,42.66121],[-82.84412,42.66115],[-82.84619,42.65848],[-82.84778,42.65547],[-82.84794,42.65552],[-82.84778,42.65547],[-82.85073,42.64965],[-82.85096,42.64965],[-82.85076,42.6496],[-82.85359,42.6441],[-82.85378,42.64415],[-82.8536,42.64409],[-82.85628,42.63891],[-82.85645,42.63896],[-82.85628,42.63891],[-82.85835,42.63487],[-82.8587,42.63434],[-82.85864,42.63432],[-82.86114,42.62941],[-82.86121,42.62929],[-82.86129,42.62931],[-82.86121,42.62929],[-82.86283,42.62613],[-82.86279,42.62608],[-82.86292,42.62596],[-82.86456,42.62271],[-82.86461,42.62262],[-82.86469,42.62264],[-82.86461,42.62262],[-82.86583,42.6202],[-82.86595,42.62023],[-82.86583,42.6202],[-82.86599,42.61988],[-82.8677,42.61661],[-82.86779,42.61664],[-82.8677,42.61661],[-82.86834,42.61526],[-82.86844,42.61527],[-82.86835,42.61525],[-82.86895,42.61408],[-82.86905,42.6139],[-82.87057,42.61263],[-82.87093,42.61221],[-82.87449,42.60524],[-82.87456,42.60525],[-82.8745,42.6052],[-82.87511,42.60403],[-82.87531,42.60375],[-82.87565,42.60347],[-82.87978,42.60118],[-82.88043,42.6005],[-82.88062,42.59995],[-82.88085,42.5971],[-82.87831,42.59677],[-82.87853,42.59631],[-82.87863,42.59633],[-82.87853,42.59631],[-82.88,42.59319],[-82.88136,42.59002],[-82.88233,42.59025],[-82.88231,42.58987],[-82.88208,42.58909],[-82.88208,42.58853],[-82.8833,42.58566],[-82.8843,42.58378],[-82.88435,42.5838],[-82.8843,42.58378],[-82.88588,42.58081],[-82.88595,42.58083],[-82.88588,42.58081],[-82.88775,42.57723],[-82.88779,42.57716],[-82.88788,42.57718],[-82.88779,42.57716],[-82.88961,42.57375],[-82.88971,42.57377],[-82.88961,42.57375],[-82.89025,42.57254],[-82.89079,42.57158],[-82.89087,42.57163],[-82.89079,42.57158],[-82.89245,42.56854],[-82.89256,42.56858],[-82.89245,42.56854],[-82.89337,42.56673],[-82.89461,42.56447],[-82.89469,42.56449],[-82.89461,42.56447],[-82.89473,42.56423],[-82.89648,42.56101],[-82.89655,42.56103],[-82.89648,42.56101],[-82.89782,42.55846],[-82.89793,42.55849],[-82.89782,42.55846],[-82.8981,42.55792],[-82.90005,42.55426],[-82.90015,42.55429],[-82.90005,42.55426],[-82.90153,42.5515],[-82.90188,42.5509],[-82.90198,42.55093],[-82.90188,42.5509],[-82.90205,42.55061],[-82.9042,42.54731],[-82.9043,42.54735],[-82.9042,42.54731],[-82.90545,42.54545],[-82.90551,42.54537],[-82.90559,42.54539],[-82.90551,42.54537],[-82.9079,42.54173],[-82.90803,42.54154],[-82.90813,42.54158],[-82.90803,42.54154],[-82.90807,42.54147],[-82.91064,42.53751],[-82.91077,42.53755],[-82.91064,42.53751],[-82.91303,42.53388],[-82.91314,42.53394],[-82.91303,42.53388],[-82.91446,42.53167],[-82.91459,42.53148],[-82.91472,42.53152],[-82.91459,42.53148],[-82.91624,42.52893],[-82.91646,42.52884],[-82.91633,42.5288],[-82.91705,42.52769],[-82.91736,42.52725],[-82.91748,42.5273],[-82.91736,42.52725],[-82.91997,42.52332],[-82.92248,42.51938],[-82.92253,42.51931],[-82.92265,42.51935],[-82.92253,42.51931],[-82.92471,42.51604],[-82.92609,42.5138],[-82.92619,42.51384],[-82.92609,42.5138],[-82.92677,42.51275],[-82.92686,42.51278],[-82.92677,42.51275],[-82.92761,42.51143],[-82.92773,42.51142],[-82.92764,42.51139],[-82.92942,42.50862],[-82.93086,42.50644],[-82.93091,42.50637],[-82.93099,42.5064],[-82.93091,42.50637],[-82.93263,42.50373],[-82.93272,42.50377],[-82.93263,42.50373],[-82.93422,42.5014],[-82.93417,42.50138],[-82.9356,42.49914],[-82.93568,42.49917],[-82.9356,42.49914],[-82.93683,42.49725],[-82.9369,42.49728],[-82.93683,42.49725],[-82.93712,42.4968],[-82.93938,42.49347],[-82.94084,42.49115],[-82.94098,42.49095],[-82.94103,42.49097],[-82.94098,42.49095],[-82.94234,42.48885],[-82.94242,42.48887],[-82.94234,42.48885],[-82.94372,42.48675],[-82.94398,42.48638],[-82.94404,42.4864],[-82.94398,42.48638],[-82.94469,42.48528],[-82.94497,42.48487],[-82.94504,42.48489],[-82.94497,42.48487],[-82.94623,42.48295],[-82.9463,42.48298],[-82.94623,42.48295],[-82.94656,42.48243],[-82.94784,42.4805],[-82.94792,42.48048],[-82.94787,42.48045],[-82.94846,42.47951],[-82.94869,42.47917],[-82.94876,42.47919],[-82.94869,42.47917],[-82.95133,42.47516],[-82.95146,42.4751],[-82.95139,42.47508],[-82.95143,42.47501],[-82.95318,42.47234],[-82.9535,42.47186],[-82.95359,42.47185],[-82.95353,42.47183],[-82.95361,42.4717],[-82.9543,42.47065],[-82.95436,42.47067],[-82.9543,42.47065],[-82.95434,42.47058],[-82.95536,42.46902],[-82.95542,42.46905],[-82.95536,42.46902],[-82.95692,42.46663],[-82.95702,42.4665],[-82.95709,42.46653],[-82.95702,42.4665],[-82.95835,42.46443],[-82.95851,42.4642],[-82.95858,42.46422],[-82.95851,42.4642],[-82.95906,42.46334],[-82.9608,42.46075],[-82.96085,42.46077],[-82.9608,42.46075],[-82.96123,42.46008],[-82.96196,42.45898],[-82.962,42.45904],[-82.96203,42.45887],[-82.96612,42.4527],[-82.96618,42.45272],[-82.96612,42.4527],[-82.96691,42.45149],[-82.9673,42.45093],[-82.96742,42.45088]],[[-82.75491,42.67612],[-82.75494,42.67604],[-82.75523,42.67603],[-82.76149,42.67592],[-82.76149,42.67599],[-82.76149,42.67592],[-82.76911,42.67567],[-82.76945,42.67567],[-82.76945,42.67576],[-82.76945,42.67567],[-82.77308,42.67557],[-82.77503,42.67553],[-82.77503,42.67565],[-82.77503,42.67553],[-82.77527,42.67552],[-82.78005,42.6754],[-82.78006,42.6755],[-82.78005,42.6754],[-82.78543,42.67526],[-82.78776,42.67521],[-82.78776,42.67531],[-82.78776,42.67521],[-82.79302,42.67507],[-82.79303,42.67517],[-82.79302,42.67507],[-82.79388,42.67503],[-82.79839,42.67486],[-82.7984,42.67497],[-82.79839,42.67486],[-82.80174,42.67473],[-82.80175,42.67483],[-82.80174,42.67473],[-82.80699,42.67453],[-82.807,42.67464],[-82.80699,42.67453],[-82.81092,42.67441],[-82.81092,42.67451],[-82.81092,42.67441],[-82.81231,42.67437],[-82.81504,42.6743],[-82.81504,42.67439],[-82.81504,42.6743],[-82.81539,42.67429],[-82.82591,42.67447],[-82.82849,42.67455],[-82.82847,42.67463],[-82.82849,42.67455],[-82.82865,42.67455],[-82.83322,42.67474],[-82.83454,42.67304],[-82.8346,42.67311],[-82.83454,42.67304],[-82.8372,42.66967],[-82.83731,42.6697],[-82.83721,42.66966],[-82.83735,42.66946],[-82.83894,42.66747],[-82.84111,42.66485],[-82.84131,42.6647],[-82.84126,42.66468],[-82.84412,42.66115],[-82.84425,42.66121],[-82.84412,42.66115],[-82.84619,42.65848],[-82.84778,42.65547],[-82.84794,42.65552],[-82.84778,42.65547],[-82.85073,42.64965],[-82.85076,42.6496],[-82.85096,42.64965],[-82.85076,42.6496],[-82.85359,42.6441],[-82.85378,42.64415],[-82.8536,42.64409],[-82.85628,42.63891],[-82.85645,42.63896],[-82.85628,42.63891],[-82.85697,42.63753],[-82.85856,42.63448],[-82.8587,42.63434],[-82.85862,42.63432],[-82.85875,42.63405],[-82.86115,42.62937],[-82.8612,42.62928],[-82.86129,42.62931],[-82.8612,42.62928],[-82.86279,42.62608],[-82.86456,42.62271],[-82.86461,42.62262],[-82.86469,42.62264],[-82.86461,42.62262],[-82.86585,42.6202],[-82.86595,42.62023],[-82.86585,42.6202],[-82.86742,42.61713],[-82.86769,42.61661],[-82.86779,42.61664],[-82.86769,42.61661],[-82.86839,42.61526],[-82.86844,42.61527],[-82.86839,42.61526],[-82.86898,42.61409],[-82.86938,42.6136],[-82.87056,42.61262],[-82.8709,42.61221],[-82.87449,42.60523],[-82.87456,42.60525],[-82.87449,42.60523],[-82.87516,42.60394],[-82.8754,42.60364],[-82.87574,42.6034],[-82.87967,42.60125],[-82.88019,42.60082],[-82.88048,42.60041],[-82.88063,42.59995],[-82.88084,42.5971],[-82.87833,42.59682],[-82.87856,42.59631],[-82.87863,42.59633],[-82.87856,42.59631],[-82.88136,42.59002],[-82.88233,42.59025],[-82.88231,42.58987],[-82.88208,42.58909],[-82.88208,42.58853],[-82.88327,42.58567],[-82.88435,42.5838],[-82.88586,42.58081],[-82.88595,42.58083],[-82.88586,42.58081],[-82.88778,42.57715],[-82.88788,42.57718],[-82.88778,42.57715],[-82.8896,42.57374],[-82.88971,42.57377],[-82.8896,42.57374],[-82.89077,42.57158],[-82.89087,42.57163],[-82.89077,42.57158],[-82.8924,42.56853],[-82.89256,42.56858],[-82.8924,42.56853],[-82.89459,42.56446],[-82.89469,42.56449],[-82.89459,42.56446],[-82.89645,42.561],[-82.89655,42.56103],[-82.89645,42.561],[-82.8978,42.55846],[-82.89793,42.55849],[-82.8978,42.55846],[-82.90005,42.55426],[-82.90015,42.55429],[-82.90005,42.55426],[-82.90188,42.55089],[-82.90198,42.55093],[-82.90188,42.55089],[-82.90258,42.54975],[-82.90421,42.54732],[-82.9043,42.54735],[-82.90421,42.54732],[-82.90549,42.54536],[-82.90559,42.54539],[-82.90549,42.54536],[-82.90782,42.54183],[-82.90802,42.54154],[-82.90813,42.54158],[-82.90802,42.54154],[-82.91044,42.53785],[-82.91067,42.53751],[-82.91077,42.53755],[-82.91064,42.53751],[-82.91303,42.53388],[-82.91314,42.53394],[-82.91303,42.53388],[-82.91446,42.53167],[-82.91459,42.53148],[-82.91472,42.53152],[-82.91459,42.53148],[-82.91624,42.52893],[-82.91646,42.52884],[-82.91635,42.5288],[-82.91736,42.52726],[-82.91748,42.5273],[-82.91736,42.52726],[-82.92255,42.5193],[-82.92265,42.51935],[-82.92255,42.5193],[-82.92471,42.51604],[-82.92608,42.5138],[-82.92619,42.51384],[-82.92608,42.5138],[-82.92676,42.51275],[-82.92686,42.51278],[-82.92676,42.51275],[-82.92766,42.51136],[-82.92773,42.51142],[-82.92766,42.51136],[-82.92862,42.50983],[-82.93092,42.50637],[-82.93099,42.5064],[-82.93092,42.50637],[-82.93262,42.50373],[-82.93272,42.50377],[-82.93262,42.50373],[-82.93272,42.50356],[-82.93414,42.50137],[-82.93422,42.5014],[-82.93414,42.50137],[-82.9356,42.49914],[-82.93568,42.49917],[-82.9356,42.49914],[-82.93683,42.49725],[-82.9369,42.49728],[-82.93683,42.49725],[-82.93844,42.49477],[-82.93938,42.49347],[-82.94097,42.49094],[-82.94103,42.49097],[-82.94097,42.49094],[-82.94236,42.48885],[-82.94242,42.48887],[-82.94236,42.48885],[-82.94398,42.48638],[-82.94404,42.4864],[-82.94398,42.48638],[-82.94497,42.48487],[-82.94504,42.48489],[-82.94497,42.48487],[-82.94605,42.48321],[-82.94624,42.48296],[-82.9463,42.48298],[-82.94624,42.48296],[-82.94658,42.48241],[-82.94786,42.48046],[-82.94792,42.48048],[-82.94786,42.48046],[-82.94856,42.47939],[-82.94876,42.47919],[-82.94871,42.47918],[-82.95026,42.47676],[-82.95138,42.47507],[-82.95146,42.4751],[-82.95138,42.47507],[-82.95326,42.47218],[-82.9535,42.47182],[-82.95359,42.47185],[-82.9535,42.47182],[-82.95428,42.47064],[-82.95436,42.47067],[-82.95428,42.47064],[-82.95535,42.46902],[-82.95542,42.46905],[-82.95535,42.46902],[-82.95541,42.46891],[-82.95699,42.46649],[-82.95709,42.46653],[-82.95699,42.46649],[-82.9585,42.46419],[-82.95858,42.46422],[-82.9585,42.46419],[-82.95923,42.46308],[-82.96078,42.46075],[-82.96085,42.46077],[-82.96078,42.46075],[-82.96192,42.45901],[-82.962,42.45904],[-82.96192,42.45901],[-82.96336,42.45684],[-82.96341,42.45686],[-82.96336,42.45684],[-82.96453,42.45518],[-82.96448,42.45516],[-82.96595,42.45293],[-82.96611,42.4527],[-82.96618,42.45272],[-82.96611,42.4527],[-82.96656,42.452],[-82.96718,42.4511],[-82.96742,42.45088]]]}},{"type":"Feature","properties":{"agency":"smart","agency_label":"SMART","route":"561","name":"FAST Gratiot","route_type":3},"geometry":{"type":"MultiLineString","coordinates":[[[-83.04626,42.3289],[-83.04631,42.32896],[-83.04452,42.32974],[-83.04446,42.32967],[-83.04452,42.32974],[-83.0425,42.33061],[-83.04306,42.33139],[-83.04344,42.33223],[-83.04433,42.3336],[-83.04475,42.3341],[-83.04542,42.33469],[-83.04246,42.33854],[-83.04239,42.33851],[-83.04246,42.33854],[-83.03866,42.34351],[-83.03839,42.34384],[-83.0383,42.3438],[-83.03839,42.34384],[-83.03496,42.34829],[-83.03469,42.34868],[-83.03469,42.3488],[-83.03306,42.35094],[-83.01974,42.37122],[-83.01741,42.37459],[-83.01734,42.37456],[-83.01741,42.37459],[-83.01738,42.37475],[-83.01723,42.375],[-83.00797,42.38899],[-83.00472,42.39387],[-83.00456,42.39381],[-83.00472,42.39387],[-83.0042,42.39468],[-82.99627,42.40677],[-82.99608,42.40671],[-82.99627,42.40678],[-82.97862,42.43372],[-82.97742,42.43548],[-82.97724,42.43543],[-82.97742,42.43549],[-82.9687,42.4487],[-82.96802,42.44972],[-82.96687,42.45086],[-82.9668,42.45083],[-82.96687,42.45086],[-82.95767,42.4648],[-82.95749,42.46507],[-82.95741,42.46504],[-82.95749,42.46507],[-82.95716,42.46558],[-82.94771,42.48],[-82.94746,42.48036],[-82.94736,42.48034],[-82.94746,42.48036],[-82.94739,42.48048],[-82.9365,42.49701],[-82.92782,42.51041],[-82.92774,42.51038],[-82.92782,42.51041],[-82.92353,42.51708],[-82.91813,42.52534],[-82.91805,42.52531],[-82.91813,42.52535],[-82.91363,42.53229],[-82.91326,42.53283],[-82.91319,42.53281],[-82.91326,42.53283],[-82.91312,42.53305],[-82.90182,42.55024],[-82.89904,42.55536],[-82.89887,42.55566],[-82.89877,42.55563],[-82.89887,42.55566],[-82.89884,42.55573],[-82.89122,42.56995],[-82.89087,42.57059],[-82.89078,42.57056],[-82.89087,42.5706],[-82.88779,42.5763],[-82.8875,42.57664],[-82.88721,42.57684],[-82.88527,42.5776],[-82.88487,42.57785],[-82.88466,42.57808],[-82.88448,42.57849],[-82.88431,42.58077],[-82.88396,42.58157],[-82.88282,42.58366],[-82.87836,42.5938],[-82.8775,42.59666],[-82.87708,42.59712],[-82.87681,42.59728],[-82.87676,42.59723],[-82.87681,42.59728],[-82.87613,42.59766],[-82.87423,42.59842],[-82.87389,42.59871],[-82.87374,42.59905],[-82.87383,42.59935],[-82.87403,42.59962],[-82.87568,42.60124],[-82.87148,42.60941],[-82.86834,42.61526],[-82.86049,42.63069],[-82.86034,42.63097],[-82.86021,42.63093],[-82.86034,42.63097],[-82.85971,42.63228],[-82.84679,42.65742],[-82.84619,42.65848],[-82.84557,42.65931],[-82.84396,42.66132],[-82.84381,42.66126],[-82.84396,42.66132],[-82.83439,42.67324],[-82.83406,42.6734]],[[-82.8346,42.67311],[-82.83454,42.67304],[-82.83498,42.67246],[-82.8385,42.66801],[-82.84401,42.66128],[-82.84412,42.66115],[-82.84425,42.66121],[-82.84412,42.66115],[-82.84586,42.65895],[-82.84656,42.65785],[-82.86114,42.62941],[-82.86129,42.62931],[-82.86121,42.62929],[-82.8613,42.6291],[-82.86895,42.61408],[-82.86905,42.6139],[-82.87057,42.61263],[-82.87093,42.61221],[-82.87511,42.60403],[-82.87531,42.60375],[-82.87565,42.60347],[-82.87978,42.60118],[-82.88043,42.6005],[-82.88062,42.59995],[-82.88085,42.5971],[-82.87831,42.59677],[-82.87853,42.59631],[-82.87863,42.59633],[-82.87853,42.59631],[-82.88136,42.59002],[-82.88233,42.59021],[-82.88231,42.58987],[-82.88208,42.58909],[-82.88208,42.58853],[-82.8833,42.58566],[-82.89025,42.57254],[-82.89245,42.56854],[-82.89256,42.56858],[-82.89245,42.56854],[-82.89337,42.56673],[-82.90005,42.55426],[-82.90015,42.55429],[-82.90005,42.55426],[-82.90223,42.55031],[-82.91279,42.53424],[-82.91303,42.53388],[-82.91314,42.53394],[-82.91303,42.53388],[-82.92297,42.51871],[-82.92842,42.51015],[-82.94846,42.47951],[-82.94869,42.47917],[-82.94876,42.47919],[-82.94869,42.47917],[-82.95835,42.46443],[-82.95851,42.4642],[-82.95858,42.46422],[-82.95851,42.4642],[-82.95906,42.46334],[-82.96691,42.45149],[-82.96735,42.45085],[-82.96742,42.45088],[-82.96735,42.45085],[-82.96802,42.44983],[-82.96802,42.44972],[-82.97687,42.43631],[-82.97791,42.43475],[-82.9781,42.43479],[-82.97793,42.43474],[-82.99679,42.40596],[-82.997,42.406],[-82.9968,42.40595],[-83.00467,42.39396],[-83.0049,42.39404],[-83.00468,42.39395],[-83.01274,42.38174],[-83.01886,42.37256],[-83.01903,42.37261],[-83.01888,42.37254],[-83.02037,42.37021],[-83.02585,42.36199],[-83.03276,42.3514],[-83.03419,42.34943],[-83.03532,42.3481],[-83.04324,42.33792],[-83.04559,42.33474],[-83.04542,42.33469],[-83.04493,42.33423],[-83.04489,42.33405],[-83.0436,42.33218],[-83.04343,42.33141],[-83.04216,42.32986],[-83.04408,42.32903],[-83.04419,42.32911],[-83.04412,42.32902],[-83.04491,42.32865],[-83.04514,42.32863],[-83.04658,42.32801],[-83.04674,42.32801]]]}},{"type":"Feature","properties":{"agency":"smart","agency_label":"SMART","route":"610","name":"Kercheval-Harper","route_type":3},"geometry":{"type":"MultiLineString","coordinates":[[[-83.04626,42.3289],[-83.04631,42.32896],[-83.04452,42.32974],[-83.04446,42.32967],[-83.04452,42.32974],[-83.04124,42.33115],[-83.04119,42.33109],[-83.04123,42.33116],[-83.0383,42.33242],[-83.03825,42.33235],[-83.0383,42.33242],[-83.03672,42.3331],[-83.03623,42.33238],[-83.03569,42.33224],[-83.03543,42.33261],[-83.03442,42.33318],[-83.02224,42.33842],[-83.02219,42.33836],[-83.02224,42.33842],[-83.02003,42.33939],[-83.00971,42.34381],[-83.00964,42.34372],[-83.00969,42.34382],[-83.00439,42.3461],[-83.00331,42.34635],[-83.00031,42.34766],[-82.99931,42.34844],[-82.99921,42.3486],[-82.99741,42.34976],[-82.99732,42.34968],[-82.99741,42.34976],[-82.99497,42.35134],[-82.99487,42.35125],[-82.99496,42.35135],[-82.99021,42.35442],[-82.98727,42.35672],[-82.98716,42.35664],[-82.98727,42.35672],[-82.98382,42.35942],[-82.98371,42.35934],[-82.98382,42.35942],[-82.97934,42.36282],[-82.97014,42.36721],[-82.97009,42.36711],[-82.97014,42.36721],[-82.9694,42.36756],[-82.96484,42.36924],[-82.95956,42.36994],[-82.95816,42.37009],[-82.95814,42.36999],[-82.95815,42.37009],[-82.95313,42.37057],[-82.95311,42.37047],[-82.95313,42.37057],[-82.94891,42.37103],[-82.94378,42.37313],[-82.94369,42.37301],[-82.94378,42.37313],[-82.94131,42.37407],[-82.93889,42.37513],[-82.93879,42.37505],[-82.93889,42.37513],[-82.93858,42.37518],[-82.93766,42.37556],[-82.93793,42.37597],[-82.93779,42.37602],[-82.93793,42.37597],[-82.9398,42.37882],[-82.93975,42.37884],[-82.9398,42.37882],[-82.93991,42.37897],[-82.94119,42.38089],[-82.94113,42.38091],[-82.94119,42.38089],[-82.94134,42.38112],[-82.91365,42.39101],[-82.90375,42.39464],[-82.90379,42.39468],[-82.90202,42.39597],[-82.90174,42.39632],[-82.90165,42.39628],[-82.90173,42.39632],[-82.90063,42.39781],[-82.90055,42.39778],[-82.90063,42.39781],[-82.89989,42.39879],[-82.89981,42.39876],[-82.89989,42.39879],[-82.89847,42.40071],[-82.8984,42.40068],[-82.89847,42.40071],[-82.8968,42.40296],[-82.89674,42.40293],[-82.8968,42.40296],[-82.89528,42.40501],[-82.89523,42.40499],[-82.89528,42.40501],[-82.89199,42.40944],[-82.89263,42.4097],[-82.89257,42.40978],[-82.89263,42.4097],[-82.89589,42.41103],[-82.89583,42.41111],[-82.89589,42.41103],[-82.90062,42.41299],[-82.90055,42.41307],[-82.90062,42.41299],[-82.90485,42.41471],[-82.90493,42.41475],[-82.90488,42.41483],[-82.90493,42.41475],[-82.90735,42.41573],[-82.90731,42.4158],[-82.90735,42.41573],[-82.90939,42.41653],[-82.91053,42.41709],[-82.9118,42.41759],[-82.91176,42.41763],[-82.9118,42.41759],[-82.912,42.41767],[-82.91592,42.41942],[-82.91976,42.42093],[-82.91972,42.42099],[-82.91976,42.42093],[-82.92252,42.42204],[-82.92249,42.42209],[-82.92252,42.42204],[-82.92281,42.42215],[-82.92479,42.42296],[-82.92815,42.42453],[-82.92775,42.42496],[-82.92637,42.4268],[-82.92257,42.43247],[-82.92209,42.43332],[-82.9206,42.43687],[-82.91837,42.44179],[-82.91649,42.44647],[-82.91602,42.44747],[-82.91597,42.44745],[-82.91602,42.44747],[-82.91521,42.4493],[-82.91514,42.44961],[-82.91477,42.4504],[-82.91462,42.45036],[-82.91477,42.4504],[-82.91473,42.4505],[-82.91404,42.452],[-82.91392,42.45191],[-82.91404,42.452],[-82.91387,42.45239],[-82.91341,42.45342],[-82.91327,42.45339],[-82.91341,42.45342],[-82.91224,42.45604],[-82.91211,42.45601],[-82.91224,42.45604],[-82.91129,42.45813],[-82.91119,42.4581],[-82.91129,42.45813],[-82.91114,42.4585],[-82.91035,42.46024],[-82.91025,42.46022],[-82.91035,42.46024],[-82.91032,42.46032],[-82.9093,42.46262],[-82.90918,42.46259],[-82.9093,42.46262],[-82.90872,42.46394],[-82.90861,42.46391],[-82.90872,42.46394],[-82.90753,42.46674],[-82.90748,42.46685],[-82.90737,42.46683],[-82.90748,42.46685],[-82.90629,42.46956],[-82.90618,42.46954],[-82.90629,42.46956],[-82.90626,42.46966],[-82.90556,42.47122],[-82.90548,42.47139],[-82.90537,42.47137],[-82.90548,42.47139],[-82.90545,42.47148],[-82.90496,42.47258],[-82.90486,42.47257],[-82.90496,42.47258],[-82.90398,42.47483],[-82.90387,42.47481],[-82.90398,42.47483],[-82.90275,42.47765],[-82.90266,42.47784],[-82.90257,42.47782],[-82.90266,42.47784],[-82.90126,42.48109],[-82.90116,42.48106],[-82.90126,42.48109],[-82.90044,42.48294],[-82.90035,42.48292],[-82.90044,42.48294],[-82.89949,42.48511],[-82.89941,42.48509],[-82.89949,42.48511],[-82.89875,42.48681],[-82.89866,42.4868],[-82.89875,42.48682],[-82.89825,42.48797],[-82.89791,42.48872],[-82.89782,42.4887],[-82.89791,42.48872],[-82.89745,42.48981],[-82.89728,42.49057],[-82.89727,42.4912],[-82.89717,42.4912],[-82.89727,42.4912],[-82.89744,42.49354],[-82.89734,42.49354],[-82.89745,42.49357],[-82.89764,42.49597],[-82.89765,42.49633],[-82.89755,42.49634],[-82.89765,42.49633],[-82.89766,42.49647],[-82.89774,42.49895],[-82.89764,42.49895],[-82.89774,42.49895],[-82.8978,42.50033],[-82.89769,42.50033],[-82.8978,42.50033],[-82.89781,42.50044],[-82.89789,42.50313],[-82.89802,42.50405],[-82.8979,42.50405],[-82.89802,42.50405],[-82.89817,42.50584],[-82.89819,42.5064],[-82.89809,42.5064],[-82.89819,42.5064],[-82.89825,42.5081],[-82.89815,42.5081],[-82.89825,42.5081],[-82.89835,42.51083],[-82.89835,42.51092],[-82.89825,42.51092],[-82.89835,42.51092],[-82.8985,42.51451],[-82.8984,42.51455],[-82.8985,42.51455],[-82.89851,42.51468],[-82.89864,42.51771],[-82.89853,42.51772],[-82.89864,42.51771],[-82.89872,42.51969],[-82.89863,42.51969],[-82.89872,42.5197],[-82.8988,42.52178],[-82.8988,42.52206],[-82.89872,42.52205],[-82.8988,42.52206],[-82.89881,42.52297],[-82.89858,42.52364],[-82.89761,42.52488],[-82.89684,42.5256],[-82.89632,42.52597],[-82.89518,42.52653],[-82.89264,42.52757],[-82.89267,42.52761],[-82.89209,42.52793],[-82.89164,42.52832],[-82.89005,42.53021],[-82.88998,42.53018],[-82.89005,42.53021],[-82.88753,42.53335],[-82.88744,42.53331],[-82.88753,42.53335],[-82.88596,42.53533],[-82.88588,42.53529],[-82.88596,42.53533],[-82.8849,42.53666],[-82.88384,42.53796],[-82.88377,42.53793],[-82.88384,42.53796],[-82.88352,42.53837],[-82.88237,42.53979],[-82.88229,42.53976],[-82.88237,42.5398],[-82.88093,42.54157],[-82.88086,42.54154],[-82.88091,42.5416],[-82.88007,42.54264],[-82.87998,42.54264],[-82.88005,42.54266],[-82.87908,42.54387],[-82.87898,42.54389],[-82.87904,42.54391],[-82.87837,42.54473],[-82.8783,42.5447],[-82.87837,42.54474],[-82.87761,42.54566],[-82.87757,42.5456],[-82.87761,42.54566],[-82.87545,42.5483],[-82.87539,42.54827],[-82.87545,42.5483],[-82.87538,42.5484],[-82.87418,42.54989],[-82.87407,42.54988],[-82.87416,42.54991],[-82.87303,42.55132],[-82.87294,42.55128],[-82.87303,42.55132],[-82.87063,42.55429],[-82.87036,42.55469],[-82.87012,42.55544],[-82.87015,42.55741],[-82.86861,42.55735],[-82.86861,42.55729],[-82.86861,42.55735],[-82.86825,42.55736],[-82.86623,42.55724],[-82.85756,42.55581],[-82.85686,42.55564],[-82.85583,42.55523],[-82.85506,42.55478],[-82.85423,42.55412],[-82.85372,42.55474],[-82.85366,42.55471],[-82.85372,42.55474],[-82.84944,42.55976],[-82.84929,42.55973],[-82.84941,42.55979],[-82.8486,42.56073],[-82.84573,42.56338],[-82.84562,42.56347],[-82.84548,42.56338],[-82.84562,42.56347],[-82.84227,42.56646],[-82.84347,42.56714],[-82.8434,42.56722],[-82.84347,42.56714],[-82.84361,42.56722],[-82.85081,42.57148],[-82.8515,42.57192],[-82.85215,42.57246],[-82.85801,42.57802],[-82.87585,42.59569],[-82.8775,42.59666],[-82.87708,42.59712],[-82.87681,42.59728],[-82.87676,42.59723],[-82.87681,42.59728],[-82.87613,42.59766],[-82.87444,42.59832],[-82.86825,42.59829],[-82.868,42.5983],[-82.86799,42.59847],[-82.86746,42.59855]],[[-83.04626,42.3289],[-83.04631,42.32896],[-83.04452,42.32974],[-83.04446,42.32967],[-83.04452,42.32974],[-83.04124,42.33115],[-83.04119,42.33109],[-83.04123,42.33116],[-83.0383,42.33242],[-83.03825,42.33235],[-83.0383,42.33242],[-83.03672,42.3331],[-83.03623,42.33238],[-83.03569,42.33224],[-83.03543,42.33261],[-83.03442,42.33318],[-83.02224,42.33842],[-83.02219,42.33836],[-83.02224,42.33842],[-83.02003,42.33939],[-83.00971,42.34381],[-83.00964,42.34372],[-83.00969,42.34382],[-83.00439,42.3461],[-83.00331,42.34635],[-83.00031,42.34766],[-82.99931,42.34844],[-82.99921,42.3486],[-82.99741,42.34976],[-82.99732,42.34968],[-82.99741,42.34976],[-82.99497,42.35134],[-82.99487,42.35125],[-82.99496,42.35135],[-82.99021,42.35442],[-82.98727,42.35672],[-82.98716,42.35664],[-82.98727,42.35672],[-82.98382,42.35942],[-82.98371,42.35934],[-82.98382,42.35942],[-82.97934,42.36282],[-82.97014,42.36721],[-82.97009,42.36711],[-82.97014,42.36721],[-82.9694,42.36756],[-82.96484,42.36924],[-82.95956,42.36994],[-82.95816,42.37009],[-82.95814,42.36999],[-82.95815,42.37009],[-82.95313,42.37057],[-82.95311,42.37047],[-82.95313,42.37057],[-82.94891,42.37103],[-82.94378,42.37313],[-82.94369,42.37301],[-82.94378,42.37313],[-82.94131,42.37407],[-82.93889,42.37513],[-82.93879,42.37505],[-82.93889,42.37513],[-82.93858,42.37518],[-82.93766,42.37556],[-82.93793,42.37597],[-82.93779,42.37602],[-82.93793,42.37597],[-82.9398,42.37882],[-82.93975,42.37884],[-82.9398,42.37882],[-82.93991,42.37897],[-82.94119,42.38089],[-82.94113,42.38091],[-82.94119,42.38089],[-82.94134,42.38112],[-82.91365,42.39101],[-82.90375,42.39464],[-82.90379,42.39468],[-82.90202,42.39597],[-82.90174,42.39632],[-82.90165,42.39628],[-82.90173,42.39632],[-82.90063,42.39781],[-82.90055,42.39778],[-82.90063,42.39781],[-82.89989,42.39879],[-82.89981,42.39876],[-82.89989,42.39879],[-82.89847,42.40071],[-82.8984,42.40068],[-82.89847,42.40071],[-82.8968,42.40296],[-82.89674,42.40293],[-82.8968,42.40296],[-82.89528,42.40501],[-82.89523,42.40499],[-82.89528,42.40501],[-82.89199,42.40944],[-82.89263,42.4097],[-82.89257,42.40978],[-82.89263,42.4097],[-82.89589,42.41103],[-82.89583,42.41111],[-82.89589,42.41103],[-82.90062,42.41299],[-82.90055,42.41307],[-82.90062,42.41299],[-82.90485,42.41471],[-82.90493,42.41475],[-82.90488,42.41483],[-82.90493,42.41475],[-82.90735,42.41573],[-82.90731,42.4158],[-82.90735,42.41573],[-82.90939,42.41653],[-82.91053,42.41709],[-82.9118,42.41759],[-82.91176,42.41763],[-82.9118,42.41759],[-82.912,42.41767],[-82.91592,42.41942],[-82.91976,42.42093],[-82.91972,42.42099],[-82.91976,42.42093],[-82.92252,42.42204],[-82.92249,42.42209],[-82.92252,42.42204],[-82.92281,42.42215],[-82.92479,42.42296],[-82.92812,42.42453],[-82.92649,42.42663],[-82.92261,42.43242],[-82.92204,42.43341],[-82.91837,42.44179],[-82.91666,42.44606],[-82.91814,42.44641],[-82.91815,42.44648],[-82.91816,42.44642],[-82.91836,42.44646],[-82.92293,42.44758],[-82.92287,42.44769],[-82.92294,42.44758],[-82.92669,42.44848],[-82.92664,42.4486],[-82.92669,42.44848],[-82.92814,42.44882],[-82.9297,42.44919],[-82.92964,42.44931],[-82.92972,42.4492],[-82.93222,42.4498],[-82.9321,42.4499],[-82.93222,42.4498],[-82.93398,42.45023],[-82.93395,42.45031],[-82.93398,42.45023],[-82.93552,42.45052],[-82.93698,42.4506],[-82.93698,42.4507],[-82.93698,42.4506],[-82.94386,42.45051],[-82.94384,42.4502],[-82.94132,42.45023],[-82.94299,42.44831],[-82.94267,42.44817],[-82.94075,42.45024],[-82.93742,42.4503],[-82.93609,42.45023],[-82.93437,42.44997],[-82.9339,42.44986],[-82.93393,42.4498],[-82.9339,42.44986],[-82.93152,42.44928],[-82.93156,42.44924],[-82.92881,42.44863],[-82.92881,42.44857],[-82.92877,42.44862],[-82.92818,42.44848],[-82.92707,42.44821],[-82.92709,42.44816],[-82.92707,42.44821],[-82.92377,42.44736],[-82.92312,42.44726],[-82.9168,42.44572],[-82.91602,42.44747],[-82.91597,42.44745],[-82.91602,42.44747],[-82.91483,42.45028],[-82.91477,42.4504],[-82.91462,42.45036],[-82.91477,42.4504],[-82.91404,42.452],[-82.91392,42.45191],[-82.91404,42.452],[-82.91341,42.45342],[-82.91327,42.45339],[-82.91341,42.45342],[-82.91224,42.45604],[-82.91211,42.45601],[-82.91224,42.45604],[-82.91129,42.45813],[-82.91119,42.4581],[-82.91129,42.45813],[-82.91114,42.4585],[-82.91035,42.46024],[-82.91025,42.46022],[-82.91035,42.46024],[-82.91032,42.46032],[-82.9093,42.46262],[-82.90918,42.46259],[-82.9093,42.46262],[-82.90872,42.46394],[-82.90861,42.46391],[-82.90872,42.46394],[-82.90748,42.46685],[-82.90737,42.46683],[-82.90748,42.46685],[-82.90635,42.46943],[-82.90629,42.46956],[-82.90618,42.46954],[-82.90629,42.46956],[-82.90626,42.46966],[-82.90548,42.47139],[-82.90537,42.47137],[-82.90548,42.47139],[-82.90545,42.47148],[-82.90496,42.47258],[-82.90486,42.47257],[-82.90496,42.47258],[-82.90398,42.47483],[-82.90387,42.47481],[-82.90398,42.47483],[-82.90275,42.47765],[-82.90266,42.47784],[-82.90257,42.47782],[-82.90266,42.47784],[-82.90126,42.48109],[-82.90116,42.48106],[-82.90126,42.48109],[-82.90044,42.48294],[-82.90035,42.48292],[-82.90044,42.48294],[-82.89949,42.48511],[-82.89941,42.48509],[-82.89949,42.48511],[-82.89875,42.48681],[-82.89866,42.4868],[-82.89875,42.48682],[-82.89803,42.48846],[-82.89791,42.48872],[-82.89782,42.4887],[-82.89791,42.48872],[-82.89739,42.49002],[-82.89727,42.49066],[-82.89727,42.4912],[-82.89717,42.4912],[-82.89727,42.4912],[-82.89744,42.49354],[-82.89734,42.49354],[-82.89745,42.49357],[-82.89764,42.49597],[-82.89765,42.49633],[-82.89755,42.49634],[-82.89765,42.49633],[-82.89766,42.49647],[-82.89774,42.49895],[-82.89764,42.49895],[-82.89774,42.49895],[-82.8978,42.50033],[-82.89769,42.50033],[-82.8978,42.50033],[-82.89781,42.50044],[-82.89789,42.50313],[-82.89802,42.50405],[-82.8979,42.50405],[-82.89802,42.50405],[-82.89817,42.50584],[-82.89819,42.5064],[-82.89809,42.5064],[-82.89819,42.5064],[-82.89825,42.5081],[-82.89815,42.5081],[-82.89825,42.5081],[-82.89835,42.51083],[-82.89835,42.51092],[-82.89825,42.51092],[-82.89835,42.51092],[-82.8985,42.51451],[-82.8984,42.51455],[-82.8985,42.51455],[-82.89851,42.51468],[-82.89864,42.51771],[-82.89853,42.51772],[-82.89864,42.51771],[-82.89872,42.51969],[-82.89863,42.51969],[-82.89872,42.5197],[-82.89878,42.52111],[-82.8988,42.52206],[-82.89872,42.52205],[-82.8988,42.52206],[-82.89881,42.52297],[-82.89858,42.52364],[-82.89761,42.52488],[-82.89684,42.5256],[-82.89632,42.52597],[-82.89518,42.52653],[-82.89264,42.52757],[-82.89267,42.52761],[-82.89209,42.52793],[-82.89164,42.52832],[-82.89005,42.53021],[-82.88998,42.53018],[-82.89005,42.53021],[-82.88753,42.53335],[-82.88744,42.53331],[-82.88753,42.53335],[-82.88596,42.53533],[-82.88588,42.53529],[-82.88596,42.53533],[-82.8849,42.53666],[-82.88384,42.53796],[-82.88377,42.53793],[-82.88384,42.53796],[-82.88352,42.53837],[-82.88237,42.53979],[-82.88229,42.53976],[-82.88237,42.5398],[-82.88093,42.54157],[-82.88086,42.54154],[-82.88091,42.5416],[-82.88007,42.54264],[-82.87998,42.54264],[-82.88005,42.54266],[-82.87908,42.54387],[-82.87898,42.54389],[-82.87904,42.54391],[-82.87837,42.54473],[-82.8783,42.5447],[-82.87837,42.54474],[-82.87761,42.54566],[-82.87757,42.5456],[-82.87763,42.54564],[-82.87545,42.5483],[-82.87539,42.54827],[-82.87545,42.5483],[-82.87538,42.5484],[-82.87418,42.54989],[-82.87407,42.54988],[-82.87416,42.54991],[-82.87303,42.55132],[-82.87294,42.55128],[-82.87303,42.55132],[-82.87063,42.55429],[-82.87036,42.55469],[-82.87012,42.55544],[-82.87015,42.55741],[-82.86861,42.55735],[-82.86861,42.55729],[-82.86861,42.55735],[-82.86825,42.55736],[-82.86623,42.55724],[-82.85756,42.55581],[-82.85686,42.55564],[-82.85583,42.55523],[-82.85506,42.55478],[-82.85423,42.55412],[-82.85372,42.55474],[-82.85366,42.55471],[-82.85372,42.55474],[-82.84944,42.55976],[-82.84929,42.55973],[-82.84941,42.55979],[-82.8486,42.56073],[-82.84573,42.56338],[-82.84562,42.56347],[-82.84548,42.56338],[-82.84562,42.56347],[-82.84227,42.56646],[-82.84347,42.56714],[-82.8434,42.56722],[-82.84347,42.56714],[-82.84361,42.56722],[-82.85081,42.57148],[-82.8515,42.57192],[-82.85215,42.57246],[-82.85801,42.57802],[-82.87585,42.59569],[-82.8775,42.59666],[-82.87708,42.59712],[-82.87681,42.59728],[-82.87676,42.59723],[-82.87681,42.59728],[-82.87613,42.59766],[-82.87444,42.59832],[-82.86901,42.59827],[-82.86724,42.59835],[-82.86746,42.59855]],[[-82.86746,42.59855],[-82.86745,42.59849],[-82.868,42.59846],[-82.86806,42.59831],[-82.86874,42.59828],[-82.87159,42.59834],[-82.87335,42.59846],[-82.87361,42.59867],[-82.87383,42.59935],[-82.87403,42.59962],[-82.87712,42.60265],[-82.87978,42.60118],[-82.88043,42.6005],[-82.88062,42.59995],[-82.88085,42.5971],[-82.87767,42.59671],[-82.87618,42.59592],[-82.86729,42.58726],[-82.86276,42.58266],[-82.85755,42.57753],[-82.85215,42.57246],[-82.85104,42.57162],[-82.84511,42.56811],[-82.84516,42.56807],[-82.84511,42.56811],[-82.84234,42.56648],[-82.84288,42.56597],[-82.84294,42.56601],[-82.84288,42.56597],[-82.84309,42.56576],[-82.84517,42.56386],[-82.84541,42.56371],[-82.8486,42.56073],[-82.8496,42.55957],[-82.84964,42.55963],[-82.8496,42.55957],[-82.85314,42.55541],[-82.85377,42.55469],[-82.85384,42.55472],[-82.85377,42.55468],[-82.85423,42.55412],[-82.85541,42.55501],[-82.8564,42.55548],[-82.85759,42.55581],[-82.85753,42.55597],[-82.85761,42.55582],[-82.86623,42.55724],[-82.86877,42.55735],[-82.86977,42.55548],[-82.87016,42.5553],[-82.87036,42.55469],[-82.87063,42.55429],[-82.87576,42.54789],[-82.87629,42.54726],[-82.87634,42.54728],[-82.87629,42.54726],[-82.87795,42.54532],[-82.87843,42.54465],[-82.87857,42.54458],[-82.87852,42.54455],[-82.88022,42.54244],[-82.88029,42.54247],[-82.88022,42.54244],[-82.88168,42.54064],[-82.88176,42.54065],[-82.8817,42.54062],[-82.8826,42.53951],[-82.88265,42.53954],[-82.88264,42.53945],[-82.88393,42.53785],[-82.88405,42.5378],[-82.88399,42.53778],[-82.886,42.53527],[-82.88605,42.53529],[-82.886,42.53527],[-82.88857,42.53198],[-82.88868,42.53203],[-82.88857,42.53198],[-82.89045,42.52973],[-82.89055,42.52972],[-82.89049,42.52969],[-82.89156,42.52841],[-82.89188,42.52809],[-82.8924,42.52774],[-82.89632,42.52597],[-82.89684,42.5256],[-82.89761,42.52488],[-82.89821,42.52413],[-82.89826,42.52415],[-82.89821,42.52413],[-82.89858,42.52364],[-82.89877,42.52319],[-82.89876,42.52222],[-82.89885,42.5219],[-82.89879,42.52173],[-82.89858,42.51692],[-82.8982,42.50564],[-82.89789,42.50313],[-82.89788,42.50286],[-82.89795,42.50286],[-82.89788,42.50286],[-82.89787,42.5027],[-82.89779,42.50011],[-82.89785,42.5001],[-82.89779,42.5001],[-82.89759,42.49506],[-82.89727,42.49117],[-82.89727,42.49066],[-82.89739,42.49002],[-82.90468,42.47321],[-82.90624,42.46976],[-82.90906,42.46314],[-82.90965,42.46181],[-82.90974,42.46178],[-82.90967,42.46177],[-82.91062,42.45964],[-82.91069,42.45964],[-82.91062,42.45964],[-82.9115,42.45767],[-82.91157,42.45769],[-82.9115,42.45767],[-82.9126,42.45521],[-82.91266,42.45522],[-82.91261,42.4552],[-82.91297,42.45438],[-82.91316,42.45399],[-82.91322,42.454],[-82.91316,42.45399],[-82.91319,42.4539],[-82.91422,42.45159],[-82.91432,42.45153],[-82.91426,42.45152],[-82.91454,42.45087],[-82.91522,42.44942],[-82.91553,42.44893],[-82.91572,42.44875],[-82.91671,42.44827],[-82.91704,42.44801],[-82.9174,42.44732],[-82.91774,42.44631],[-82.91814,42.44641],[-82.91815,42.44648],[-82.91816,42.44642],[-82.91836,42.44646],[-82.92293,42.44758],[-82.92287,42.44769],[-82.92294,42.44758],[-82.92669,42.44848],[-82.92664,42.4486],[-82.92669,42.44848],[-82.92814,42.44882],[-82.9297,42.44919],[-82.92964,42.44931],[-82.92971,42.4492],[-82.93222,42.4498],[-82.9321,42.4499],[-82.93222,42.4498],[-82.93398,42.45023],[-82.93395,42.45031],[-82.93398,42.45023],[-82.93552,42.45052],[-82.93698,42.4506],[-82.93698,42.4507],[-82.93698,42.4506],[-82.94386,42.45051],[-82.94384,42.4502],[-82.94132,42.45023],[-82.94299,42.44831],[-82.94267,42.44817],[-82.94075,42.45024],[-82.93642,42.45026],[-82.93437,42.44997],[-82.9339,42.44986],[-82.93393,42.4498],[-82.9339,42.44986],[-82.93152,42.44928],[-82.93156,42.44924],[-82.92881,42.44863],[-82.92881,42.44857],[-82.92877,42.44862],[-82.92707,42.44821],[-82.92709,42.44816],[-82.92707,42.44821],[-82.92377,42.44736],[-82.92312,42.44726],[-82.91784,42.44597],[-82.9193,42.44165],[-82.91937,42.44165],[-82.91931,42.44164],[-82.92003,42.43999],[-82.9201,42.44001],[-82.92003,42.43999],[-82.92088,42.43807],[-82.92098,42.43801],[-82.92093,42.43796],[-82.92125,42.43724],[-82.92295,42.43391],[-82.92345,42.433],[-82.92352,42.43302],[-82.92345,42.433],[-82.92424,42.43155],[-82.92516,42.43004],[-82.92927,42.42463],[-82.92584,42.423],[-82.92312,42.42186],[-82.91215,42.41746],[-82.91017,42.41674],[-82.90953,42.4166],[-82.90801,42.416],[-82.89199,42.40944],[-82.90192,42.39607],[-82.904,42.39453],[-82.91709,42.3898],[-82.91713,42.38986],[-82.91709,42.3898],[-82.91837,42.38933],[-82.91905,42.38912],[-82.91908,42.38917],[-82.91909,42.3891],[-82.92087,42.38846],[-82.92104,42.38841],[-82.92107,42.38846],[-82.92104,42.38841],[-82.92309,42.38766],[-82.92312,42.38771],[-82.92309,42.38766],[-82.92835,42.38578],[-82.92857,42.38577],[-82.92855,42.38571],[-82.93142,42.38468],[-82.93145,42.38473],[-82.93142,42.38468],[-82.93729,42.38257],[-82.93798,42.38233],[-82.93801,42.38237],[-82.93798,42.38233],[-82.94134,42.38112],[-82.93775,42.3757],[-82.93872,42.37529],[-82.93876,42.37518],[-82.93982,42.37476],[-82.93989,42.37485],[-82.93982,42.37476],[-82.94234,42.3738],[-82.9444,42.37287],[-82.94451,42.37295],[-82.94444,42.37286],[-82.94475,42.37272],[-82.94891,42.37103],[-82.95304,42.37058],[-82.95327,42.37056],[-82.95329,42.37067],[-82.95327,42.37056],[-82.95348,42.37053],[-82.95953,42.36994],[-82.95955,42.37006],[-82.95954,42.36994],[-82.96484,42.36924],[-82.9694,42.36756],[-82.97096,42.36682],[-82.97104,42.36693],[-82.97096,42.36682],[-82.97934,42.36282],[-82.98084,42.36174],[-82.98478,42.35867],[-82.98487,42.35873],[-82.98478,42.35867],[-82.98728,42.35671],[-82.98738,42.35677],[-82.98729,42.35671],[-82.99021,42.35442],[-82.99453,42.35162],[-82.99464,42.35173],[-82.99453,42.35162],[-82.99882,42.34885],[-82.99886,42.34894],[-82.99882,42.34885],[-82.99942,42.34855],[-83.00051,42.34783],[-83.00934,42.34396],[-83.01042,42.3435],[-83.01048,42.34357],[-83.01042,42.3435],[-83.0228,42.33816],[-83.02308,42.33805],[-83.02313,42.33811],[-83.02308,42.33805],[-83.02915,42.33543],[-83.03638,42.3324],[-83.04412,42.32902],[-83.04419,42.32911],[-83.04412,42.32902],[-83.04658,42.32801],[-83.04674,42.32801]],[[-82.86746,42.59855],[-82.86745,42.59849],[-82.868,42.59846],[-82.86806,42.59831],[-82.86874,42.59828],[-82.87159,42.59834],[-82.87335,42.59846],[-82.87361,42.59867],[-82.87383,42.59935],[-82.87403,42.59962],[-82.87712,42.60265],[-82.87978,42.60118],[-82.88043,42.6005],[-82.88062,42.59995],[-82.88085,42.5971],[-82.87767,42.59671],[-82.87618,42.59592],[-82.86729,42.58726],[-82.86276,42.58266],[-82.85755,42.57753],[-82.85215,42.57246],[-82.85104,42.57162],[-82.84511,42.56811],[-82.84516,42.56807],[-82.84511,42.56811],[-82.84234,42.56648],[-82.84288,42.56597],[-82.84294,42.56601],[-82.84288,42.56597],[-82.84309,42.56576],[-82.84517,42.56386],[-82.84541,42.56371],[-82.8486,42.56073],[-82.8496,42.55957],[-82.84964,42.55963],[-82.8496,42.55957],[-82.85314,42.55541],[-82.85377,42.55469],[-82.85384,42.55472],[-82.85377,42.55468],[-82.85423,42.55412],[-82.85541,42.55501],[-82.8564,42.55548],[-82.85759,42.55581],[-82.85753,42.55597],[-82.85761,42.55582],[-82.86623,42.55724],[-82.86877,42.55735],[-82.86977,42.55548],[-82.87016,42.5553],[-82.87036,42.55469],[-82.87063,42.55429],[-82.87576,42.54789],[-82.87629,42.54726],[-82.87634,42.54728],[-82.87629,42.54726],[-82.87795,42.54532],[-82.87843,42.54465],[-82.87857,42.54458],[-82.87852,42.54455],[-82.88022,42.54244],[-82.88029,42.54247],[-82.88022,42.54244],[-82.88168,42.54064],[-82.88176,42.54065],[-82.8817,42.54062],[-82.8826,42.53951],[-82.88265,42.53954],[-82.88264,42.53945],[-82.88393,42.53785],[-82.88405,42.5378],[-82.88399,42.53778],[-82.886,42.53527],[-82.88605,42.53529],[-82.886,42.53527],[-82.88857,42.53198],[-82.88868,42.53203],[-82.88857,42.53198],[-82.89045,42.52973],[-82.89055,42.52972],[-82.89049,42.52969],[-82.89156,42.52841],[-82.89188,42.52809],[-82.8924,42.52774],[-82.89588,42.52622],[-82.89653,42.52583],[-82.89761,42.52488],[-82.89821,42.52413],[-82.89826,42.52415],[-82.89821,42.52413],[-82.89858,42.52364],[-82.89881,42.52297],[-82.89876,42.52222],[-82.89885,42.5219],[-82.89879,42.52173],[-82.89858,42.51692],[-82.8982,42.50564],[-82.89789,42.50313],[-82.89788,42.50286],[-82.89795,42.50286],[-82.89788,42.50286],[-82.89787,42.5027],[-82.89779,42.50011],[-82.89785,42.5001],[-82.89779,42.5001],[-82.89759,42.49506],[-82.89727,42.49117],[-82.89728,42.49057],[-82.89745,42.48981],[-82.90624,42.46976],[-82.90906,42.46314],[-82.90965,42.46181],[-82.90974,42.46178],[-82.90967,42.46177],[-82.91062,42.45964],[-82.91069,42.45964],[-82.91062,42.45964],[-82.9115,42.45767],[-82.91157,42.45769],[-82.9115,42.45767],[-82.9126,42.45521],[-82.91266,42.45522],[-82.91261,42.4552],[-82.91303,42.45425],[-82.91316,42.45399],[-82.91322,42.454],[-82.91316,42.45399],[-82.91319,42.4539],[-82.91522,42.44942],[-82.91561,42.44884],[-82.91689,42.44815],[-82.91726,42.44764],[-82.9193,42.44165],[-82.91937,42.44165],[-82.91931,42.44164],[-82.91958,42.44101],[-82.92003,42.43999],[-82.9201,42.44001],[-82.92003,42.43999],[-82.92088,42.43807],[-82.92098,42.43801],[-82.92093,42.43796],[-82.92163,42.43644],[-82.9218,42.43612],[-82.92187,42.43614],[-82.9218,42.43612],[-82.9223,42.43514],[-82.92345,42.433],[-82.92352,42.43302],[-82.92345,42.433],[-82.92424,42.43155],[-82.92544,42.42964],[-82.92597,42.42895],[-82.92602,42.42897],[-82.92597,42.42895],[-82.92636,42.42842],[-82.92699,42.42759],[-82.92707,42.42758],[-82.92701,42.42757],[-82.92927,42.42463],[-82.92584,42.423],[-82.92312,42.42186],[-82.91215,42.41746],[-82.91017,42.41674],[-82.90953,42.4166],[-82.90801,42.416],[-82.89199,42.40944],[-82.90192,42.39607],[-82.904,42.39453],[-82.91709,42.3898],[-82.91713,42.38986],[-82.91709,42.3898],[-82.91837,42.38933],[-82.91905,42.38912],[-82.91908,42.38917],[-82.91909,42.3891],[-82.92087,42.38846],[-82.92104,42.38841],[-82.92107,42.38846],[-82.92104,42.38841],[-82.92309,42.38766],[-82.92312,42.38771],[-82.92309,42.38766],[-82.92835,42.38578],[-82.92857,42.38577],[-82.92855,42.38571],[-82.93142,42.38468],[-82.93145,42.38473],[-82.93142,42.38468],[-82.93729,42.38257],[-82.93798,42.38233],[-82.93801,42.38237],[-82.93798,42.38233],[-82.94134,42.38112],[-82.93775,42.3757],[-82.93872,42.37529],[-82.93876,42.37518],[-82.93982,42.37476],[-82.93989,42.37485],[-82.93982,42.37476],[-82.94234,42.3738],[-82.9444,42.37287],[-82.94451,42.37295],[-82.94444,42.37286],[-82.94475,42.37272],[-82.94891,42.37103],[-82.95304,42.37058],[-82.95327,42.37056],[-82.95329,42.37067],[-82.95327,42.37056],[-82.95348,42.37053],[-82.95953,42.36994],[-82.95955,42.37006],[-82.95954,42.36994],[-82.96484,42.36924],[-82.9694,42.36756],[-82.97096,42.36682],[-82.97104,42.36693],[-82.97096,42.36682],[-82.97934,42.36282],[-82.98084,42.36174],[-82.98478,42.35867],[-82.98487,42.35873],[-82.98478,42.35867],[-82.98728,42.35671],[-82.98738,42.35677],[-82.98729,42.35671],[-82.99021,42.35442],[-82.99453,42.35162],[-82.99464,42.35173],[-82.99453,42.35162],[-82.99882,42.34885],[-82.99886,42.34894],[-82.99882,42.34885],[-82.99942,42.34855],[-83.00051,42.34783],[-83.00934,42.34396],[-83.01042,42.3435],[-83.01048,42.34357],[-83.01042,42.3435],[-83.0228,42.33816],[-83.02308,42.33805],[-83.02313,42.33811],[-83.02308,42.33805],[-83.02915,42.33543],[-83.03638,42.3324],[-83.04411,42.32902],[-83.04419,42.32911],[-83.04412,42.32902],[-83.04674,42.32801]]]}},{"type":"Feature","properties":{"agency":"smart","agency_label":"SMART","route":"615","name":"Jefferson","route_type":3},"geometry":{"type":"MultiLineString","coordinates":[[[-82.91038,42.41752],[-82.91046,42.41753],[-82.91028,42.41901],[-82.91021,42.41901],[-82.91028,42.41901],[-82.91005,42.42116],[-82.90996,42.42115],[-82.91005,42.42116],[-82.90987,42.42296],[-82.9098,42.42296],[-82.90987,42.42296],[-82.9098,42.42392],[-82.90955,42.42577],[-82.90953,42.42587],[-82.90945,42.42586],[-82.90953,42.42587],[-82.90922,42.42815],[-82.90918,42.42838],[-82.9091,42.42837],[-82.90918,42.42838],[-82.90876,42.43086],[-82.90866,42.43085],[-82.90876,42.43086],[-82.90849,42.4324],[-82.90842,42.43239],[-82.90849,42.4324],[-82.90812,42.4348],[-82.90804,42.43479],[-82.90812,42.4348],[-82.90801,42.43586],[-82.90775,42.43768],[-82.90767,42.43768],[-82.90708,42.44176],[-82.90633,42.4455],[-82.90595,42.44703],[-82.90473,42.45041],[-82.90347,42.45356],[-82.90317,42.45395],[-82.89945,42.46234],[-82.89852,42.46427],[-82.89834,42.46515],[-82.89796,42.46562],[-82.89759,42.46644],[-82.89238,42.4667],[-82.89117,42.46672],[-82.89037,42.46664],[-82.88565,42.4655],[-82.8858,42.466],[-82.88684,42.4676],[-82.88717,42.46833],[-82.88719,42.46825],[-82.88728,42.46827],[-82.88821,42.4701],[-82.88867,42.47129],[-82.88852,42.47132],[-82.88867,42.47129],[-82.88886,42.47189],[-82.88909,42.47322],[-82.88887,42.47322],[-82.88886,42.47297],[-82.88893,42.47297],[-82.88886,42.47297],[-82.88887,42.47322],[-82.88909,42.47322],[-82.88921,42.47413],[-82.88911,42.47414],[-82.88921,42.47413],[-82.88925,42.47439],[-82.88929,42.47511],[-82.88916,42.47511],[-82.88929,42.47511],[-82.88928,42.47798],[-82.88916,42.47798],[-82.88928,42.47798],[-82.88925,42.48016],[-82.88912,42.48016],[-82.88925,42.48016],[-82.88924,42.48146],[-82.88912,42.48143],[-82.88924,42.48146],[-82.88921,42.48408],[-82.88903,42.48406],[-82.88903,42.48381],[-82.88911,42.48381],[-82.88914,42.48545],[-82.88908,42.48586],[-82.88917,42.48744],[-82.88911,42.48813],[-82.88919,42.49328],[-82.88905,42.49409],[-82.88867,42.4961],[-82.88845,42.49656],[-82.88606,42.49904],[-82.88598,42.49901],[-82.88607,42.49905],[-82.88433,42.50112],[-82.88423,42.50108],[-82.88433,42.50112],[-82.88263,42.50357],[-82.88145,42.50725],[-82.88137,42.50723],[-82.88145,42.50725],[-82.88048,42.51034],[-82.88041,42.51033],[-82.88048,42.51034],[-82.88016,42.51135],[-82.88008,42.51133],[-82.88016,42.51135],[-82.87966,42.51299],[-82.87957,42.51297],[-82.87966,42.51299],[-82.87852,42.51675],[-82.87839,42.51716],[-82.8783,42.51715],[-82.87839,42.51716],[-82.87824,42.51766],[-82.878,42.51832],[-82.87793,42.51831],[-82.878,42.51832],[-82.87797,42.51845],[-82.87718,42.52113],[-82.87708,42.52114],[-82.87718,42.52113],[-82.87696,42.52193],[-82.87679,42.52243],[-82.87668,42.52241],[-82.87679,42.52244],[-82.87625,42.52365],[-82.87615,42.52365],[-82.87567,42.52473],[-82.8751,42.52572],[-82.87399,42.52717],[-82.88593,42.53251],[-82.90158,42.53254],[-82.9051,42.5324],[-82.91012,42.53243],[-82.91363,42.53229],[-82.91172,42.53517],[-82.91182,42.53534],[-82.91204,42.5354],[-82.91295,42.534],[-82.91314,42.53394]],[[-82.91314,42.53394],[-82.91303,42.53388],[-82.91486,42.53108],[-82.91492,42.53098],[-82.91486,42.53091],[-82.91458,42.53081],[-82.91363,42.53229],[-82.91308,42.53224],[-82.90487,42.5323],[-82.90383,42.53224],[-82.88617,42.53242],[-82.88465,42.53182],[-82.87549,42.52768],[-82.87406,42.5271],[-82.87556,42.52514],[-82.87639,42.52329],[-82.87649,42.52332],[-82.87639,42.52329],[-82.8769,42.52205],[-82.87726,42.52085],[-82.87735,42.52086],[-82.87726,42.52085],[-82.87797,42.51837],[-82.87808,42.51802],[-82.87819,42.51804],[-82.87808,42.51802],[-82.87853,42.51658],[-82.87863,42.5166],[-82.87853,42.51658],[-82.87946,42.51356],[-82.87955,42.51358],[-82.87946,42.51356],[-82.88046,42.51036],[-82.88054,42.51037],[-82.88046,42.51036],[-82.88063,42.50979],[-82.88146,42.50719],[-82.88151,42.50725],[-82.88146,42.50719],[-82.88216,42.50494],[-82.88224,42.50495],[-82.88216,42.50494],[-82.88263,42.50356],[-82.88439,42.50102],[-82.88468,42.50066],[-82.88477,42.5007],[-82.88468,42.50066],[-82.8857,42.49945],[-82.88661,42.49841],[-82.88674,42.49837],[-82.88668,42.49834],[-82.88696,42.49805],[-82.88814,42.49709],[-82.88845,42.49674],[-82.88863,42.4965],[-82.88895,42.49558],[-82.88898,42.49488],[-82.88908,42.4943],[-82.88916,42.49431],[-82.88908,42.4943],[-82.88926,42.49308],[-82.8893,42.49163],[-82.88938,42.49163],[-82.8893,42.49163],[-82.88925,42.48951],[-82.88933,42.48951],[-82.88925,42.48951],[-82.88922,42.48783],[-82.88928,42.48783],[-82.88922,42.48783],[-82.88918,42.48598],[-82.88918,42.48561],[-82.88927,42.48561],[-82.88918,42.48561],[-82.88919,42.48408],[-82.88921,42.48299],[-82.88928,42.48299],[-82.88921,42.48299],[-82.88923,42.48105],[-82.88931,42.48105],[-82.88923,42.48105],[-82.88926,42.47882],[-82.88933,42.47882],[-82.88926,42.47882],[-82.88927,42.47644],[-82.88935,42.47644],[-82.88927,42.47644],[-82.88927,42.47477],[-82.88935,42.47477],[-82.88927,42.47477],[-82.8889,42.47209],[-82.88898,42.47208],[-82.88872,42.47097],[-82.88769,42.46881],[-82.88598,42.46586],[-82.88598,42.46573],[-82.88617,42.46571],[-82.89074,42.4668],[-82.89629,42.46664],[-82.89766,42.46652],[-82.8978,42.46641],[-82.89798,42.4659],[-82.89817,42.46564],[-82.89815,42.46544],[-82.89833,42.46541],[-82.89844,42.46523],[-82.89857,42.46492],[-82.89866,42.46428],[-82.8989,42.46381],[-82.89917,42.46348],[-82.89957,42.46263],[-82.90151,42.4583],[-82.90262,42.45558],[-82.90273,42.45562],[-82.90262,42.45556],[-82.90287,42.45502],[-82.90308,42.45479],[-82.90537,42.44976],[-82.90646,42.44674],[-82.9068,42.44535],[-82.90695,42.44421],[-82.90719,42.44335],[-82.90749,42.44151],[-82.90754,42.44152],[-82.9078,42.43962],[-82.90788,42.43962],[-82.9078,42.43962],[-82.90815,42.43698],[-82.90823,42.43699],[-82.90815,42.43698],[-82.90846,42.43447],[-82.90856,42.43447],[-82.90846,42.43447],[-82.90866,42.43299],[-82.90882,42.43221],[-82.90893,42.4322],[-82.90882,42.43221],[-82.90928,42.42981],[-82.9096,42.42755],[-82.90969,42.42755],[-82.9096,42.42755],[-82.90982,42.42591],[-82.9099,42.42592],[-82.90982,42.42591],[-82.91011,42.42364],[-82.9102,42.42364],[-82.91011,42.42364],[-82.91012,42.42348],[-82.91039,42.42053],[-82.91047,42.42052],[-82.91039,42.42053],[-82.91067,42.41783],[-82.91076,42.41787],[-82.91067,42.41783],[-82.91076,42.41716],[-82.91163,42.4175],[-82.91176,42.41763]]]}},{"type":"Feature","properties":{"agency":"smart","agency_label":"SMART","route":"620","name":"Charlevoix","route_type":3},"geometry":{"type":"MultiLineString","coordinates":[[[-83.052,42.33166],[-83.04826,42.33167],[-83.04608,42.32906],[-83.04452,42.32974],[-83.04446,42.32967],[-83.04452,42.32974],[-83.03825,42.33235],[-83.0383,42.33242],[-83.03464,42.334],[-83.03417,42.33329],[-83.03363,42.3335],[-83.03359,42.33345],[-83.03363,42.3335],[-83.03343,42.3336],[-83.03184,42.33428],[-83.03179,42.33421],[-83.03184,42.33428],[-83.03033,42.33493],[-83.03028,42.33486],[-83.03033,42.33493],[-83.02935,42.33535],[-83.02903,42.33548],[-83.02898,42.33541],[-83.02903,42.33548],[-83.02578,42.33689],[-83.02572,42.3368],[-83.02578,42.33689],[-83.02428,42.33753],[-83.02423,42.33746],[-83.02428,42.33753],[-83.02222,42.33843],[-83.02219,42.33836],[-83.0175,42.34032],[-83.01544,42.3413],[-83.00964,42.34372],[-83.00922,42.34397],[-83.00734,42.34479],[-83.00622,42.34519],[-83.00438,42.34603],[-83.00313,42.34634],[-83.00186,42.34692],[-83.00107,42.34714],[-83.00003,42.34774],[-82.99916,42.34843],[-82.99912,42.3486],[-82.99881,42.34866],[-82.99867,42.34889],[-82.99732,42.34968],[-82.99637,42.35037],[-82.99613,42.35043],[-82.99519,42.35114],[-82.99487,42.35125],[-82.99422,42.35177],[-82.99355,42.3521],[-82.98982,42.35456],[-82.98716,42.35673],[-82.98643,42.35722],[-82.98489,42.35854],[-82.98371,42.35934],[-82.97972,42.3625],[-82.97241,42.36599],[-82.97106,42.36671],[-82.96858,42.36781],[-82.9648,42.36919],[-82.96012,42.36981],[-82.94876,42.37093],[-82.94765,42.37144],[-82.94712,42.3716],[-82.94584,42.37222],[-82.9452,42.37239],[-82.93942,42.37485],[-82.94581,42.38457],[-82.93846,42.38722],[-82.93395,42.38894],[-82.90993,42.39749],[-82.90877,42.39792],[-82.90867,42.39802],[-82.91128,42.40187],[-82.91214,42.4033],[-82.91074,42.40501],[-82.90976,42.407],[-82.90764,42.41257],[-82.90718,42.41422],[-82.90668,42.41553],[-82.90869,42.41627],[-82.91047,42.41719],[-82.91021,42.41888],[-82.91021,42.41901],[-82.91028,42.41901],[-82.91005,42.42116],[-82.90996,42.42115],[-82.9098,42.42296],[-82.90987,42.42296],[-82.9098,42.42392],[-82.90955,42.42577],[-82.90953,42.42587],[-82.90945,42.42586],[-82.90953,42.42587],[-82.90942,42.42681],[-82.90918,42.42838],[-82.9091,42.42837],[-82.90918,42.42838],[-82.90876,42.43086],[-82.90866,42.43085],[-82.90876,42.43086],[-82.90871,42.4312],[-82.90849,42.4324],[-82.90842,42.43239],[-82.90849,42.4324],[-82.90812,42.4348],[-82.90804,42.43479],[-82.90812,42.4348],[-82.90805,42.43553],[-82.90775,42.43768],[-82.90767,42.43768],[-82.90775,42.43768],[-82.90755,42.43934],[-82.90747,42.43933],[-82.9068,42.44336],[-82.90595,42.44703],[-82.90473,42.45041],[-82.90347,42.45356],[-82.90317,42.45395],[-82.89945,42.46234],[-82.89852,42.46427],[-82.89834,42.46515],[-82.89796,42.46562],[-82.89448,42.47369],[-82.89436,42.47411],[-82.89428,42.47581],[-82.894,42.47664],[-82.89319,42.4785],[-82.89365,42.47869],[-82.89508,42.47896],[-82.89551,42.47912],[-82.90214,42.48067],[-82.9039,42.48077],[-82.90708,42.48072],[-82.90732,42.48684],[-82.90743,42.49326],[-82.90753,42.49387],[-82.90748,42.49505],[-82.90759,42.49584],[-82.90792,42.50282],[-82.90885,42.52544],[-82.90904,42.5289],[-82.90939,42.53222],[-82.90951,42.53242],[-82.91012,42.53243],[-82.91363,42.53229],[-82.91172,42.53517],[-82.91185,42.53536],[-82.91204,42.5354],[-82.91295,42.534],[-82.91314,42.53394]],[[-82.91314,42.53394],[-82.91303,42.53388],[-82.91486,42.53108],[-82.91492,42.53098],[-82.91486,42.53091],[-82.91458,42.53081],[-82.91363,42.53229],[-82.91308,42.53224],[-82.90953,42.53227],[-82.90945,42.53083],[-82.90929,42.5298],[-82.90856,42.51512],[-82.90846,42.5114],[-82.90762,42.49321],[-82.90762,42.49196],[-82.90743,42.48837],[-82.90743,42.48563],[-82.9072,42.48051],[-82.90293,42.48062],[-82.90166,42.48043],[-82.90066,42.48013],[-82.89329,42.47846],[-82.89421,42.47631],[-82.89446,42.4751],[-82.89438,42.47435],[-82.89515,42.47226],[-82.89745,42.46706],[-82.89791,42.46583],[-82.89844,42.46511],[-82.89883,42.46382],[-82.89917,42.46348],[-82.89957,42.46263],[-82.90193,42.45733],[-82.90262,42.45558],[-82.90273,42.45562],[-82.90262,42.45556],[-82.90287,42.45502],[-82.90308,42.45479],[-82.90529,42.44994],[-82.9057,42.44896],[-82.90651,42.44661],[-82.90673,42.44577],[-82.90695,42.44421],[-82.90733,42.44263],[-82.90728,42.44259],[-82.90734,42.44226],[-82.9074,42.44226],[-82.90734,42.44226],[-82.90736,42.44215],[-82.90749,42.44151],[-82.90754,42.44152],[-82.90749,42.44151],[-82.9078,42.43962],[-82.90788,42.43962],[-82.9078,42.43962],[-82.90815,42.43698],[-82.90823,42.43699],[-82.90815,42.43698],[-82.90846,42.43447],[-82.90856,42.43447],[-82.90846,42.43447],[-82.90866,42.43299],[-82.90882,42.43221],[-82.90893,42.4322],[-82.90882,42.43221],[-82.90928,42.42981],[-82.9096,42.42755],[-82.90969,42.42755],[-82.9096,42.42755],[-82.90982,42.42591],[-82.9099,42.42592],[-82.90982,42.42591],[-82.91011,42.42364],[-82.9102,42.42364],[-82.91011,42.42364],[-82.91012,42.42348],[-82.91082,42.41697],[-82.90927,42.41646],[-82.90685,42.41544],[-82.90693,42.41495],[-82.90848,42.41024],[-82.91017,42.40626],[-82.91085,42.40498],[-82.91063,42.40451],[-82.91017,42.40387],[-82.90923,42.4036],[-82.90548,42.40212],[-82.90434,42.40162],[-82.9043,42.4015],[-82.90597,42.39921],[-82.90637,42.39882],[-82.90693,42.39855],[-82.94599,42.38453],[-82.9439,42.3813],[-82.94315,42.38028],[-82.9396,42.37495],[-82.94894,42.37112],[-82.95073,42.37082],[-82.95329,42.37067],[-82.95426,42.37049],[-82.95634,42.3703],[-82.95712,42.37032],[-82.95879,42.37004],[-82.95955,42.37006],[-82.96333,42.36942],[-82.96401,42.36936],[-82.96437,42.36944],[-82.9671,42.36836],[-82.96807,42.36821],[-82.96865,42.36787],[-82.97048,42.36704],[-82.97115,42.367],[-82.97104,42.36693],[-82.97611,42.36454],[-82.97712,42.36397],[-82.97829,42.36347],[-82.98029,42.36228],[-82.98738,42.35677],[-82.99019,42.35449],[-82.9917,42.35355],[-82.9916,42.35363],[-82.99383,42.35208],[-82.99451,42.35175],[-82.9959,42.35077],[-82.99716,42.35004],[-82.99804,42.34939],[-83.00081,42.34772],[-83.0066,42.34526],[-83.00756,42.34475],[-83.00844,42.34444],[-83.00957,42.34389],[-83.01048,42.34357],[-83.01263,42.34255],[-83.01428,42.34195],[-83.01545,42.34132],[-83.0168,42.34084],[-83.0195,42.33961],[-83.02024,42.33939],[-83.02016,42.33929],[-83.02309,42.33805],[-83.02313,42.33811],[-83.02309,42.33805],[-83.02479,42.33732],[-83.02483,42.33737],[-83.02479,42.33732],[-83.02656,42.33656],[-83.02656,42.33661],[-83.02686,42.33642],[-83.03104,42.33462],[-83.03103,42.33471],[-83.03104,42.33462],[-83.03241,42.33401],[-83.03388,42.33339],[-83.03394,42.33346],[-83.03388,42.33339],[-83.03489,42.33297],[-83.03541,42.3328],[-83.0359,42.33362],[-83.03697,42.33318],[-83.03753,42.33309],[-83.03894,42.33311],[-83.04007,42.33272],[-83.04004,42.33268],[-83.04331,42.33128],[-83.04216,42.32986],[-83.04416,42.329],[-83.04419,42.32911],[-83.04416,42.329],[-83.04491,42.32865],[-83.04524,42.32859],[-83.04528,42.32864],[-83.04524,42.32859],[-83.0456,42.32844],[-83.04627,42.32931],[-83.04618,42.32935],[-83.04627,42.32931],[-83.04744,42.33075],[-83.04982,42.32969],[-83.05069,42.33081],[-83.05067,42.33096],[-83.05073,42.33095],[-83.05086,42.33132],[-83.05078,42.33168],[-83.05191,42.33167],[-83.05185,42.33176],[-83.05191,42.33167],[-83.0539,42.33167],[-83.0539,42.33172]]]}},{"type":"Feature","properties":{"agency":"smart","agency_label":"SMART","route":"635","name":"East Jefferson","route_type":3},"geometry":{"type":"MultiLineString","coordinates":[[[-83.052,42.33166],[-83.04826,42.33167],[-83.04608,42.32906],[-83.04452,42.32974],[-83.04446,42.32967],[-83.04452,42.32974],[-83.03825,42.33235],[-83.0383,42.33242],[-83.03464,42.334],[-83.03417,42.33329],[-83.03363,42.3335],[-83.03359,42.33345],[-83.03363,42.3335],[-83.03343,42.3336],[-83.03184,42.33428],[-83.03179,42.33421],[-83.03184,42.33428],[-83.03033,42.33493],[-83.03028,42.33486],[-83.03033,42.33493],[-83.02935,42.33535],[-83.02903,42.33548],[-83.02898,42.33541],[-83.02903,42.33548],[-83.02578,42.33689],[-83.02572,42.3368],[-83.02578,42.33689],[-83.02428,42.33753],[-83.02423,42.33746],[-83.02428,42.33753],[-83.02222,42.33843],[-83.02219,42.33836],[-83.02222,42.33843],[-83.02029,42.33928],[-83.01929,42.33969],[-83.01923,42.33962],[-83.01929,42.33969],[-83.00441,42.34612],[-83.00414,42.34611],[-83.00357,42.34626],[-83.00188,42.34695],[-83.00014,42.34776],[-82.9993,42.34843],[-82.99921,42.3486],[-82.99045,42.35424],[-82.98101,42.36161],[-82.97928,42.36286],[-82.96976,42.3674],[-82.9681,42.36806],[-82.96476,42.36925],[-82.95866,42.37005],[-82.94958,42.3709],[-82.94888,42.37103],[-82.94444,42.37288],[-82.94137,42.37405],[-82.93952,42.37488],[-82.93876,42.37518],[-82.93855,42.37518],[-82.93693,42.37586],[-82.93689,42.37581],[-82.93693,42.37586],[-82.9354,42.37651],[-82.93488,42.37663],[-82.93491,42.37667],[-82.93287,42.37739],[-82.93237,42.37753],[-82.93234,42.37748],[-82.93237,42.37753],[-82.93157,42.37778],[-82.9296,42.37828],[-82.92812,42.37853],[-82.9281,42.37846],[-82.92812,42.37853],[-82.92551,42.37896],[-82.92549,42.37889],[-82.92551,42.37896],[-82.92221,42.37957],[-82.92218,42.37949],[-82.92221,42.37957],[-82.91941,42.38005],[-82.91943,42.37996],[-82.91941,42.38005],[-82.91649,42.38057],[-82.91648,42.38049],[-82.91642,42.3805],[-82.91648,42.38049],[-82.91649,42.38057],[-82.91566,42.38072],[-82.91327,42.38169],[-82.91322,42.38162],[-82.91327,42.38169],[-82.91053,42.3828],[-82.91042,42.38284],[-82.91038,42.38278],[-82.91042,42.38284],[-82.90472,42.38517],[-82.90443,42.38528],[-82.90438,42.38522],[-82.90443,42.38528],[-82.90193,42.38631],[-82.90189,42.38626],[-82.90193,42.38631],[-82.90074,42.38674],[-82.8973,42.38828],[-82.89726,42.38823],[-82.8973,42.38828],[-82.8948,42.38941],[-82.89385,42.39],[-82.89337,42.39043],[-82.89206,42.39212],[-82.89033,42.39484],[-82.88972,42.39599],[-82.88966,42.39598],[-82.88972,42.39599],[-82.88857,42.39886],[-82.88852,42.39885],[-82.88857,42.39886],[-82.8879,42.40077],[-82.88769,42.40169],[-82.88761,42.40169],[-82.88769,42.40169],[-82.88706,42.40445],[-82.88699,42.40444],[-82.88706,42.40445],[-82.88643,42.40717],[-82.88626,42.40767],[-82.88618,42.40766],[-82.88626,42.40767],[-82.88524,42.41055],[-82.8844,42.41346],[-82.883,42.41631],[-82.88286,42.41647],[-82.88291,42.41648],[-82.88219,42.41796],[-82.8817,42.42006],[-82.88085,42.42209],[-82.88051,42.4232],[-82.88044,42.42319],[-82.88051,42.4232],[-82.88031,42.42411],[-82.87962,42.42684],[-82.87954,42.42683],[-82.87962,42.42684],[-82.87918,42.42863],[-82.8788,42.4293],[-82.87793,42.43034],[-82.87787,42.43031],[-82.87793,42.43034],[-82.87734,42.4311],[-82.87649,42.43305],[-82.87641,42.43304],[-82.87649,42.43305],[-82.87582,42.43634],[-82.87573,42.43676],[-82.87565,42.43675],[-82.87573,42.43676],[-82.87559,42.43759],[-82.8756,42.4395],[-82.87548,42.4395],[-82.8756,42.4395],[-82.87556,42.44165],[-82.87544,42.44166],[-82.87556,42.44165],[-82.87572,42.44337],[-82.87568,42.44382],[-82.87556,42.44415],[-82.87548,42.44414],[-82.87556,42.44415],[-82.87406,42.44818],[-82.87399,42.44817],[-82.87406,42.44818],[-82.8733,42.45022],[-82.87324,42.45021],[-82.8733,42.45022],[-82.87255,42.45227],[-82.87248,42.45226],[-82.87255,42.45227],[-82.87246,42.45253],[-82.87249,42.4529],[-82.87262,42.45322],[-82.87286,42.45351],[-82.87327,42.45379],[-82.87556,42.45446],[-82.87846,42.45565],[-82.87843,42.45569],[-82.87846,42.45565],[-82.87877,42.45578],[-82.87968,42.45632],[-82.88035,42.45693],[-82.88092,42.45781],[-82.88138,42.45935],[-82.88209,42.46066],[-82.88199,42.4607],[-82.88209,42.46066],[-82.88419,42.46327],[-82.8841,42.46331],[-82.88419,42.46327],[-82.88473,42.46393],[-82.88497,42.46427],[-82.88486,42.46431],[-82.88497,42.46427],[-82.88512,42.46447],[-82.88629,42.4665],[-82.88617,42.46654],[-82.88629,42.4665],[-82.88719,42.4681],[-82.88728,42.46827],[-82.88719,42.46825],[-82.88717,42.46833],[-82.88719,42.46825],[-82.88728,42.46827],[-82.8877,42.46901],[-82.88856,42.47099],[-82.88867,42.47129],[-82.88852,42.47132],[-82.88867,42.47129],[-82.88898,42.47244],[-82.88909,42.47322],[-82.88887,42.47322],[-82.88886,42.47297],[-82.88893,42.47297],[-82.88886,42.47297],[-82.88887,42.47322],[-82.88909,42.47322],[-82.88921,42.47413],[-82.88911,42.47414],[-82.88921,42.47413],[-82.88929,42.47486],[-82.88929,42.47511],[-82.88916,42.47511],[-82.88929,42.47511],[-82.88928,42.47798],[-82.88916,42.47798],[-82.88928,42.47798],[-82.88925,42.48016],[-82.88912,42.48016],[-82.88925,42.48016],[-82.88924,42.48146],[-82.88912,42.48143],[-82.88924,42.48146],[-82.88921,42.48408],[-82.88903,42.48406],[-82.88903,42.48381],[-82.88911,42.48381],[-82.88903,42.48381],[-82.88903,42.48406],[-82.88921,42.48408],[-82.88921,42.48558],[-82.8892,42.48569],[-82.88898,42.48569],[-82.8892,42.48569],[-82.88931,42.49172],[-82.88931,42.49182],[-82.8892,42.49182],[-82.88931,42.49182],[-82.88931,42.4922],[-82.88928,42.49296],[-82.889,42.49489],[-82.88872,42.49599],[-82.88845,42.49657],[-82.88607,42.49905],[-82.88598,42.49901],[-82.88607,42.49905],[-82.88433,42.50112],[-82.88423,42.50108],[-82.88433,42.50112],[-82.88263,42.50357],[-82.88145,42.50725],[-82.88137,42.50723],[-82.88145,42.50725],[-82.88048,42.51034],[-82.88041,42.51033],[-82.88048,42.51034],[-82.88016,42.51135],[-82.88008,42.51133],[-82.88016,42.51135],[-82.87966,42.51299],[-82.87957,42.51297],[-82.87966,42.51299],[-82.87852,42.51675],[-82.87839,42.51716],[-82.8783,42.51715],[-82.87839,42.51716],[-82.87824,42.51766],[-82.878,42.51832],[-82.87793,42.51831],[-82.878,42.51832],[-82.87797,42.51845],[-82.87718,42.52113],[-82.87708,42.52114],[-82.87718,42.52113],[-82.87696,42.52193],[-82.87679,42.52243],[-82.87668,42.52241],[-82.87679,42.52243],[-82.8767,42.52266],[-82.87625,42.52365],[-82.87615,42.52365],[-82.87625,42.52365],[-82.8755,42.52523],[-82.87372,42.52747],[-82.87358,42.52741],[-82.87372,42.52747],[-82.87179,42.52987],[-82.87167,42.52982],[-82.87179,42.52987],[-82.87008,42.53198],[-82.8688,42.53333],[-82.86868,42.53327],[-82.8688,42.53333],[-82.86561,42.53657],[-82.8655,42.53652],[-82.86561,42.53657],[-82.86291,42.53933],[-82.86279,42.53927],[-82.86291,42.53933],[-82.86072,42.54157],[-82.86049,42.5418],[-82.86037,42.54173],[-82.86049,42.5418],[-82.85683,42.54589],[-82.8567,42.54584],[-82.85683,42.54589],[-82.85475,42.54827],[-82.85461,42.54842],[-82.85451,42.54835],[-82.85461,42.54842],[-82.85378,42.54941],[-82.85331,42.55031],[-82.8531,42.55125],[-82.85316,42.55217],[-82.85303,42.55218],[-82.85316,42.55217],[-82.8536,42.5533],[-82.85423,42.55413],[-82.85366,42.55471],[-82.85371,42.55473],[-82.85361,42.55486],[-82.85153,42.5573],[-82.85144,42.55726],[-82.85153,42.5573],[-82.84944,42.55976],[-82.84929,42.55973],[-82.84941,42.55979],[-82.8487,42.56064],[-82.84562,42.56347],[-82.84548,42.56338],[-82.84562,42.56347],[-82.84226,42.56645],[-82.84347,42.56714],[-82.8434,42.56722],[-82.84347,42.56714],[-82.84361,42.56722],[-82.85081,42.57148],[-82.85079,42.5716]],[[-82.8514,42.57176],[-82.85129,42.57178],[-82.84806,42.56986],[-82.8481,42.56982],[-82.84806,42.56986],[-82.84511,42.56811],[-82.84516,42.56807],[-82.84511,42.56811],[-82.84234,42.56648],[-82.84288,42.56597],[-82.84294,42.56601],[-82.84288,42.56597],[-82.84309,42.56576],[-82.84517,42.56386],[-82.84541,42.56371],[-82.84597,42.56312],[-82.84847,42.56084],[-82.84955,42.55959],[-82.84964,42.55963],[-82.84955,42.55959],[-82.85375,42.55468],[-82.85384,42.55472],[-82.85375,42.55468],[-82.85422,42.55412],[-82.85372,42.5535],[-82.85331,42.55271],[-82.85313,42.55207],[-82.85308,42.55125],[-82.85335,42.55012],[-82.85394,42.54916],[-82.85519,42.54774],[-82.85528,42.5478],[-82.85519,42.54774],[-82.85699,42.54568],[-82.85706,42.54572],[-82.85699,42.54568],[-82.85835,42.54413],[-82.85852,42.54395],[-82.8586,42.54399],[-82.85852,42.54395],[-82.86004,42.54225],[-82.86086,42.54139],[-82.86094,42.54143],[-82.86086,42.54139],[-82.86419,42.53801],[-82.86427,42.53805],[-82.86419,42.53801],[-82.86623,42.53593],[-82.86632,42.53598],[-82.86623,42.53593],[-82.86779,42.53434],[-82.86787,42.53438],[-82.86779,42.53434],[-82.8687,42.5334],[-82.86908,42.53302],[-82.86916,42.53306],[-82.86908,42.53302],[-82.87049,42.53147],[-82.87059,42.53151],[-82.87049,42.53147],[-82.87192,42.52968],[-82.87201,42.52972],[-82.87192,42.52968],[-82.87392,42.52719],[-82.87404,42.52725],[-82.87392,42.52719],[-82.87556,42.52514],[-82.87639,42.52329],[-82.87649,42.52332],[-82.87639,42.52329],[-82.8769,42.52205],[-82.87726,42.52085],[-82.87735,42.52086],[-82.87726,42.52085],[-82.87797,42.51837],[-82.87808,42.51802],[-82.87819,42.51804],[-82.87808,42.51802],[-82.87853,42.51658],[-82.87863,42.5166],[-82.87853,42.51658],[-82.87946,42.51356],[-82.87955,42.51358],[-82.87946,42.51356],[-82.88046,42.51036],[-82.88054,42.51037],[-82.88046,42.51036],[-82.88063,42.50979],[-82.88146,42.50719],[-82.88151,42.50725],[-82.88146,42.50719],[-82.88216,42.50494],[-82.88224,42.50495],[-82.88216,42.50494],[-82.88263,42.50356],[-82.88439,42.50102],[-82.88468,42.50066],[-82.88477,42.5007],[-82.88468,42.50066],[-82.8857,42.49945],[-82.88661,42.49841],[-82.88674,42.49837],[-82.88668,42.49834],[-82.88696,42.49805],[-82.88814,42.49709],[-82.88845,42.49674],[-82.88863,42.4965],[-82.88895,42.49558],[-82.88898,42.49488],[-82.88908,42.4943],[-82.88916,42.49431],[-82.88908,42.4943],[-82.88926,42.49308],[-82.8893,42.49163],[-82.88938,42.49163],[-82.8893,42.49163],[-82.88925,42.48951],[-82.88933,42.48951],[-82.88925,42.48951],[-82.88922,42.48783],[-82.88928,42.48783],[-82.88922,42.48783],[-82.88918,42.48598],[-82.88918,42.48561],[-82.88927,42.48561],[-82.88918,42.48561],[-82.88919,42.48408],[-82.88921,42.48299],[-82.88928,42.48299],[-82.88921,42.48299],[-82.88923,42.48105],[-82.88931,42.48105],[-82.88923,42.48105],[-82.88926,42.47882],[-82.88933,42.47882],[-82.88926,42.47882],[-82.88927,42.47644],[-82.88935,42.47644],[-82.88927,42.47644],[-82.88927,42.47477],[-82.88935,42.47477],[-82.88927,42.47477],[-82.8889,42.47209],[-82.88898,42.47208],[-82.8889,42.47209],[-82.88809,42.46985],[-82.88817,42.46983],[-82.88809,42.46985],[-82.88712,42.468],[-82.8872,42.46798],[-82.88709,42.46796],[-82.88558,42.46529],[-82.88566,42.46526],[-82.88558,42.46529],[-82.88465,42.46384],[-82.88472,42.46383],[-82.88465,42.46384],[-82.88182,42.46028],[-82.8815,42.45954],[-82.88154,42.45944],[-82.8814,42.4588],[-82.88111,42.45781],[-82.88049,42.45685],[-82.8797,42.45614],[-82.87876,42.45561],[-82.87596,42.45445],[-82.87338,42.45369],[-82.8728,42.45321],[-82.87265,42.45288],[-82.87263,42.45263],[-82.87285,42.45185],[-82.87587,42.44373],[-82.87569,42.44119],[-82.87576,42.43748],[-82.87653,42.43354],[-82.87673,42.43283],[-82.87744,42.43123],[-82.87899,42.42929],[-82.8794,42.42855],[-82.88075,42.42294],[-82.88184,42.42014],[-82.8823,42.41813],[-82.88447,42.41376],[-82.8854,42.41059],[-82.88658,42.40723],[-82.88801,42.40095],[-82.88911,42.39789],[-82.88998,42.39582],[-82.89054,42.39481],[-82.89176,42.39289],[-82.89351,42.39049],[-82.89429,42.38974],[-82.89501,42.38929],[-82.89591,42.38887],[-82.89763,42.38813],[-82.89766,42.38817],[-82.89763,42.38813],[-82.90068,42.38681],[-82.90193,42.3863],[-82.90198,42.38636],[-82.90193,42.3863],[-82.90483,42.38511],[-82.90488,42.38517],[-82.90483,42.38511],[-82.90762,42.38396],[-82.9082,42.38373],[-82.90826,42.3838],[-82.9082,42.38373],[-82.91084,42.38265],[-82.9109,42.38273],[-82.91084,42.38265],[-82.91415,42.3813],[-82.9142,42.38137],[-82.91415,42.3813],[-82.91538,42.38079],[-82.92003,42.37993],[-82.92005,42.38002],[-82.92003,42.37993],[-82.92259,42.37949],[-82.92261,42.37957],[-82.92259,42.37949],[-82.9258,42.3789],[-82.92639,42.37881],[-82.92641,42.37888],[-82.92639,42.37881],[-82.92878,42.37844],[-82.93083,42.378],[-82.93287,42.37739],[-82.93374,42.3772],[-82.93377,42.37725],[-82.93374,42.3772],[-82.93431,42.37701],[-82.9355,42.37663],[-82.93554,42.37668],[-82.9355,42.37663],[-82.93705,42.37598],[-82.9374,42.37584],[-82.93744,42.37589],[-82.9374,42.37584],[-82.93872,42.37527],[-82.93876,42.37518],[-82.94887,42.37101],[-82.95924,42.36998],[-82.96476,42.36924],[-82.9694,42.36755],[-82.97929,42.36283],[-82.98148,42.36124],[-82.99029,42.35435],[-83.00041,42.34787],[-83.01971,42.33947],[-83.02016,42.33929],[-83.02024,42.33939],[-83.02016,42.33929],[-83.02309,42.33805],[-83.02313,42.33811],[-83.02309,42.33805],[-83.02479,42.33732],[-83.02483,42.33737],[-83.02479,42.33732],[-83.02656,42.33656],[-83.02656,42.33661],[-83.02686,42.33642],[-83.03104,42.33462],[-83.03103,42.33471],[-83.03104,42.33462],[-83.03241,42.33401],[-83.03388,42.33339],[-83.03394,42.33346],[-83.03388,42.33339],[-83.03489,42.33297],[-83.03541,42.3328],[-83.0359,42.33362],[-83.03697,42.33318],[-83.03753,42.33309],[-83.03894,42.33311],[-83.04007,42.33272],[-83.04004,42.33268],[-83.04331,42.33128],[-83.04216,42.32986],[-83.04416,42.329],[-83.04419,42.32911],[-83.04416,42.329],[-83.04491,42.32865],[-83.04524,42.32859],[-83.04528,42.32864],[-83.04524,42.32859],[-83.0456,42.32844],[-83.04627,42.32931],[-83.04618,42.32935],[-83.04627,42.32931],[-83.04744,42.33075],[-83.04982,42.32969],[-83.05069,42.33081],[-83.05067,42.33096],[-83.05073,42.33095],[-83.05086,42.33132],[-83.05078,42.33168],[-83.05191,42.33167],[-83.05185,42.33176],[-83.05191,42.33167],[-83.0539,42.33167],[-83.0539,42.33172]]]}},{"type":"Feature","properties":{"agency":"smart","agency_label":"SMART","route":"710","name":"Nine Mile Crosstown","route_type":3},"geometry":{"type":"MultiLineString","coordinates":[[[-82.91021,42.41704],[-82.91027,42.41697],[-82.91054,42.41708],[-82.91028,42.41901],[-82.91021,42.41901],[-82.91028,42.41901],[-82.91005,42.42116],[-82.90996,42.42115],[-82.91005,42.42116],[-82.90987,42.42296],[-82.9098,42.42296],[-82.90987,42.42296],[-82.9098,42.42392],[-82.90955,42.42577],[-82.90953,42.42587],[-82.90945,42.42586],[-82.90953,42.42587],[-82.90942,42.42681],[-82.90918,42.42838],[-82.9091,42.42837],[-82.90918,42.42838],[-82.90876,42.43086],[-82.90866,42.43085],[-82.90876,42.43086],[-82.90849,42.4324],[-82.90842,42.43239],[-82.90849,42.4324],[-82.90812,42.4348],[-82.90804,42.43479],[-82.90812,42.4348],[-82.90805,42.43553],[-82.90775,42.43768],[-82.90767,42.43768],[-82.90775,42.43768],[-82.90755,42.43934],[-82.90747,42.43933],[-82.90755,42.43934],[-82.90743,42.44029],[-82.90677,42.44377],[-82.90673,42.44395],[-82.90664,42.44394],[-82.90673,42.44395],[-82.90646,42.44523],[-82.90628,42.44606],[-82.90619,42.44605],[-82.90628,42.44606],[-82.90605,42.44687],[-82.90575,42.44772],[-82.90567,42.4477],[-82.90575,42.44772],[-82.90509,42.44956],[-82.905,42.44954],[-82.90509,42.44956],[-82.90468,42.45091],[-82.90408,42.45221],[-82.90397,42.45218],[-82.90408,42.45221],[-82.90329,42.45398],[-82.90317,42.45395],[-82.90329,42.45398],[-82.90235,42.45606],[-82.90224,42.45603],[-82.90235,42.45606],[-82.90098,42.45911],[-82.90087,42.45908],[-82.90098,42.45911],[-82.89998,42.46136],[-82.89987,42.46134],[-82.89998,42.46136],[-82.89889,42.46365],[-82.89977,42.46389],[-82.89999,42.46409],[-82.9001,42.46437],[-82.90006,42.46479],[-82.89959,42.4659],[-82.89953,42.46643],[-82.90187,42.46636],[-82.90206,42.46642],[-82.90206,42.46635],[-82.90813,42.46614],[-82.90813,42.46623],[-82.90813,42.46614],[-82.91108,42.46602],[-82.91115,42.46613],[-82.91114,42.46602],[-82.91153,42.466],[-82.9163,42.46581],[-82.9163,42.46592],[-82.9163,42.46581],[-82.92187,42.46561],[-82.92296,42.46559],[-82.92296,42.46571],[-82.92296,42.46559],[-82.92774,42.46545],[-82.92775,42.46556],[-82.92774,42.46545],[-82.92965,42.46539],[-82.92965,42.46549],[-82.92965,42.46539],[-82.93454,42.46523],[-82.93457,42.46534],[-82.93454,42.46523],[-82.93697,42.46515],[-82.93941,42.46509],[-82.93941,42.4652],[-82.93941,42.46509],[-82.9396,42.46508],[-82.94631,42.46488],[-82.94633,42.46498],[-82.94631,42.46488],[-82.95031,42.46476],[-82.95032,42.46488],[-82.95031,42.46476],[-82.95418,42.46465],[-82.95628,42.46461],[-82.95628,42.46469],[-82.95628,42.46461],[-82.95824,42.4646],[-82.9586,42.46461],[-82.9586,42.46469],[-82.9586,42.46461],[-82.95911,42.46461],[-82.96312,42.46469],[-82.96311,42.46478],[-82.96312,42.46469],[-82.96697,42.46473],[-82.96698,42.46479],[-82.96697,42.46473],[-82.96709,42.46472],[-82.9704,42.46449],[-82.97041,42.46456],[-82.9704,42.46449],[-82.97529,42.46416],[-82.97583,42.46413],[-82.97584,42.46421],[-82.97583,42.46413],[-82.97635,42.4641],[-82.98185,42.46394],[-82.98193,42.46394],[-82.98193,42.46402],[-82.98193,42.46394],[-82.98676,42.4638],[-82.98674,42.46388],[-82.98683,42.46389],[-82.98674,42.46388],[-82.98676,42.4638],[-82.99228,42.46378],[-82.99228,42.46387],[-82.99228,42.46378],[-82.99746,42.46369],[-82.99746,42.46379],[-82.99746,42.46369],[-83.00157,42.46358],[-83.00158,42.4637],[-83.00157,42.46358],[-83.00605,42.46346],[-83.00652,42.46346],[-83.00652,42.46359],[-83.00652,42.46346],[-83.01348,42.46341],[-83.01348,42.46348],[-83.01348,42.46341],[-83.01779,42.46333],[-83.01779,42.46339],[-83.01779,42.46333],[-83.02163,42.46324],[-83.02164,42.46332],[-83.02163,42.46324],[-83.02534,42.46314],[-83.02535,42.46324],[-83.02527,42.46324],[-83.02629,42.46324],[-83.03141,42.463],[-83.0343,42.46296],[-83.0343,42.46285],[-83.03504,42.46282],[-83.03581,42.4628],[-83.03581,42.46291],[-83.03581,42.4628],[-83.04547,42.46252],[-83.04548,42.46262],[-83.05136,42.46246],[-83.05135,42.46237],[-83.05418,42.4623],[-83.05412,42.4624],[-83.05418,42.4623],[-83.05508,42.46228],[-83.06101,42.46226],[-83.06101,42.46237],[-83.06101,42.46226],[-83.06504,42.46224],[-83.06503,42.46237],[-83.06504,42.46224],[-83.06517,42.46223],[-83.06936,42.46212],[-83.0696,42.46212],[-83.0696,42.46224],[-83.0696,42.46212],[-83.07248,42.46206],[-83.07493,42.46204],[-83.07493,42.46214],[-83.07493,42.46204],[-83.07585,42.46203],[-83.0761,42.46196],[-83.08207,42.46187],[-83.08333,42.46188],[-83.08334,42.46197],[-83.08333,42.46188],[-83.08528,42.46181],[-83.08684,42.46177],[-83.08679,42.46188],[-83.08684,42.46177],[-83.09189,42.46166],[-83.09189,42.46176],[-83.09189,42.46166],[-83.098,42.46152],[-83.09801,42.46161],[-83.1024,42.46151],[-83.10346,42.46156],[-83.10608,42.46137],[-83.10855,42.46132],[-83.10854,42.46126],[-83.11056,42.4612],[-83.11058,42.46126],[-83.11056,42.4612],[-83.11551,42.46105],[-83.12244,42.46088],[-83.12352,42.46087],[-83.12352,42.46093],[-83.12352,42.46087],[-83.12609,42.46079],[-83.13138,42.46067],[-83.13146,42.46067],[-83.13147,42.46074],[-83.13146,42.46067],[-83.13725,42.46054],[-83.14173,42.46059],[-83.14393,42.46041],[-83.1505,42.46022],[-83.15304,42.46018],[-83.16156,42.46026],[-83.17757,42.45991],[-83.18011,42.45989],[-83.18012,42.45999],[-83.18013,42.45988],[-83.19469,42.45958],[-83.19623,42.45948],[-83.19625,42.4596],[-83.19623,42.4595],[-83.20626,42.45921],[-83.20751,42.45927],[-83.21213,42.45905],[-83.21299,42.45909],[-83.21545,42.45897],[-83.21836,42.45898],[-83.22176,42.45884],[-83.2242,42.45887],[-83.22832,42.45866],[-83.22909,42.4587],[-83.23594,42.45842],[-83.24294,42.45829],[-83.24495,42.45815],[-83.25881,42.45798],[-83.27984,42.45747]],[[-83.27962,42.45735],[-83.27955,42.45742],[-83.27691,42.45749],[-83.27692,42.45742],[-83.27691,42.45749],[-83.27285,42.45757],[-83.27285,42.45751],[-83.27285,42.45757],[-83.26539,42.45775],[-83.24995,42.45806],[-83.24994,42.45801],[-83.24995,42.45806],[-83.24066,42.45824],[-83.23947,42.45832],[-83.23901,42.45833],[-83.23901,42.45824],[-83.23901,42.45833],[-83.23455,42.45844],[-83.23454,42.45837],[-83.23455,42.45844],[-83.22922,42.45859],[-83.22922,42.45853],[-83.22922,42.45859],[-83.22522,42.45872],[-83.22521,42.45867],[-83.22522,42.45872],[-83.2247,42.45874],[-83.21708,42.45891],[-83.21707,42.45886],[-83.21708,42.45891],[-83.21675,42.45892],[-83.21229,42.45903],[-83.21229,42.45898],[-83.21229,42.45903],[-83.20624,42.45918],[-83.20624,42.45911],[-83.20624,42.45918],[-83.20465,42.45923],[-83.196,42.45948],[-83.196,42.45939],[-83.196,42.45948],[-83.1959,42.45949],[-83.19191,42.45959],[-83.19146,42.4596],[-83.19145,42.45951],[-83.19146,42.4596],[-83.18763,42.45969],[-83.18762,42.45959],[-83.18763,42.45969],[-83.18135,42.45982],[-83.18088,42.45982],[-83.18088,42.45975],[-83.18088,42.45982],[-83.17574,42.45991],[-83.17532,42.45991],[-83.17532,42.45985],[-83.17532,42.45991],[-83.17512,42.45992],[-83.17148,42.45993],[-83.17147,42.45985],[-83.17148,42.45993],[-83.1713,42.45994],[-83.16708,42.46004],[-83.167,42.46004],[-83.16699,42.45995],[-83.167,42.46004],[-83.16158,42.46019],[-83.16114,42.46019],[-83.16114,42.46011],[-83.16114,42.46019],[-83.15908,42.46018],[-83.15908,42.46009],[-83.15908,42.46018],[-83.15314,42.46014],[-83.15296,42.46009],[-83.15296,42.46014],[-83.14709,42.46028],[-83.14714,42.46022],[-83.14709,42.46028],[-83.14676,42.4603],[-83.14244,42.46041],[-83.14244,42.46035],[-83.14244,42.46041],[-83.13504,42.46061],[-83.13368,42.46056],[-83.13117,42.46068],[-83.13116,42.46057],[-83.13117,42.46068],[-83.12743,42.46076],[-83.12743,42.46068],[-83.12743,42.46076],[-83.12436,42.46086],[-83.12255,42.46088],[-83.12255,42.46081],[-83.12255,42.46088],[-83.11013,42.46121],[-83.11019,42.46115],[-83.11013,42.46121],[-83.10492,42.46137],[-83.10445,42.46138],[-83.10445,42.46128],[-83.10445,42.46138],[-83.10332,42.46142],[-83.09806,42.46152],[-83.09806,42.46145],[-83.09806,42.46152],[-83.09315,42.46163],[-83.09315,42.46156],[-83.09315,42.46163],[-83.08729,42.46177],[-83.08668,42.46178],[-83.08668,42.4617],[-83.08668,42.46178],[-83.08528,42.46181],[-83.08331,42.46177],[-83.08207,42.46187],[-83.07386,42.46195],[-83.07268,42.46206],[-83.06961,42.46212],[-83.0696,42.46206],[-83.06961,42.46212],[-83.06444,42.46225],[-83.06338,42.46226],[-83.06337,42.46216],[-83.06338,42.46226],[-83.05989,42.46227],[-83.05989,42.4622],[-83.05989,42.46227],[-83.05418,42.4623],[-83.05418,42.46221],[-83.05425,42.46221],[-83.05418,42.46221],[-83.05418,42.4623],[-83.05027,42.4624],[-83.05026,42.46232],[-83.05027,42.4624],[-83.04414,42.46256],[-83.04414,42.46247],[-83.04414,42.46256],[-83.04301,42.4626],[-83.03359,42.46288],[-83.03359,42.46278],[-83.03359,42.46288],[-83.03244,42.46292],[-83.02561,42.46314],[-83.02561,42.46306],[-83.02561,42.46314],[-83.02309,42.4632],[-83.02308,42.46313],[-83.02309,42.4632],[-83.0193,42.4633],[-83.01816,42.46332],[-83.01815,42.46325],[-83.01816,42.46332],[-83.01648,42.46336],[-83.01302,42.46342],[-83.01302,42.46335],[-83.01302,42.46342],[-83.0051,42.4635],[-83.00509,42.46339],[-83.0051,42.4635],[-83.00129,42.46359],[-83.00129,42.46349],[-83.00129,42.46359],[-82.99763,42.46369],[-82.99762,42.46359],[-82.99763,42.46369],[-82.99454,42.46376],[-82.99117,42.46379],[-82.99117,42.4637],[-82.99117,42.46379],[-82.98538,42.46385],[-82.98538,42.4638],[-82.98078,42.46397],[-82.98077,42.46391],[-82.98078,42.46397],[-82.98065,42.46398],[-82.97539,42.46416],[-82.97538,42.4641],[-82.97539,42.46416],[-82.96658,42.46474],[-82.95911,42.46461],[-82.95915,42.46456],[-82.9538,42.46467],[-82.95356,42.46467],[-82.95356,42.46462],[-82.95356,42.46467],[-82.95281,42.4647],[-82.94921,42.46479],[-82.94921,42.46474],[-82.94921,42.46479],[-82.94576,42.4649],[-82.94541,42.4649],[-82.94541,42.46482],[-82.94541,42.4649],[-82.94414,42.46495],[-82.93883,42.46511],[-82.93882,42.46504],[-82.93883,42.46511],[-82.93852,42.46512],[-82.93489,42.46522],[-82.93488,42.46516],[-82.93489,42.46522],[-82.92959,42.46534],[-82.92766,42.46546],[-82.92584,42.46546],[-82.92548,42.46553],[-82.91603,42.46582],[-82.91587,42.46577],[-82.90702,42.46619],[-82.90702,42.46611],[-82.90702,42.46619],[-82.90257,42.46633],[-82.90242,42.46633],[-82.90241,42.46626],[-82.90242,42.46633],[-82.89953,42.46643],[-82.89959,42.4659],[-82.89993,42.46508],[-82.90002,42.4651],[-82.89993,42.46508],[-82.90009,42.46467],[-82.9001,42.46437],[-82.89999,42.46409],[-82.89977,42.46389],[-82.89889,42.46365],[-82.899,42.46343],[-82.89917,42.46348],[-82.899,42.46343],[-82.90023,42.4608],[-82.90036,42.46083],[-82.90023,42.4608],[-82.90059,42.45997],[-82.90113,42.45877],[-82.90127,42.4588],[-82.90113,42.45877],[-82.90182,42.45724],[-82.90195,42.45727],[-82.90182,42.45724],[-82.90185,42.45715],[-82.90257,42.45558],[-82.90273,42.45562],[-82.90257,42.45558],[-82.90301,42.45458],[-82.9036,42.45329],[-82.90375,42.45331],[-82.9036,42.45329],[-82.90431,42.4517],[-82.90444,42.45174],[-82.90431,42.4517],[-82.90488,42.45063],[-82.90558,42.44894],[-82.9057,42.44896],[-82.90558,42.44894],[-82.90605,42.44762],[-82.90615,42.44763],[-82.90605,42.44762],[-82.90642,42.44661],[-82.9067,42.44536],[-82.9068,42.44535],[-82.90695,42.44421],[-82.90719,42.44335],[-82.90749,42.44151],[-82.90754,42.44152],[-82.90749,42.44151],[-82.9078,42.43962],[-82.90788,42.43962],[-82.9078,42.43962],[-82.90815,42.43698],[-82.90823,42.43699],[-82.90815,42.43698],[-82.90846,42.43447],[-82.90856,42.43447],[-82.90846,42.43447],[-82.90866,42.43299],[-82.90882,42.43221],[-82.90893,42.4322],[-82.90882,42.43221],[-82.90928,42.42981],[-82.9096,42.42755],[-82.90969,42.42755],[-82.9096,42.42755],[-82.90982,42.42591],[-82.9099,42.42592],[-82.90982,42.42591],[-82.91011,42.42364],[-82.9102,42.42364],[-82.91011,42.42364],[-82.91012,42.42348],[-82.91039,42.42053],[-82.91047,42.42052],[-82.91039,42.42053],[-82.91067,42.41783],[-82.91076,42.41787],[-82.91067,42.41783],[-82.91076,42.41716],[-82.91106,42.41604],[-82.91149,42.41504]],[[-83.24074,42.47374],[-83.24056,42.47374],[-83.24055,42.4736],[-83.24065,42.47353],[-83.24058,42.47122],[-83.23971,42.47062],[-83.23976,42.47058],[-83.23958,42.47054],[-83.23548,42.4678],[-83.23406,42.46708],[-83.23317,42.46651],[-83.23303,42.46651],[-83.22023,42.45795],[-83.22023,42.45788],[-83.21904,42.45693],[-83.21844,42.45596],[-83.21792,42.45547],[-83.21521,42.45402],[-83.21159,42.45159],[-83.2114,42.45158],[-83.21102,42.45184],[-83.21295,42.45318],[-83.21448,42.45445],[-83.21774,42.45757],[-83.21883,42.45888],[-83.21708,42.45891],[-83.21707,42.45886],[-83.21708,42.45891],[-83.21675,42.45892],[-83.21229,42.45903],[-83.21229,42.45898],[-83.21229,42.45903],[-83.20624,42.45918],[-83.20624,42.45911],[-83.20624,42.45918],[-83.1973,42.45945],[-83.196,42.45948],[-83.196,42.45939],[-83.196,42.45948],[-83.19515,42.45951],[-83.19146,42.4596],[-83.19145,42.45951],[-83.19146,42.4596],[-83.18763,42.45969],[-83.18762,42.45959],[-83.18763,42.45969],[-83.18135,42.45982],[-83.18088,42.45982],[-83.18088,42.45975],[-83.18088,42.45982],[-83.17574,42.45991],[-83.17532,42.45991],[-83.17532,42.45985],[-83.17532,42.45991],[-83.17512,42.45992],[-83.17363,42.45993],[-83.17148,42.45993],[-83.17147,42.45985],[-83.17148,42.45993],[-83.1713,42.45994],[-83.16708,42.46004],[-83.167,42.46004],[-83.16699,42.45995],[-83.167,42.46004],[-83.16211,42.46018],[-83.16114,42.46019],[-83.16114,42.46011],[-83.16114,42.46019],[-83.15908,42.46018],[-83.15908,42.46009],[-83.15908,42.46018],[-83.15314,42.46014],[-83.15296,42.46009],[-83.15296,42.46014],[-83.14709,42.46028],[-83.14714,42.46022],[-83.14709,42.46028],[-83.14676,42.4603],[-83.14244,42.46041],[-83.14244,42.46035],[-83.14244,42.46041],[-83.13504,42.46061],[-83.13368,42.46056],[-83.13117,42.46068],[-83.13116,42.46057],[-83.13117,42.46068],[-83.12743,42.46076],[-83.12743,42.46068],[-83.12743,42.46076],[-83.12352,42.46087],[-83.12255,42.46088],[-83.12255,42.46081],[-83.12255,42.46088],[-83.11013,42.46121],[-83.11019,42.46115],[-83.11013,42.46121],[-83.10492,42.46137],[-83.10445,42.46138],[-83.10445,42.46128],[-83.10445,42.46138],[-83.10332,42.46142],[-83.09806,42.46152],[-83.09806,42.46145],[-83.09806,42.46152],[-83.09771,42.46153],[-83.09315,42.46163],[-83.09315,42.46156],[-83.09315,42.46163],[-83.08668,42.46178],[-83.08668,42.4617],[-83.08668,42.46178],[-83.08528,42.46181],[-83.08331,42.46177],[-83.08207,42.46187],[-83.07386,42.46195],[-83.07268,42.46206],[-83.06961,42.46212],[-83.0696,42.46206],[-83.06961,42.46212],[-83.06504,42.46224],[-83.06338,42.46226],[-83.06337,42.46216],[-83.06338,42.46226],[-83.05989,42.46227],[-83.05989,42.4622],[-83.05989,42.46227],[-83.05418,42.4623],[-83.05418,42.46221],[-83.05425,42.46221],[-83.05418,42.46221],[-83.05418,42.4623],[-83.05027,42.4624],[-83.05026,42.46232],[-83.05027,42.4624],[-83.04414,42.46256],[-83.04414,42.46247],[-83.04414,42.46256],[-83.04301,42.4626],[-83.03359,42.46288],[-83.03359,42.46278],[-83.03359,42.46288],[-83.03244,42.46292],[-83.02561,42.46314],[-83.02561,42.46306],[-83.02561,42.46314],[-83.02309,42.4632],[-83.02308,42.46313],[-83.02309,42.4632],[-83.0193,42.4633],[-83.01816,42.46332],[-83.01815,42.46325],[-83.01816,42.46332],[-83.01569,42.46338],[-83.01302,42.46342],[-83.01302,42.46335],[-83.01302,42.46342],[-83.0051,42.4635],[-83.00509,42.46339],[-83.0051,42.4635],[-83.00129,42.46359],[-83.00129,42.46349],[-83.00129,42.46359],[-82.99763,42.46369],[-82.99762,42.46359],[-82.99763,42.46369],[-82.99454,42.46376],[-82.99117,42.46379],[-82.99117,42.4637],[-82.99117,42.46379],[-82.98538,42.46385],[-82.98538,42.4638],[-82.98078,42.46397],[-82.98077,42.46391],[-82.98078,42.46397],[-82.98065,42.46398],[-82.97539,42.46416],[-82.97538,42.4641],[-82.97539,42.46416],[-82.96658,42.46474],[-82.95911,42.46461],[-82.95915,42.46456],[-82.9538,42.46467],[-82.95356,42.46467],[-82.95356,42.46462],[-82.95356,42.46467],[-82.95281,42.4647],[-82.94921,42.46479],[-82.94921,42.46474],[-82.94921,42.46479],[-82.94576,42.4649],[-82.94541,42.4649],[-82.94541,42.46482],[-82.94541,42.4649],[-82.94414,42.46495],[-82.93883,42.46511],[-82.93882,42.46504],[-82.93883,42.46511],[-82.93852,42.46512],[-82.93489,42.46522],[-82.93488,42.46516],[-82.93489,42.46522],[-82.92959,42.46534],[-82.92766,42.46546],[-82.92584,42.46546],[-82.92548,42.46553],[-82.91603,42.46582],[-82.91587,42.46577],[-82.90702,42.46619],[-82.90702,42.46611],[-82.90702,42.46619],[-82.90257,42.46633],[-82.90242,42.46633],[-82.90241,42.46626],[-82.90242,42.46633],[-82.89953,42.46643],[-82.89959,42.4659],[-82.89993,42.46508],[-82.90002,42.4651],[-82.89993,42.46508],[-82.90009,42.46467],[-82.9001,42.46437],[-82.89999,42.46409],[-82.89977,42.46389],[-82.89889,42.46365],[-82.899,42.46343],[-82.89917,42.46348],[-82.899,42.46343],[-82.90023,42.4608],[-82.90036,42.46083],[-82.90023,42.4608],[-82.90059,42.45997],[-82.90113,42.45877],[-82.90127,42.4588],[-82.90113,42.45877],[-82.90182,42.45724],[-82.90195,42.45727],[-82.90182,42.45724],[-82.90185,42.45715],[-82.90257,42.45558],[-82.90273,42.45562],[-82.90257,42.45558],[-82.90301,42.45458],[-82.9036,42.45329],[-82.90375,42.45331],[-82.9036,42.45329],[-82.90431,42.4517],[-82.90444,42.45174],[-82.90431,42.4517],[-82.90488,42.45063],[-82.90558,42.44894],[-82.9057,42.44896],[-82.90558,42.44894],[-82.90605,42.44762],[-82.90615,42.44763],[-82.90605,42.44762],[-82.90642,42.44661],[-82.9067,42.44536],[-82.9068,42.44535],[-82.90695,42.44421],[-82.90719,42.44335],[-82.90749,42.44151],[-82.90754,42.44152],[-82.90749,42.44151],[-82.9078,42.43962],[-82.90788,42.43962],[-82.9078,42.43962],[-82.90815,42.43698],[-82.90823,42.43699],[-82.90815,42.43698],[-82.90846,42.43447],[-82.90856,42.43447],[-82.90846,42.43447],[-82.90866,42.43299],[-82.90882,42.43221],[-82.90893,42.4322],[-82.90882,42.43221],[-82.90928,42.42981],[-82.9096,42.42755],[-82.90969,42.42755],[-82.9096,42.42755],[-82.90982,42.42591],[-82.9099,42.42592],[-82.90982,42.42591],[-82.91011,42.42364],[-82.9102,42.42364],[-82.91011,42.42364],[-82.91012,42.42348],[-82.91039,42.42053],[-82.91047,42.42052],[-82.91039,42.42053],[-82.91067,42.41783],[-82.91076,42.41787],[-82.91067,42.41783],[-82.91076,42.41716],[-82.91106,42.41604],[-82.91149,42.41504]]]}},{"type":"Feature","properties":{"agency":"smart","agency_label":"SMART","route":"730","name":"Ten Mile Crosstown","route_type":3},"geometry":{"type":"MultiLineString","coordinates":[[[-82.91038,42.41752],[-82.91046,42.41753],[-82.91028,42.41901],[-82.91021,42.41901],[-82.91028,42.41901],[-82.91005,42.42116],[-82.90996,42.42115],[-82.91005,42.42116],[-82.90987,42.42296],[-82.9098,42.42296],[-82.90987,42.42296],[-82.9098,42.42392],[-82.90955,42.42577],[-82.90953,42.42587],[-82.90945,42.42586],[-82.90953,42.42587],[-82.90942,42.42681],[-82.90918,42.42838],[-82.9091,42.42837],[-82.90918,42.42838],[-82.90876,42.43086],[-82.90866,42.43085],[-82.90876,42.43086],[-82.90849,42.4324],[-82.90842,42.43239],[-82.90849,42.4324],[-82.90812,42.4348],[-82.90804,42.43479],[-82.90812,42.4348],[-82.90805,42.43553],[-82.90775,42.43768],[-82.90767,42.43768],[-82.90775,42.43768],[-82.90755,42.43934],[-82.90747,42.43933],[-82.90755,42.43934],[-82.90743,42.44029],[-82.90679,42.44365],[-82.90811,42.44401],[-82.90808,42.44406],[-82.90811,42.44401],[-82.91119,42.44475],[-82.91114,42.44487],[-82.91119,42.44475],[-82.91403,42.44543],[-82.91398,42.44555],[-82.91403,42.44543],[-82.91559,42.44579],[-82.91817,42.44642],[-82.91815,42.44648],[-82.91816,42.44642],[-82.91836,42.44646],[-82.92293,42.44758],[-82.92287,42.44769],[-82.92277,42.44767],[-82.92283,42.44754],[-82.92474,42.44799],[-82.92669,42.44847],[-82.92664,42.4486],[-82.92669,42.44848],[-82.92814,42.44882],[-82.9297,42.44919],[-82.92964,42.44931],[-82.92969,42.44919],[-82.93095,42.44948],[-82.93224,42.4498],[-82.9321,42.4499],[-82.93224,42.4498],[-82.93399,42.45022],[-82.93395,42.45031],[-82.93399,42.45022],[-82.9357,42.45053],[-82.93698,42.45059],[-82.93698,42.4507],[-82.93698,42.45059],[-82.94046,42.45054],[-82.93921,42.4518],[-82.93842,42.45276],[-82.92997,42.46174],[-82.92978,42.46193],[-82.9297,42.46189],[-82.92978,42.46193],[-82.92833,42.46347],[-82.92821,42.46341],[-82.92833,42.46347],[-82.92688,42.46502],[-82.92658,42.46549],[-82.92654,42.46588],[-82.92643,42.46588],[-82.92654,42.46588],[-82.92658,42.4666],[-82.92662,42.46799],[-82.92651,42.468],[-82.92662,42.46799],[-82.92672,42.47088],[-82.92672,42.4711],[-82.92664,42.4711],[-82.92672,42.4711],[-82.9268,42.47322],[-82.9267,42.47323],[-82.9268,42.47322],[-82.92686,42.47524],[-82.92676,42.47525],[-82.92686,42.47524],[-82.92697,42.47876],[-82.92714,42.48025],[-82.92752,42.48024],[-82.92753,42.48031],[-82.92752,42.48024],[-82.9278,42.48022],[-82.92981,42.48017],[-82.92981,42.48022],[-82.92981,42.48017],[-82.93601,42.47997],[-82.94791,42.47968],[-82.95292,42.47965],[-82.95292,42.47973],[-82.95292,42.47965],[-82.96404,42.47955],[-82.96553,42.47964],[-82.96758,42.47952],[-82.96758,42.47964],[-82.96758,42.47952],[-82.96985,42.47938],[-82.96985,42.47944],[-82.96985,42.47938],[-82.97623,42.47899],[-82.97624,42.47911],[-82.97623,42.47899],[-82.97963,42.47876],[-82.97961,42.47882],[-82.97963,42.47876],[-82.98139,42.47864],[-82.98133,42.47875],[-82.98139,42.47864],[-82.98219,42.47858],[-82.98458,42.47841],[-82.98459,42.47848],[-82.98458,42.47841],[-82.98679,42.47828],[-82.98744,42.47826],[-82.98745,42.47835],[-82.98744,42.47826],[-82.98817,42.47824],[-82.99414,42.47813],[-82.99414,42.47819],[-82.99414,42.47813],[-82.99832,42.47805],[-82.99854,42.47805],[-82.99854,42.47815],[-82.99854,42.47805],[-82.99903,42.47803],[-83.00115,42.478],[-83.00115,42.47806],[-83.00115,42.478],[-83.00132,42.47799],[-83.00315,42.47796],[-83.00315,42.47806],[-83.00315,42.47796],[-83.00776,42.47786],[-83.00804,42.47786],[-83.00804,42.47792],[-83.00804,42.47786],[-83.01012,42.47781],[-83.01013,42.47792],[-83.01012,42.47781],[-83.0133,42.47774],[-83.01331,42.47783],[-83.0133,42.47774],[-83.01805,42.47762],[-83.01806,42.47772],[-83.01805,42.47762],[-83.02218,42.47753],[-83.0231,42.47752],[-83.0231,42.47764],[-83.0231,42.47752],[-83.02478,42.47751],[-83.02478,42.47761],[-83.02478,42.47751],[-83.02808,42.47744],[-83.02809,42.47756],[-83.02808,42.47744],[-83.03053,42.47737],[-83.03054,42.47748],[-83.03053,42.47737],[-83.03281,42.4773],[-83.03279,42.47741],[-83.03281,42.4773],[-83.03549,42.47723],[-83.03549,42.47734],[-83.03549,42.47723],[-83.03729,42.47718],[-83.03731,42.47731],[-83.03729,42.47718],[-83.04279,42.47717],[-83.04279,42.47728],[-83.04279,42.47717],[-83.0462,42.47714],[-83.0462,42.47725],[-83.0461,42.47725],[-83.0462,42.47725],[-83.0462,42.47714],[-83.05024,42.47708],[-83.05025,42.47719],[-83.05024,42.47708],[-83.05035,42.47707],[-83.05209,42.47705],[-83.05209,42.47715],[-83.05209,42.47705],[-83.05377,42.47702],[-83.05378,42.47713],[-83.05377,42.47702],[-83.0561,42.47697],[-83.05611,42.47711],[-83.0561,42.47697],[-83.05866,42.47691],[-83.05867,42.47702],[-83.05866,42.47691],[-83.05959,42.47687],[-83.06175,42.47683],[-83.06175,42.47696],[-83.06175,42.47683],[-83.06293,42.47679],[-83.06619,42.47672],[-83.06622,42.47683],[-83.06614,42.47683],[-83.06622,42.47683],[-83.06619,42.47672],[-83.07008,42.47662],[-83.07094,42.47662],[-83.07094,42.47674],[-83.07094,42.47662],[-83.07539,42.47652],[-83.07539,42.47664],[-83.07539,42.47652],[-83.07991,42.47643],[-83.08022,42.47643],[-83.08022,42.47655],[-83.08022,42.47643],[-83.08452,42.47635],[-83.08448,42.47673],[-83.08461,42.47871],[-83.08455,42.47871],[-83.08461,42.47871],[-83.08469,42.48063],[-83.08461,42.48063],[-83.08469,42.48063],[-83.08474,42.48359],[-83.08491,42.4861],[-83.08483,42.4861],[-83.08491,42.4861],[-83.0851,42.49076],[-83.08614,42.49077],[-83.08614,42.49087],[-83.08614,42.49077],[-83.0879,42.49077],[-83.0879,42.49088],[-83.0879,42.49077],[-83.09057,42.4908],[-83.09057,42.49091],[-83.09057,42.4908],[-83.09296,42.49081],[-83.09296,42.49091],[-83.09296,42.49081],[-83.09634,42.49082],[-83.09677,42.49083],[-83.09677,42.49095],[-83.09677,42.49083],[-83.10108,42.49085],[-83.10108,42.49097],[-83.10108,42.49085],[-83.10585,42.49093],[-83.10765,42.4908],[-83.10794,42.49085],[-83.11348,42.49065],[-83.11409,42.49064],[-83.1141,42.49075],[-83.11409,42.49064],[-83.11781,42.49053],[-83.11772,42.49068],[-83.11781,42.49053],[-83.11805,42.49052],[-83.12228,42.49043],[-83.12229,42.49053],[-83.12228,42.49043],[-83.12332,42.49039],[-83.13396,42.4901],[-83.13412,42.4901],[-83.13412,42.49018],[-83.13412,42.4901],[-83.14273,42.48986],[-83.14295,42.49],[-83.14294,42.48986],[-83.14483,42.48981],[-83.14486,42.48994],[-83.14486,42.48983],[-83.14493,42.48981],[-83.14862,42.48971],[-83.14804,42.48922],[-83.14792,42.48906],[-83.14788,42.48878],[-83.14762,42.48874],[-83.14679,42.48776],[-83.14658,42.4877],[-83.14656,42.48712],[-83.14669,42.48701],[-83.14656,42.48701],[-83.14652,42.48535],[-83.14661,42.48535],[-83.14652,42.48535],[-83.14651,42.48528],[-83.14643,42.48314],[-83.14652,42.48314],[-83.14643,42.48314],[-83.14636,42.48159],[-83.14636,42.48149],[-83.14647,42.48148],[-83.14636,42.48149],[-83.14629,42.4799],[-83.14641,42.47989],[-83.14629,42.4799],[-83.14616,42.47766],[-83.14628,42.47766],[-83.14616,42.47766],[-83.14614,42.47728],[-83.14634,42.47678],[-83.14693,42.47647],[-83.14678,42.47631],[-83.14684,42.47628],[-83.14678,42.47631],[-83.14609,42.47554],[-83.14732,42.47549],[-83.14921,42.47522],[-83.1523,42.47498],[-83.16009,42.47487],[-83.16265,42.47476],[-83.16631,42.4751],[-83.16631,42.47516],[-83.16631,42.4751],[-83.17147,42.47503],[-83.17603,42.47508],[-83.18479,42.47482],[-83.18724,42.47488],[-83.18791,42.4748],[-83.18991,42.47419],[-83.19112,42.47403],[-83.19269,42.474],[-83.19269,42.47407],[-83.19269,42.474],[-83.19635,42.47394],[-83.19635,42.47401],[-83.19635,42.47394],[-83.19865,42.47391],[-83.19859,42.47399],[-83.19865,42.47391],[-83.20011,42.47388],[-83.20012,42.47396],[-83.20011,42.47388],[-83.20246,42.47384],[-83.20258,42.47384],[-83.20258,42.47392],[-83.20258,42.47384],[-83.20626,42.47374],[-83.20627,42.47382],[-83.20626,42.47374],[-83.20855,42.47368],[-83.20856,42.47377],[-83.20855,42.47368],[-83.21025,42.47362],[-83.21196,42.47359],[-83.21189,42.47369],[-83.21196,42.47359],[-83.21518,42.47352],[-83.21518,42.47361],[-83.21518,42.47352],[-83.21799,42.47345],[-83.21845,42.47344],[-83.21846,42.47352],[-83.21845,42.47344],[-83.22181,42.47336],[-83.22181,42.47345],[-83.22181,42.47336],[-83.22201,42.47335],[-83.22478,42.47331],[-83.22478,42.47339],[-83.22478,42.47331],[-83.22801,42.47323],[-83.22801,42.47332],[-83.22801,42.47323],[-83.23144,42.47314],[-83.23144,42.47323],[-83.23144,42.47314],[-83.23401,42.47307],[-83.23432,42.47307],[-83.23432,42.47314],[-83.23432,42.47307],[-83.23476,42.47305],[-83.23783,42.47297],[-83.23783,42.47305],[-83.23783,42.47297],[-83.24043,42.47292],[-83.24045,42.4735],[-83.24055,42.4736],[-83.24055,42.47369],[-83.24046,42.47369],[-83.24055,42.47369],[-83.24056,42.47386],[-83.2405,42.47476],[-83.24056,42.47596],[-83.24062,42.47592],[-83.24056,42.47596],[-83.24071,42.47939],[-83.24078,42.47974],[-83.24055,42.48013],[-83.24069,42.48026],[-83.24167,42.48016],[-83.24168,42.48026],[-83.24167,42.48016],[-83.2443,42.47998],[-83.24432,42.48013],[-83.2443,42.47998],[-83.24672,42.47981],[-83.24674,42.47996],[-83.24672,42.47981],[-83.25263,42.47941],[-83.25338,42.47938],[-83.25348,42.47955],[-83.25306,42.47959],[-83.25297,42.47952],[-83.25306,42.47959],[-83.25348,42.47955],[-83.25338,42.47938],[-83.2579,42.4791],[-83.25791,42.47919],[-83.2579,42.4791],[-83.2608,42.47892],[-83.26178,42.47896],[-83.26177,42.47904],[-83.26178,42.47896],[-83.26316,42.47901],[-83.26355,42.47905],[-83.26354,42.47913],[-83.26355,42.47905],[-83.26487,42.47917],[-83.26711,42.4792],[-83.26711,42.47928],[-83.26711,42.4792],[-83.2703,42.47924],[-83.2702,42.48436],[-83.27247,42.48464],[-83.27245,42.48472],[-83.27247,42.48464],[-83.27269,42.48466],[-83.27587,42.48504],[-83.27585,42.48511],[-83.27587,42.48504],[-83.27728,42.48511],[-83.27848,42.48485],[-83.27889,42.48465],[-83.27934,42.48423],[-83.27954,42.48371],[-83.27946,42.48115],[-83.27951,42.48116],[-83.27935,42.47887],[-83.2795,42.47886],[-83.27935,42.47887],[-83.2792,42.47566],[-83.2792,42.47555],[-83.27927,42.47555],[-83.2792,42.47555],[-83.27905,42.47206],[-83.27889,42.47199],[-83.27941,42.47197],[-83.27967,42.47204],[-83.27966,42.47196],[-83.27982,42.47195],[-83.28277,42.47188],[-83.28277,42.47193]],[[-83.28428,42.47176],[-83.28428,42.47184],[-83.27899,42.47198],[-83.27907,42.47237],[-83.27898,42.47238],[-83.27907,42.47237],[-83.27909,42.4727],[-83.2792,42.47566],[-83.27903,42.47561],[-83.2792,42.47566],[-83.27939,42.47964],[-83.27927,42.47965],[-83.27939,42.47964],[-83.27948,42.4816],[-83.2794,42.4816],[-83.27948,42.4816],[-83.27955,42.48361],[-83.27948,42.4836],[-83.27955,42.48361],[-83.27954,42.48371],[-83.27934,42.48423],[-83.27889,42.48465],[-83.27827,42.48491],[-83.27719,42.48512],[-83.27634,42.4851],[-83.2702,42.48434],[-83.2703,42.47981],[-83.27037,42.47982],[-83.2703,42.47981],[-83.2703,42.47924],[-83.27341,42.47928],[-83.27345,42.47906],[-83.26182,42.47886],[-83.26028,42.47895],[-83.26028,42.47888],[-83.26028,42.47895],[-83.25802,42.47904],[-83.25386,42.47936],[-83.25335,42.47938],[-83.25335,42.4793],[-83.25335,42.47938],[-83.25139,42.47954],[-83.2478,42.47974],[-83.24778,42.47964],[-83.2478,42.47974],[-83.24744,42.47977],[-83.24601,42.47986],[-83.246,42.4798],[-83.24601,42.47986],[-83.24332,42.48005],[-83.24338,42.47998],[-83.24332,42.48005],[-83.24202,42.48015],[-83.24125,42.48013],[-83.241,42.47999],[-83.2409,42.47941],[-83.24095,42.47932],[-83.24083,42.47778],[-83.24083,42.47756],[-83.24089,42.47756],[-83.24083,42.47756],[-83.24081,42.47725],[-83.24076,42.47545],[-83.24067,42.47421],[-83.24056,42.47408],[-83.24055,42.4736],[-83.24065,42.47353],[-83.24062,42.47302],[-83.24081,42.47291],[-83.23904,42.47294],[-83.2391,42.47286],[-83.23904,42.47294],[-83.23633,42.47301],[-83.23615,42.47294],[-83.23615,42.47302],[-83.23363,42.47308],[-83.23362,42.473],[-83.23363,42.47308],[-83.23065,42.47316],[-83.23065,42.47308],[-83.23065,42.47316],[-83.22725,42.47325],[-83.22725,42.47316],[-83.22725,42.47325],[-83.22539,42.4733],[-83.22399,42.47332],[-83.22399,42.47324],[-83.22399,42.47332],[-83.21991,42.47341],[-83.21989,42.47333],[-83.21989,42.47341],[-83.2176,42.47346],[-83.2176,42.47339],[-83.2176,42.47346],[-83.21498,42.47353],[-83.2145,42.47354],[-83.2145,42.47346],[-83.2145,42.47354],[-83.2108,42.47361],[-83.21081,42.47354],[-83.2108,42.47361],[-83.2051,42.47377],[-83.20509,42.47369],[-83.2051,42.47377],[-83.205,42.47378],[-83.20301,42.47383],[-83.20255,42.47384],[-83.20255,42.47375],[-83.20255,42.47384],[-83.20225,42.47385],[-83.20104,42.47386],[-83.20107,42.4738],[-83.20104,42.47386],[-83.19781,42.47392],[-83.19781,42.47384],[-83.19781,42.47392],[-83.19696,42.47394],[-83.19441,42.47397],[-83.19441,42.4739],[-83.19441,42.47397],[-83.19181,42.47402],[-83.1918,42.47395],[-83.19181,42.47402],[-83.19071,42.47405],[-83.18762,42.47405],[-83.1816,42.47421],[-83.1816,42.47416],[-83.1816,42.47421],[-83.17953,42.47426],[-83.17938,42.47426],[-83.17937,42.4742],[-83.17938,42.47426],[-83.17206,42.47453],[-83.16693,42.47461],[-83.16573,42.47456],[-83.16281,42.47418],[-83.16159,42.47413],[-83.15239,42.47419],[-83.15082,42.47434],[-83.14842,42.47472],[-83.14474,42.47483],[-83.14621,42.4764],[-83.14626,42.47654],[-83.14611,42.47686],[-83.14613,42.47753],[-83.14633,42.4806],[-83.14638,42.48184],[-83.14631,42.48184],[-83.14638,42.48184],[-83.14642,42.4826],[-83.14644,42.48312],[-83.14636,42.48312],[-83.14644,42.48312],[-83.14655,42.48553],[-83.14773,42.48551],[-83.14788,42.48851],[-83.14777,42.48852],[-83.14787,42.48851],[-83.14792,42.48906],[-83.14855,42.48971],[-83.12442,42.49037],[-83.12398,42.49038],[-83.12398,42.49033],[-83.12398,42.49038],[-83.12192,42.49044],[-83.11815,42.49052],[-83.11815,42.49046],[-83.11815,42.49052],[-83.10719,42.49082],[-83.0912,42.4908],[-83.09121,42.49072],[-83.0912,42.4908],[-83.08911,42.49079],[-83.08723,42.49077],[-83.08723,42.49071],[-83.08723,42.49077],[-83.0851,42.49076],[-83.08508,42.49012],[-83.08517,42.49012],[-83.08508,42.49012],[-83.08507,42.49003],[-83.085,42.48838],[-83.0851,42.48838],[-83.085,42.48838],[-83.08492,42.48632],[-83.08501,42.48631],[-83.08492,42.48632],[-83.08494,42.48514],[-83.08481,42.48213],[-83.08474,42.48203],[-83.08474,42.48191],[-83.0848,42.4819],[-83.08474,42.48191],[-83.08473,42.48179],[-83.08472,42.48024],[-83.0846,42.47855],[-83.08467,42.47855],[-83.0846,42.47855],[-83.08452,42.47635],[-83.08372,42.47637],[-83.08372,42.4763],[-83.08372,42.47637],[-83.08025,42.47643],[-83.08025,42.47652],[-83.08025,42.47643],[-83.07648,42.4765],[-83.07647,42.47641],[-83.07648,42.4765],[-83.07116,42.47662],[-83.07097,42.47662],[-83.07097,42.47655],[-83.07097,42.47662],[-83.06711,42.4767],[-83.06716,42.47663],[-83.06711,42.4767],[-83.06456,42.47675],[-83.0646,42.47668],[-83.06443,42.47676],[-83.06241,42.47681],[-83.0624,42.47673],[-83.06241,42.47681],[-83.05837,42.47692],[-83.05823,42.47692],[-83.05822,42.47683],[-83.05823,42.47692],[-83.05591,42.47698],[-83.05438,42.47701],[-83.05438,42.47694],[-83.05438,42.47701],[-83.0509,42.47707],[-83.0509,42.47698],[-83.0509,42.47707],[-83.04886,42.4771],[-83.04886,42.47702],[-83.04886,42.4771],[-83.04566,42.47716],[-83.04419,42.47716],[-83.04419,42.47708],[-83.04419,42.47716],[-83.04146,42.47717],[-83.04146,42.47709],[-83.04146,42.47717],[-83.03936,42.47718],[-83.03936,42.4771],[-83.03936,42.47718],[-83.0388,42.47718],[-83.0388,42.47711],[-83.0388,42.47718],[-83.03585,42.47722],[-83.03584,42.47714],[-83.03585,42.47722],[-83.0337,42.47728],[-83.0337,42.47719],[-83.0337,42.47728],[-83.03169,42.47733],[-83.03168,42.47725],[-83.03169,42.47733],[-83.03131,42.47735],[-83.02886,42.47742],[-83.02885,42.47734],[-83.02886,42.47742],[-83.02688,42.47748],[-83.02639,42.47749],[-83.02639,42.47741],[-83.02639,42.47749],[-83.02386,42.47752],[-83.02386,42.47744],[-83.02386,42.47752],[-83.02126,42.47755],[-83.02125,42.47746],[-83.02126,42.47755],[-83.01721,42.47764],[-83.01723,42.47756],[-83.01721,42.47764],[-83.01557,42.47769],[-83.01556,42.4776],[-83.01557,42.47769],[-83.01352,42.47774],[-83.01317,42.47774],[-83.01316,42.47765],[-83.01317,42.47774],[-83.00993,42.47782],[-83.00962,42.47782],[-83.00962,42.47773],[-83.00962,42.47782],[-83.00547,42.47792],[-83.00509,42.47792],[-83.00509,42.47785],[-83.00509,42.47792],[-82.99864,42.47804],[-82.99864,42.47792],[-82.99864,42.47804],[-82.99797,42.47806],[-82.9946,42.47812],[-82.9946,42.47803],[-82.9946,42.47812],[-82.99223,42.47816],[-82.99223,42.4781],[-82.99223,42.47816],[-82.98923,42.47822],[-82.98923,42.47813],[-82.98923,42.47822],[-82.98615,42.47831],[-82.98614,42.47826],[-82.98615,42.47831],[-82.98428,42.47844],[-82.98435,42.47834],[-82.98428,42.47844],[-82.98181,42.47861],[-82.9818,42.47855],[-82.98181,42.47861],[-82.97986,42.47874],[-82.97991,42.47864],[-82.97986,42.47874],[-82.97889,42.47882],[-82.97633,42.47899],[-82.97603,42.479],[-82.97602,42.47894],[-82.97603,42.479],[-82.97592,42.47901],[-82.97009,42.47937],[-82.97007,42.47926],[-82.97009,42.47937],[-82.96718,42.47954],[-82.96604,42.47948],[-82.96415,42.47952],[-82.96411,42.47946],[-82.96415,42.47952],[-82.96404,42.47955],[-82.96338,42.47956],[-82.96127,42.47958],[-82.96127,42.47948],[-82.96127,42.47958],[-82.95593,42.47963],[-82.95593,42.47952],[-82.95593,42.47963],[-82.95237,42.47966],[-82.95237,42.47956],[-82.95237,42.47966],[-82.94959,42.47967],[-82.94962,42.47959],[-82.94959,42.47967],[-82.94685,42.47971],[-82.94685,42.47964],[-82.94685,42.47971],[-82.94252,42.47982],[-82.94243,42.47976],[-82.94244,42.47982],[-82.94233,42.47983],[-82.9372,42.47995],[-82.93717,42.47989],[-82.93718,42.47995],[-82.93626,42.47999],[-82.93349,42.48001],[-82.9273,42.48024],[-82.92721,42.47954],[-82.92682,42.46768],[-82.92683,42.46612],[-82.92694,42.46526],[-82.94002,42.45134],[-82.94132,42.45023],[-82.94299,42.44831],[-82.94268,42.44817],[-82.94073,42.45024],[-82.9391,42.45027],[-82.93909,42.4502],[-82.9391,42.45027],[-82.93742,42.4503],[-82.93518,42.45012],[-82.9071,42.44344],[-82.90732,42.44233],[-82.9074,42.44226],[-82.90734,42.44226],[-82.9078,42.43962],[-82.90788,42.43962],[-82.9078,42.43962],[-82.90815,42.43698],[-82.90823,42.43699],[-82.90815,42.43698],[-82.90846,42.43447],[-82.90856,42.43447],[-82.90846,42.43447],[-82.90866,42.43299],[-82.90882,42.43221],[-82.90893,42.4322],[-82.90882,42.43221],[-82.90928,42.42981],[-82.9096,42.42755],[-82.90969,42.42755],[-82.9096,42.42755],[-82.90982,42.42591],[-82.9099,42.42592],[-82.90982,42.42591],[-82.91011,42.42364],[-82.9102,42.42364],[-82.91011,42.42364],[-82.91012,42.42348],[-82.91039,42.42053],[-82.91047,42.42052],[-82.91039,42.42053],[-82.91067,42.41783],[-82.91076,42.41787],[-82.91067,42.41783],[-82.91076,42.41716],[-82.91106,42.41604],[-82.91149,42.41504]]]}},{"type":"Feature","properties":{"agency":"smart","agency_label":"SMART","route":"740","name":"Twelve Mile Crosstown","route_type":3},"geometry":{"type":"MultiLineString","coordinates":[[[-82.90591,42.52495],[-82.89753,42.5249],[-82.89826,42.52415],[-82.89858,42.52372],[-82.89879,42.52333],[-82.89885,42.52294],[-82.89832,42.51043],[-82.91944,42.51],[-82.91967,42.51],[-82.91967,42.51005],[-82.91967,42.51],[-82.92592,42.50993],[-82.92818,42.50983],[-82.92916,42.50982],[-82.92916,42.50989],[-82.92916,42.50982],[-82.92965,42.5098],[-82.93275,42.50973],[-82.93275,42.5098],[-82.93275,42.50973],[-82.93683,42.50964],[-82.93684,42.50973],[-82.93683,42.50964],[-82.93996,42.50957],[-82.93996,42.50965],[-82.93996,42.50957],[-82.94319,42.50948],[-82.9432,42.50955],[-82.94319,42.50948],[-82.94662,42.50938],[-82.94658,42.50944],[-82.94662,42.50938],[-82.94956,42.5093],[-82.94979,42.5093],[-82.94979,42.50935],[-82.94979,42.5093],[-82.95309,42.50922],[-82.9531,42.50929],[-82.95309,42.50922],[-82.95361,42.50921],[-82.95468,42.5093],[-82.95468,42.50919],[-82.95699,42.50913],[-82.95699,42.50923],[-82.95699,42.50913],[-82.95942,42.50906],[-82.95942,42.50916],[-82.95942,42.50906],[-82.96072,42.50902],[-82.96418,42.50894],[-82.96415,42.50905],[-82.96418,42.50894],[-82.96692,42.50889],[-82.96693,42.50899],[-82.96692,42.50889],[-82.96918,42.5088],[-82.96918,42.50887],[-82.96918,42.5088],[-82.97382,42.50852],[-82.97383,42.50858],[-82.97382,42.50852],[-82.97575,42.50839],[-82.97583,42.50839],[-82.97584,42.50847],[-82.97583,42.50839],[-82.97624,42.50836],[-82.97825,42.50824],[-82.97826,42.50831],[-82.97825,42.50824],[-82.9785,42.50822],[-82.98727,42.50767],[-83.00172,42.50724],[-83.00172,42.50733],[-83.00172,42.50724],[-83.00526,42.50714],[-83.00556,42.50714],[-83.00557,42.50723],[-83.00556,42.50714],[-83.00791,42.50707],[-83.00787,42.50718],[-83.00791,42.50707],[-83.01212,42.50695],[-83.01213,42.50706],[-83.01212,42.50695],[-83.0144,42.50689],[-83.0144,42.50699],[-83.0144,42.50689],[-83.0188,42.50677],[-83.01881,42.50688],[-83.0188,42.50677],[-83.02236,42.5067],[-83.0223,42.50681],[-83.02236,42.5067],[-83.02395,42.50667],[-83.02483,42.5067],[-83.02483,42.50676],[-83.02483,42.5067],[-83.02925,42.50664],[-83.02925,42.50674],[-83.02925,42.50664],[-83.03119,42.50652],[-83.03433,42.50645],[-83.03601,42.5063],[-83.03602,42.50641],[-83.03601,42.5063],[-83.03952,42.50605],[-83.03955,42.50617],[-83.03955,42.50605],[-83.0405,42.50605],[-83.04502,42.5062],[-83.04516,42.50628],[-83.04754,42.5062],[-83.0475,42.5063],[-83.04754,42.5062],[-83.04879,42.50612],[-83.0566,42.50596],[-83.0566,42.50609],[-83.0566,42.50596],[-83.06087,42.50586],[-83.06146,42.50588],[-83.06147,42.50595],[-83.06146,42.50588],[-83.06813,42.50569],[-83.06824,42.50569],[-83.06824,42.50584],[-83.06813,42.50584],[-83.06824,42.50584],[-83.06824,42.50569],[-83.07214,42.5056],[-83.07215,42.5057],[-83.07214,42.5056],[-83.07387,42.50555],[-83.07432,42.50555],[-83.07433,42.50568],[-83.07432,42.50555],[-83.07463,42.50553],[-83.08106,42.50533],[-83.08119,42.50533],[-83.08133,42.50545],[-83.08133,42.50533],[-83.08394,42.50525],[-83.08479,42.50524],[-83.08472,42.50535],[-83.08479,42.50524],[-83.08494,42.50523],[-83.0867,42.50519],[-83.08672,42.50529],[-83.0867,42.50519],[-83.0888,42.50514],[-83.08923,42.50514],[-83.08924,42.50523],[-83.08923,42.50514],[-83.09308,42.50504],[-83.09308,42.50515],[-83.09308,42.50504],[-83.0968,42.50495],[-83.097,42.50495],[-83.09701,42.50506],[-83.097,42.50495],[-83.10397,42.50479],[-83.10397,42.50492],[-83.10397,42.50479],[-83.10659,42.50474],[-83.10659,42.50483],[-83.10659,42.50474],[-83.1067,42.50473],[-83.10904,42.50467],[-83.10904,42.50477],[-83.10904,42.50467],[-83.11075,42.50461],[-83.1125,42.50463],[-83.1125,42.5047],[-83.1125,42.50463],[-83.11817,42.50448],[-83.11835,42.50442],[-83.11883,42.50441],[-83.11883,42.50452],[-83.11883,42.50441],[-83.12288,42.50435],[-83.12288,42.50446],[-83.12288,42.50435],[-83.12502,42.50433],[-83.12498,42.50355],[-83.12511,42.50355],[-83.12498,42.50355],[-83.12494,42.50283],[-83.1249,42.50179],[-83.12501,42.50179],[-83.1249,42.50179],[-83.12472,42.49785],[-83.12484,42.49786],[-83.12472,42.49785],[-83.12468,42.49628],[-83.12476,42.49628],[-83.12468,42.49628],[-83.1246,42.49429],[-83.1247,42.49429],[-83.1246,42.49429],[-83.12452,42.49222],[-83.12458,42.49222],[-83.12452,42.49222],[-83.12442,42.49037],[-83.13396,42.4901],[-83.13412,42.4901],[-83.13412,42.49018],[-83.13412,42.4901],[-83.14273,42.48986],[-83.14274,42.48992],[-83.15264,42.48967],[-83.1527,42.48974],[-83.1527,42.48967],[-83.1586,42.48948],[-83.15977,42.4907],[-83.16003,42.49056],[-83.15294,42.48297],[-83.14613,42.47552],[-83.14569,42.47583],[-83.14666,42.47681],[-83.1466,42.47686],[-83.14686,42.47699],[-83.14909,42.47945],[-83.14905,42.47949],[-83.14928,42.47957],[-83.15084,42.48123],[-83.1508,42.48128],[-83.15099,42.48136],[-83.15273,42.48315],[-83.15267,42.48325],[-83.15286,42.48333],[-83.15407,42.48465],[-83.15407,42.48475],[-83.15424,42.48479],[-83.15574,42.4864],[-83.15571,42.4865],[-83.156,42.48664],[-83.15743,42.48819],[-83.15736,42.48827],[-83.15757,42.48831],[-83.15859,42.48945],[-83.14876,42.48964],[-83.14854,42.4896],[-83.14801,42.48916],[-83.14798,42.48877],[-83.14774,42.48877],[-83.14671,42.48765]],[[-83.5396,42.49503],[-83.53954,42.49507],[-83.53557,42.49418],[-83.53559,42.49412],[-83.53557,42.49418],[-83.53541,42.49416],[-83.53227,42.49345],[-83.53229,42.49339],[-83.53227,42.49345],[-83.53134,42.49325],[-83.51548,42.4897],[-83.51556,42.49111],[-83.51581,42.49264],[-83.51587,42.49572],[-83.51506,42.49572],[-83.51444,42.49561],[-83.5139,42.4954],[-83.51307,42.49488],[-83.51259,42.49467],[-83.5116,42.49452],[-83.49091,42.4952],[-83.48775,42.49518],[-83.476,42.49537],[-83.47501,42.49548],[-83.47029,42.49559],[-83.47023,42.49473],[-83.469,42.49478],[-83.46889,42.49477],[-83.46897,42.49465],[-83.46882,42.49476],[-83.46799,42.49459],[-83.46729,42.49423],[-83.46657,42.49349],[-83.46597,42.49375],[-83.46569,42.49417],[-83.46572,42.49452],[-83.46615,42.49521],[-83.4662,42.49574],[-83.46605,42.49574],[-83.46605,42.49568],[-83.466,42.49575],[-83.45753,42.49596],[-83.45119,42.49622],[-83.43311,42.49698],[-83.42519,42.49741],[-83.42334,42.49742],[-83.42334,42.49736],[-83.42334,42.49742],[-83.41435,42.49766],[-83.41015,42.49763],[-83.40867,42.49769],[-83.40867,42.49759],[-83.40867,42.49769],[-83.40365,42.49779],[-83.40365,42.49769],[-83.40365,42.49779],[-83.40313,42.49781],[-83.39889,42.49793],[-83.39829,42.49792],[-83.39829,42.49785],[-83.39829,42.49792],[-83.39463,42.49803],[-83.39438,42.49803],[-83.39438,42.49796],[-83.39438,42.49803],[-83.39053,42.49812],[-83.38697,42.49838],[-83.38607,42.4984],[-83.38607,42.49826],[-83.38607,42.49839],[-83.38289,42.49848],[-83.38289,42.49834],[-83.38289,42.49848],[-83.37824,42.49866],[-83.37814,42.49702],[-83.37825,42.49701],[-83.37814,42.49702],[-83.37805,42.4951],[-83.37804,42.4927],[-83.37732,42.49275],[-83.3771,42.49214],[-83.37656,42.49171],[-83.37606,42.49159],[-83.37526,42.49158],[-83.37335,42.49176],[-83.37251,42.49169],[-83.36922,42.49179],[-83.36827,42.49187],[-83.36733,42.49217],[-83.36696,42.4922],[-83.36601,42.49193],[-83.36465,42.49197],[-83.36309,42.49219],[-83.36332,42.49305],[-83.36416,42.49296],[-83.36405,42.49263],[-83.36418,42.49261],[-83.36405,42.49263],[-83.36394,42.49232],[-83.36316,42.49242],[-83.36306,42.49219],[-83.36105,42.4923],[-83.35839,42.4921],[-83.35833,42.49056],[-83.35816,42.49054],[-83.35811,42.49063],[-83.35858,42.49922],[-83.34714,42.49954],[-83.34684,42.49954],[-83.34684,42.49946],[-83.34684,42.49954],[-83.34249,42.49964],[-83.34248,42.49954],[-83.34249,42.49964],[-83.33865,42.49972],[-83.33864,42.49961],[-83.33864,42.49971],[-83.33437,42.49981],[-83.33444,42.4997],[-83.33437,42.49981],[-83.33338,42.49984],[-83.32238,42.50006],[-83.32231,42.49996],[-83.32232,42.50006],[-83.32223,42.50007],[-83.31957,42.50026],[-83.31881,42.50028],[-83.3188,42.50014],[-83.31881,42.50028],[-83.31647,42.50034],[-83.31646,42.5002],[-83.31647,42.50034],[-83.31245,42.50044],[-83.31244,42.5003],[-83.31245,42.50044],[-83.30725,42.50061],[-83.30624,42.50062],[-83.30624,42.50048],[-83.30624,42.50062],[-83.30596,42.50063],[-83.30336,42.50069],[-83.30335,42.50056],[-83.30336,42.50069],[-83.30307,42.5007],[-83.30106,42.50075],[-83.30105,42.50061],[-83.30106,42.50075],[-83.29557,42.50087],[-83.29556,42.50075],[-83.29557,42.50087],[-83.29534,42.50088],[-83.28887,42.50103],[-83.28885,42.50087],[-83.28886,42.50103],[-83.28652,42.5011],[-83.28263,42.50115],[-83.28262,42.50102],[-83.28263,42.50115],[-83.28072,42.50119],[-83.28072,42.50111],[-83.28072,42.50119],[-83.27616,42.50128],[-83.27616,42.50115],[-83.27616,42.50128],[-83.2727,42.50131],[-83.27188,42.50131],[-83.27188,42.50118],[-83.27188,42.50131],[-83.27168,42.50132],[-83.26508,42.50145],[-83.26508,42.50131],[-83.26508,42.50145],[-83.26112,42.50154],[-83.26112,42.50146],[-83.26112,42.50154],[-83.25834,42.5016],[-83.25834,42.50152],[-83.25834,42.5016],[-83.25427,42.50169],[-83.25427,42.50156],[-83.25427,42.50169],[-83.25151,42.50175],[-83.2515,42.50163],[-83.25151,42.50175],[-83.25129,42.50176],[-83.24793,42.50183],[-83.24793,42.50171],[-83.24793,42.50183],[-83.24462,42.5019],[-83.24464,42.50177],[-83.24462,42.5019],[-83.24184,42.50196],[-83.24102,42.50197],[-83.241,42.50185],[-83.24102,42.50197],[-83.23758,42.50207],[-83.23756,42.50193],[-83.23758,42.50207],[-83.23504,42.50213],[-83.23504,42.50199],[-83.23504,42.50213],[-83.23296,42.50218],[-83.23303,42.50206],[-83.23296,42.50218],[-83.23097,42.50222],[-83.23097,42.50212],[-83.23097,42.50222],[-83.22902,42.50229],[-83.22534,42.50238],[-83.22534,42.50229],[-83.22534,42.50238],[-83.22513,42.50239],[-83.22163,42.50248],[-83.22162,42.50241],[-83.22163,42.50248],[-83.22101,42.50251],[-83.21289,42.50274],[-83.19552,42.50297],[-83.18401,42.50325],[-83.18391,42.5031],[-83.1839,42.50281],[-83.18395,42.50281],[-83.1839,42.50281],[-83.18379,42.49961],[-83.18385,42.49965],[-83.18379,42.49961],[-83.18337,42.48874],[-83.15776,42.48951],[-83.15776,42.48945],[-83.15776,42.48951],[-83.15749,42.48952],[-83.15472,42.48959],[-83.15453,42.48959],[-83.15453,42.48953],[-83.15453,42.48959],[-83.15194,42.48966],[-83.15194,42.48958],[-83.15194,42.48966],[-83.15024,42.4897],[-83.14876,42.48971],[-83.14876,42.48964],[-83.14876,42.48971],[-83.14854,42.48971],[-83.14799,42.48915],[-83.14789,42.48878],[-83.14762,42.48874],[-83.14679,42.48776],[-83.1466,42.48765],[-83.14671,42.48765],[-83.1466,42.48765],[-83.14657,42.48779],[-83.14664,42.48976],[-83.12443,42.49037],[-83.12445,42.49092],[-83.12433,42.49092],[-83.12445,42.49092],[-83.12477,42.49882],[-83.12468,42.49878],[-83.12477,42.49882],[-83.12478,42.49893],[-83.12505,42.50435],[-83.1245,42.50435],[-83.1245,42.50428],[-83.1245,42.50435],[-83.12098,42.50438],[-83.12098,42.50431],[-83.12098,42.50438],[-83.11894,42.50441],[-83.11894,42.50433],[-83.11894,42.50441],[-83.1187,42.50442],[-83.11629,42.50441],[-83.11494,42.50458],[-83.11414,42.50459],[-83.11334,42.50446],[-83.11118,42.50456],[-83.11098,42.50463],[-83.11075,42.50463],[-83.11075,42.50452],[-83.11085,42.50452],[-83.11075,42.50452],[-83.11075,42.50463],[-83.10872,42.50469],[-83.10723,42.50472],[-83.10722,42.50464],[-83.10723,42.50472],[-83.10421,42.5048],[-83.10427,42.50473],[-83.10421,42.5048],[-83.10192,42.50484],[-83.10192,42.50476],[-83.10192,42.50484],[-83.09788,42.50493],[-83.09785,42.50486],[-83.09788,42.50493],[-83.09234,42.50506],[-83.09234,42.50497],[-83.09234,42.50506],[-83.089,42.50515],[-83.08875,42.50515],[-83.08874,42.50505],[-83.08875,42.50515],[-83.0853,42.50524],[-83.08417,42.50525],[-83.08417,42.50505],[-83.08429,42.50506],[-83.08433,42.50525],[-83.08203,42.50531],[-83.08185,42.50531],[-83.08185,42.50525],[-83.08175,42.50532],[-83.08059,42.50536],[-83.08039,42.50512],[-83.08016,42.50218],[-83.08001,42.50218],[-83.08029,42.50529],[-83.08024,42.50536],[-83.07535,42.50552],[-83.07534,42.50539],[-83.07535,42.50552],[-83.07162,42.50561],[-83.07164,42.50551],[-83.07162,42.50561],[-83.06721,42.50572],[-83.06697,42.50572],[-83.06696,42.50559],[-83.06697,42.50572],[-83.06246,42.50586],[-83.06066,42.50589],[-83.06066,42.50577],[-83.06066,42.50589],[-83.05688,42.50595],[-83.05687,42.50581],[-83.05688,42.50596],[-83.05385,42.50604],[-83.05316,42.50605],[-83.05316,42.50592],[-83.05316,42.50605],[-83.04879,42.50612],[-83.04878,42.50602],[-83.04886,42.50602],[-83.04878,42.50602],[-83.04879,42.50612],[-83.04866,42.50613],[-83.0457,42.50611],[-83.0457,42.50604],[-83.0457,42.50611],[-83.04512,42.50612],[-83.04502,42.50622],[-83.0405,42.50605],[-83.03813,42.50612],[-83.03812,42.50602],[-83.03813,42.50612],[-83.03649,42.50627],[-83.0352,42.50638],[-83.03517,42.50626],[-83.03527,42.50626],[-83.03517,42.50626],[-83.03515,42.50639],[-83.03281,42.5065],[-83.03119,42.50653],[-83.03025,42.50646],[-83.03025,42.5064],[-83.03025,42.50646],[-83.02755,42.50652],[-83.02758,42.50644],[-83.02755,42.50652],[-83.02499,42.50656],[-83.02395,42.50668],[-83.02269,42.5067],[-83.02268,42.50662],[-83.02269,42.5067],[-83.01848,42.50679],[-83.01816,42.50679],[-83.01815,42.5067],[-83.01816,42.50679],[-83.01793,42.5068],[-83.01466,42.50689],[-83.01458,42.50689],[-83.01458,42.5068],[-83.01458,42.50689],[-83.01164,42.50698],[-83.01112,42.50699],[-83.01111,42.5069],[-83.01112,42.50699],[-83.01046,42.50701],[-83.00635,42.50712],[-83.00634,42.50704],[-83.00635,42.50712],[-83.00627,42.50713],[-83.00263,42.50722],[-83.00261,42.50713],[-83.00263,42.50722],[-83.00017,42.50729],[-83.00024,42.50719],[-83.00017,42.50729],[-82.99793,42.50734],[-82.99792,42.50725],[-82.99793,42.50734],[-82.99774,42.50735],[-82.99473,42.50744],[-82.99473,42.50735],[-82.99473,42.50744],[-82.99456,42.50745],[-82.99174,42.50754],[-82.9916,42.50754],[-82.9916,42.50748],[-82.9916,42.50754],[-82.98896,42.50762],[-82.98896,42.50754],[-82.98902,42.50754],[-82.98896,42.50762],[-82.98622,42.50774],[-82.98621,42.50767],[-82.98622,42.50774],[-82.98285,42.50796],[-82.98284,42.50789],[-82.98285,42.50796],[-82.98013,42.50812],[-82.98012,42.50806],[-82.98013,42.50812],[-82.97865,42.50822],[-82.97738,42.5083],[-82.97737,42.50823],[-82.97738,42.5083],[-82.97713,42.50832],[-82.96798,42.50887],[-82.96779,42.50882],[-82.96262,42.50893],[-82.95777,42.50912],[-82.94871,42.50929],[-82.93538,42.50969],[-82.89832,42.51044],[-82.89834,42.51092],[-82.89825,42.51092],[-82.89834,42.51092],[-82.8985,42.51451],[-82.8984,42.51455],[-82.8985,42.51455],[-82.89851,42.51466],[-82.89864,42.51771],[-82.89853,42.51772],[-82.89864,42.51771],[-82.89872,42.51969],[-82.89863,42.51969],[-82.89872,42.5197],[-82.8988,42.52206],[-82.89872,42.52205],[-82.89882,42.52205],[-82.89885,42.52294],[-82.89879,42.52333],[-82.89858,42.52372],[-82.89753,42.52489],[-82.89796,42.5249],[-82.89796,42.52503],[-82.89796,42.5249],[-82.90186,42.52492],[-82.90185,42.52506],[-82.90186,42.52492],[-82.90653,42.52491],[-82.90672,42.52492],[-82.90691,42.52506]],[[-83.14671,42.48765],[-83.14655,42.48739],[-83.14664,42.48979],[-83.12442,42.49037],[-83.12445,42.49092],[-83.12433,42.49092],[-83.12445,42.49092],[-83.12453,42.49242],[-83.12477,42.49877],[-83.12468,42.49878],[-83.12477,42.49877],[-83.12502,42.50433],[-83.1245,42.50428],[-83.12098,42.50438],[-83.12098,42.50431],[-83.12098,42.50438],[-83.11924,42.50441],[-83.11894,42.50441],[-83.11894,42.50433],[-83.11894,42.50441],[-83.11685,42.5044],[-83.11098,42.50461],[-83.11086,42.50461],[-83.11085,42.50452],[-83.11089,42.50461],[-83.10723,42.50472],[-83.10722,42.50464],[-83.10723,42.50472],[-83.10576,42.50476],[-83.10192,42.50476],[-83.10192,42.50483],[-83.09788,42.50493],[-83.09785,42.50486],[-83.09788,42.50493],[-83.09234,42.50505],[-83.09234,42.50497],[-83.09234,42.50505],[-83.08917,42.50514],[-83.08875,42.50514],[-83.08874,42.50505],[-83.08875,42.50514],[-83.08862,42.50515],[-83.08024,42.50529],[-83.08024,42.50536],[-83.07595,42.50551],[-83.07551,42.50551],[-83.07534,42.50539],[-83.07537,42.50551],[-83.07162,42.50561],[-83.07164,42.50551],[-83.07162,42.50561],[-83.07107,42.50563],[-83.06697,42.50572],[-83.06696,42.50559],[-83.06697,42.50572],[-83.06296,42.50585],[-83.06066,42.50589],[-83.06066,42.50577],[-83.06066,42.50589],[-83.05688,42.50595],[-83.05687,42.50581],[-83.05688,42.50595],[-83.05675,42.50596],[-83.05316,42.50603],[-83.05316,42.50592],[-83.05316,42.50603],[-83.05303,42.50604],[-83.04984,42.50611],[-83.04879,42.50612],[-83.04878,42.50602],[-83.04886,42.50602],[-83.04878,42.50602],[-83.04879,42.50612],[-83.04866,42.50613],[-83.0457,42.50612],[-83.0457,42.50604],[-83.0457,42.50612],[-83.04512,42.50612],[-83.04502,42.5062],[-83.0442,42.5062],[-83.0405,42.50605],[-83.03813,42.50612],[-83.03812,42.50602],[-83.03813,42.50612],[-83.0352,42.50639],[-83.03517,42.50626],[-83.03527,42.50626],[-83.03517,42.50626],[-83.0352,42.50639],[-83.03409,42.50646],[-83.03119,42.50652],[-83.03025,42.50646],[-83.03025,42.5064],[-83.03025,42.50646],[-83.02755,42.50651],[-83.02758,42.50644],[-83.02755,42.50651],[-83.02499,42.50656],[-83.0236,42.50668],[-83.02269,42.50669],[-83.02268,42.50662],[-83.02269,42.50669],[-83.01816,42.50679],[-83.01815,42.5067],[-83.01816,42.50679],[-83.01483,42.50688],[-83.01458,42.50688],[-83.01458,42.5068],[-83.01458,42.50688],[-83.014,42.5069],[-83.01112,42.50698],[-83.01111,42.5069],[-83.01112,42.50698],[-83.00635,42.50712],[-83.00634,42.50704],[-83.00635,42.50712],[-83.00314,42.5072],[-83.00263,42.50721],[-83.00261,42.50713],[-83.00263,42.50721],[-83.00017,42.50728],[-83.00024,42.50719],[-83.00017,42.50728],[-82.99937,42.5073],[-82.99793,42.50733],[-82.99792,42.50725],[-82.99793,42.50733],[-82.99774,42.50734],[-82.99473,42.50743],[-82.99473,42.50735],[-82.99473,42.50743],[-82.9916,42.50754],[-82.9916,42.50748],[-82.9916,42.50754],[-82.98896,42.50762],[-82.98896,42.50754],[-82.98902,42.50754],[-82.98896,42.50762],[-82.98621,42.50774],[-82.98621,42.50767],[-82.98621,42.50774],[-82.98285,42.50795],[-82.98284,42.50789],[-82.98285,42.50795],[-82.98013,42.50813],[-82.98012,42.50806],[-82.98013,42.50813],[-82.97738,42.5083],[-82.97737,42.50823],[-82.97738,42.5083],[-82.96798,42.50887],[-82.96779,42.50882],[-82.96262,42.50893],[-82.93567,42.50968],[-82.89832,42.51043],[-82.89834,42.51092],[-82.89825,42.51092],[-82.89834,42.51092],[-82.89836,42.51133],[-82.89848,42.51434],[-82.89848,42.51455],[-82.8984,42.51455],[-82.89848,42.51455],[-82.89849,42.51466],[-82.89862,42.51771],[-82.89853,42.51772],[-82.89864,42.51771],[-82.89872,42.51969],[-82.89863,42.51969],[-82.89872,42.5197],[-82.8988,42.52206],[-82.89872,42.52205],[-82.89882,42.52205],[-82.89885,42.52294],[-82.89879,42.52333],[-82.89858,42.52372],[-82.89753,42.5249],[-82.89796,42.52489],[-82.89796,42.52503],[-82.89796,42.52489],[-82.8985,42.52489],[-82.90186,42.52492],[-82.90185,42.52506],[-82.90186,42.52492],[-82.90672,42.52494],[-82.90691,42.52506]],[[-82.90591,42.52495],[-82.89753,42.52489],[-82.89826,42.52415],[-82.89858,42.52372],[-82.89879,42.52333],[-82.89885,42.52294],[-82.89832,42.51044],[-82.90999,42.51017],[-82.91522,42.51013],[-82.91944,42.50999],[-82.91967,42.50999],[-82.91967,42.51005],[-82.91967,42.50999],[-82.92592,42.50993],[-82.92923,42.5098],[-82.92922,42.50989],[-82.92916,42.50989],[-82.92923,42.5098],[-82.93275,42.50973],[-82.93275,42.5098],[-82.93275,42.50973],[-82.93683,42.50965],[-82.93684,42.50973],[-82.93683,42.50965],[-82.93996,42.50957],[-82.93996,42.50965],[-82.93996,42.50957],[-82.94319,42.50949],[-82.9432,42.50955],[-82.94319,42.50949],[-82.94662,42.50939],[-82.94658,42.50944],[-82.94731,42.50936],[-82.94979,42.5093],[-82.94979,42.50935],[-82.94979,42.5093],[-82.95309,42.50922],[-82.9531,42.50929],[-82.95309,42.50922],[-82.95361,42.50921],[-82.95458,42.5093],[-82.95513,42.50917],[-82.95699,42.50914],[-82.95699,42.50923],[-82.95699,42.50914],[-82.95942,42.50906],[-82.95942,42.50916],[-82.95942,42.50906],[-82.96072,42.50902],[-82.96418,42.50894],[-82.96415,42.50905],[-82.96418,42.50894],[-82.96663,42.50889],[-82.96692,42.50889],[-82.96693,42.50899],[-82.96692,42.50889],[-82.96918,42.5088],[-82.96918,42.50887],[-82.96918,42.5088],[-82.97382,42.50852],[-82.97383,42.50858],[-82.97382,42.50852],[-82.97575,42.50839],[-82.97583,42.50839],[-82.97584,42.50847],[-82.97583,42.50839],[-82.97624,42.50836],[-82.97825,42.50824],[-82.97826,42.50831],[-82.97825,42.50824],[-82.98727,42.50767],[-83.00139,42.50725],[-83.00172,42.50725],[-83.00172,42.50733],[-83.00172,42.50725],[-83.00526,42.50714],[-83.00556,42.50714],[-83.00557,42.50723],[-83.00556,42.50714],[-83.00791,42.50708],[-83.00787,42.50718],[-83.00791,42.50708],[-83.01171,42.50697],[-83.01212,42.50696],[-83.01213,42.50706],[-83.01212,42.50696],[-83.0144,42.5069],[-83.0144,42.50699],[-83.0144,42.5069],[-83.0188,42.50677],[-83.01881,42.50688],[-83.0188,42.50677],[-83.02236,42.50671],[-83.0223,42.50681],[-83.02236,42.50671],[-83.0236,42.50668],[-83.02483,42.50676],[-83.02925,42.50665],[-83.02925,42.50674],[-83.02925,42.50665],[-83.03119,42.50653],[-83.03433,42.50645],[-83.03601,42.5063],[-83.03602,42.50641],[-83.03601,42.5063],[-83.03954,42.50605],[-83.03955,42.50617],[-83.03954,42.50605],[-83.0405,42.50605],[-83.04502,42.50622],[-83.04516,42.50629],[-83.04754,42.50621],[-83.0475,42.5063],[-83.04754,42.50621],[-83.04879,42.50612],[-83.0565,42.50597],[-83.0566,42.50597],[-83.0566,42.50609],[-83.0566,42.50596],[-83.06087,42.50586],[-83.06146,42.50588],[-83.06147,42.50595],[-83.06146,42.50588],[-83.06813,42.50569],[-83.06824,42.50569],[-83.06824,42.50584],[-83.06813,42.50584],[-83.06824,42.50584],[-83.06824,42.50569],[-83.07214,42.5056],[-83.07215,42.5057],[-83.07214,42.5056],[-83.07432,42.50554],[-83.07433,42.50568],[-83.07432,42.50554],[-83.08106,42.50533],[-83.08133,42.50533],[-83.08133,42.50545],[-83.08133,42.50533],[-83.08319,42.50527],[-83.08479,42.50524],[-83.08472,42.50535],[-83.08479,42.50524],[-83.08643,42.50519],[-83.0867,42.50519],[-83.08672,42.50529],[-83.0867,42.50519],[-83.08697,42.50518],[-83.08923,42.50514],[-83.08924,42.50523],[-83.08923,42.50514],[-83.0928,42.50504],[-83.09306,42.50504],[-83.09308,42.50515],[-83.09306,42.50504],[-83.097,42.50495],[-83.09701,42.50506],[-83.097,42.50495],[-83.10351,42.5048],[-83.10397,42.5048],[-83.10397,42.50492],[-83.10397,42.5048],[-83.10659,42.50474],[-83.10659,42.50483],[-83.10659,42.50474],[-83.10731,42.50471],[-83.10904,42.50468],[-83.10904,42.50477],[-83.10904,42.50468],[-83.11061,42.50463],[-83.1125,42.5047],[-83.11541,42.50445],[-83.11634,42.50459],[-83.11835,42.50442],[-83.11883,42.50441],[-83.11883,42.50452],[-83.11883,42.50441],[-83.12288,42.50435],[-83.12288,42.50446],[-83.12288,42.50435],[-83.12505,42.50435],[-83.12498,42.50355],[-83.12511,42.50355],[-83.12498,42.50355],[-83.12495,42.50299],[-83.1249,42.50179],[-83.12501,42.50179],[-83.1249,42.50179],[-83.12489,42.50164],[-83.12473,42.49811],[-83.12473,42.49785],[-83.12484,42.49786],[-83.12473,42.49785],[-83.12469,42.49628],[-83.12476,42.49628],[-83.12469,42.49628],[-83.1246,42.49429],[-83.1247,42.49429],[-83.1246,42.49429],[-83.12451,42.49222],[-83.12458,42.49222],[-83.12451,42.49222],[-83.12443,42.49037],[-83.13396,42.49012],[-83.13412,42.49012],[-83.13412,42.49018],[-83.13412,42.49012],[-83.13491,42.49008],[-83.14854,42.48971],[-83.14799,42.48915],[-83.14789,42.48878],[-83.14762,42.48874],[-83.14679,42.48776],[-83.1466,42.48765],[-83.14671,42.48765],[-83.1466,42.48765],[-83.14657,42.48779],[-83.14664,42.48976],[-83.1492,42.4897],[-83.1492,42.48979],[-83.1492,42.4897],[-83.1527,42.48964],[-83.1527,42.48974],[-83.1527,42.48964],[-83.15446,42.48959],[-83.15447,42.48965],[-83.15446,42.48959],[-83.15479,42.48957],[-83.18337,42.48874],[-83.18357,42.49374],[-83.18351,42.49374],[-83.18357,42.49374],[-83.18367,42.49625],[-83.18358,42.49626],[-83.18367,42.49625],[-83.18376,42.49882],[-83.18367,42.49882],[-83.18376,42.49882],[-83.18386,42.50145],[-83.18387,42.50183],[-83.18375,42.50183],[-83.18387,42.50183],[-83.18391,42.5029],[-83.18383,42.50325],[-83.18458,42.50324],[-83.18459,42.50333],[-83.18458,42.50324],[-83.19194,42.50304],[-83.19195,42.50316],[-83.19194,42.50304],[-83.19415,42.50299],[-83.2031,42.50288],[-83.20356,42.50288],[-83.20369,42.50297],[-83.20391,42.50287],[-83.20694,42.50284],[-83.20779,42.50284],[-83.20779,42.50292],[-83.20779,42.50284],[-83.21205,42.50275],[-83.21205,42.50284],[-83.21205,42.50275],[-83.21222,42.50274],[-83.21605,42.50265],[-83.21606,42.50274],[-83.21605,42.50265],[-83.21901,42.50257],[-83.21949,42.50257],[-83.21949,42.50264],[-83.21949,42.50257],[-83.21999,42.50253],[-83.22389,42.50242],[-83.22389,42.50253],[-83.22377,42.50254],[-83.22389,42.50253],[-83.22389,42.50242],[-83.2241,42.5024],[-83.22874,42.5023],[-83.22874,42.50238],[-83.22874,42.50229],[-83.23187,42.50221],[-83.23187,42.5023],[-83.23187,42.50221],[-83.23533,42.50212],[-83.23608,42.50211],[-83.23609,42.50221],[-83.23608,42.50211],[-83.24102,42.50197],[-83.24137,42.50197],[-83.24138,42.50207],[-83.24137,42.50197],[-83.24304,42.50193],[-83.243,42.50203],[-83.24304,42.50193],[-83.24791,42.50183],[-83.24791,42.50194],[-83.24791,42.50183],[-83.25034,42.50178],[-83.25034,42.50189],[-83.25034,42.50178],[-83.25301,42.50172],[-83.25301,42.50184],[-83.25301,42.50172],[-83.25617,42.50165],[-83.25618,42.50176],[-83.25617,42.50165],[-83.25905,42.50158],[-83.25905,42.50169],[-83.25905,42.50158],[-83.26261,42.5015],[-83.26261,42.50161],[-83.26261,42.5015],[-83.2648,42.50145],[-83.26545,42.50144],[-83.26547,42.50157],[-83.26545,42.50144],[-83.26569,42.50143],[-83.27168,42.50132],[-83.2717,42.5014],[-83.27168,42.50132],[-83.27514,42.50128],[-83.27514,42.50134],[-83.27514,42.50128],[-83.2816,42.50117],[-83.2816,42.50123],[-83.2816,42.50117],[-83.28596,42.50109],[-83.28608,42.50109],[-83.28609,42.50121],[-83.28609,42.5011],[-83.2889,42.50101],[-83.29025,42.501],[-83.29025,42.50111],[-83.29025,42.501],[-83.29204,42.50094],[-83.30148,42.50074],[-83.30154,42.50085],[-83.30153,42.50074],[-83.30198,42.50072],[-83.30578,42.50063],[-83.30577,42.50075],[-83.30578,42.50063],[-83.30591,42.50062],[-83.31047,42.50049],[-83.31047,42.50059],[-83.31047,42.50049],[-83.31378,42.50041],[-83.31373,42.5005],[-83.31378,42.50041],[-83.31679,42.50033],[-83.31689,42.50033],[-83.31689,42.50042],[-83.31689,42.50033],[-83.32012,42.5003],[-83.32234,42.5001],[-83.32582,42.5],[-83.3346,42.49985],[-83.33514,42.49978],[-83.3391,42.49969],[-83.34052,42.49968],[-83.34053,42.49976],[-83.34052,42.49968],[-83.34695,42.49954],[-83.34695,42.49963],[-83.34695,42.49954],[-83.35165,42.49944],[-83.35165,42.49954],[-83.35165,42.49944],[-83.35505,42.49933],[-83.35506,42.49944],[-83.35505,42.49933],[-83.35877,42.49921],[-83.35847,42.49432],[-83.35844,42.49226],[-83.3602,42.49235],[-83.36309,42.49225],[-83.36329,42.4931],[-83.36419,42.49298],[-83.36418,42.49261],[-83.36396,42.4923],[-83.3633,42.4924],[-83.36319,42.49239],[-83.36317,42.49223],[-83.36438,42.49203],[-83.36581,42.49193],[-83.36623,42.49198],[-83.36695,42.49222],[-83.3673,42.4922],[-83.36807,42.49191],[-83.36883,42.4918],[-83.37058,42.49173],[-83.37172,42.49177],[-83.37184,42.49184],[-83.37256,42.49169],[-83.37335,42.49176],[-83.37526,42.49158],[-83.37606,42.49159],[-83.37656,42.49171],[-83.3771,42.49214],[-83.37731,42.49273],[-83.37792,42.49273],[-83.37823,42.49866],[-83.37925,42.49863],[-83.37925,42.49878],[-83.37925,42.49863],[-83.38284,42.49847],[-83.38294,42.49847],[-83.38296,42.49859],[-83.38308,42.49858],[-83.38296,42.49859],[-83.38294,42.49847],[-83.38342,42.49845],[-83.38473,42.49844],[-83.38473,42.49854],[-83.38473,42.49844],[-83.38487,42.49843],[-83.38738,42.49836],[-83.38761,42.49841],[-83.38915,42.49836],[-83.38915,42.49845],[-83.38915,42.49836],[-83.39325,42.49826],[-83.39383,42.49826],[-83.39384,42.49832],[-83.39383,42.49826],[-83.39815,42.49813],[-83.39808,42.49821],[-83.39815,42.49813],[-83.40353,42.49802],[-83.40354,42.49812],[-83.40353,42.49802],[-83.40721,42.49791],[-83.40854,42.49788],[-83.40898,42.49791],[-83.409,42.49797],[-83.40898,42.49791],[-83.40958,42.49786],[-83.41495,42.49787],[-83.41779,42.49779],[-83.41779,42.49786],[-83.41779,42.49779],[-83.41808,42.49777],[-83.42323,42.49761],[-83.42324,42.49773],[-83.42323,42.49761],[-83.44087,42.49695],[-83.44087,42.49702],[-83.44087,42.49695],[-83.45479,42.49634],[-83.47879,42.49557],[-83.47888,42.49543],[-83.47852,42.49533],[-83.47029,42.49558],[-83.47023,42.49474],[-83.46905,42.49478],[-83.46897,42.49465],[-83.46888,42.49476],[-83.4686,42.49474],[-83.46796,42.49458],[-83.4675,42.49439],[-83.46681,42.4938],[-83.46659,42.4935],[-83.46591,42.49379],[-83.46566,42.49428],[-83.46573,42.49455],[-83.46611,42.49511],[-83.46621,42.49571],[-83.46388,42.49581],[-83.46384,42.49606],[-83.47679,42.49563],[-83.48545,42.49549],[-83.49032,42.49529],[-83.49049,42.49521],[-83.50315,42.4948],[-83.50574,42.49478],[-83.51089,42.49455],[-83.51166,42.49459],[-83.51227,42.49474],[-83.51375,42.49559],[-83.51436,42.49579],[-83.51608,42.49589],[-83.51603,42.49284],[-83.51576,42.49111],[-83.51566,42.48975],[-83.51681,42.49001],[-83.51681,42.49014],[-83.51681,42.49001],[-83.51779,42.49022],[-83.52105,42.49097],[-83.52101,42.49107],[-83.52105,42.49097],[-83.52369,42.49155],[-83.52364,42.49167],[-83.52369,42.49155],[-83.52457,42.49174],[-83.53162,42.4933],[-83.5319,42.49337],[-83.53185,42.49348],[-83.5319,42.49337],[-83.53207,42.4934],[-83.53737,42.49457],[-83.53761,42.49464],[-83.53756,42.49473],[-83.53761,42.49464],[-83.53983,42.49513],[-83.53994,42.49523]]]}},{"type":"Feature","properties":{"agency":"smart","agency_label":"SMART","route":"759","name":"Highland Road","route_type":3},"geometry":{"type":"MultiLineString","coordinates":[[[-83.52713,42.64913],[-83.52713,42.64905],[-83.52762,42.64901],[-83.52926,42.64899],[-83.53248,42.64897],[-83.53248,42.64907],[-83.53248,42.64897],[-83.53701,42.64883],[-83.5385,42.64888],[-83.53954,42.64904],[-83.5397,42.64885],[-83.53964,42.64876],[-83.53879,42.64863],[-83.53694,42.64848],[-83.53298,42.64865],[-83.53297,42.64855],[-83.53298,42.64865],[-83.52372,42.6489],[-83.5231,42.649],[-83.52218,42.64903],[-83.52194,42.64893],[-83.52194,42.64901],[-83.51436,42.64923],[-83.51436,42.64916],[-83.51436,42.64923],[-83.51336,42.64926],[-83.51213,42.64928],[-83.51213,42.6492],[-83.51213,42.64928],[-83.50967,42.64934],[-83.50353,42.6494],[-83.50104,42.6495],[-83.49995,42.64951],[-83.49994,42.64944],[-83.49995,42.64951],[-83.49573,42.64959],[-83.49426,42.64971],[-83.49305,42.64986],[-83.49307,42.64991],[-83.49118,42.65044],[-83.47884,42.6552],[-83.47773,42.65557],[-83.4763,42.65592],[-83.47463,42.65615],[-83.47037,42.65644],[-83.46894,42.65664],[-83.46602,42.65731],[-83.46586,42.65734],[-83.46584,42.65728],[-83.46586,42.65734],[-83.46572,42.65737],[-83.46422,42.65757],[-83.45828,42.65773],[-83.45643,42.65791],[-83.45488,42.6582],[-83.45011,42.65941],[-83.44932,42.65955],[-83.44808,42.65961],[-83.44764,42.65972],[-83.44147,42.66032],[-83.43943,42.6607],[-83.43644,42.66109],[-83.4351,42.66112],[-83.43364,42.66101],[-83.43204,42.66071],[-83.42717,42.65948],[-83.42531,42.65934],[-83.41964,42.65949],[-83.41962,42.65942],[-83.41964,42.65949],[-83.4195,42.6595],[-83.41073,42.65975],[-83.41073,42.65967],[-83.41073,42.65975],[-83.4082,42.65981],[-83.40804,42.65981],[-83.40804,42.65975],[-83.40804,42.65981],[-83.40778,42.65982],[-83.39378,42.66023],[-83.39179,42.66028],[-83.39178,42.66022],[-83.39179,42.66028],[-83.39078,42.66031],[-83.38809,42.66031],[-83.38622,42.66009],[-83.38585,42.66002],[-83.38588,42.65995],[-83.38585,42.66002],[-83.38527,42.6599],[-83.38409,42.65956],[-83.37794,42.65719],[-83.37604,42.65627],[-83.36661,42.6496],[-83.36551,42.64881],[-83.36556,42.64877],[-83.36551,42.64881],[-83.35509,42.64145],[-83.35514,42.64141],[-83.35501,42.6414],[-83.35096,42.63856],[-83.3493,42.63756],[-83.34779,42.63684],[-83.34784,42.63678],[-83.34779,42.63684],[-83.34662,42.63637],[-83.34484,42.63579],[-83.34305,42.63535],[-83.34188,42.63515],[-83.34062,42.63498],[-83.33875,42.63486],[-83.33876,42.63477],[-83.33875,42.63486],[-83.33668,42.63483],[-83.33217,42.635],[-83.33217,42.63493],[-83.33217,42.635],[-83.33194,42.63501],[-83.30897,42.63574],[-83.30206,42.63702],[-83.30099,42.63729],[-83.29954,42.63747],[-83.29547,42.63831],[-83.29487,42.63841],[-83.29485,42.63833],[-83.29487,42.63841],[-83.29269,42.63882],[-83.29159,42.63574],[-83.29025,42.636],[-83.29066,42.63721],[-83.2906,42.63722],[-83.29066,42.63721],[-83.29081,42.6376],[-83.29194,42.64086],[-83.29197,42.64102],[-83.29191,42.64102],[-83.29197,42.64102],[-83.29198,42.64114],[-83.29176,42.6422],[-83.29166,42.64246],[-83.29133,42.64286],[-83.29127,42.64284],[-83.29133,42.64286],[-83.2901,42.64438],[-83.29003,42.64435],[-83.2901,42.64438],[-83.28952,42.6451],[-83.28836,42.64645],[-83.2883,42.64644],[-83.28836,42.64645],[-83.28789,42.64711],[-83.28698,42.64822],[-83.28508,42.64975],[-83.28499,42.64969],[-83.28508,42.64975],[-83.28358,42.65093],[-83.28348,42.6509],[-83.28358,42.65093],[-83.27961,42.65404],[-83.2763,42.65679],[-83.27627,42.65673],[-83.2763,42.65679],[-83.27601,42.65703],[-83.27372,42.65883],[-83.27364,42.65878],[-83.27372,42.65883],[-83.2693,42.66231],[-83.26923,42.66226],[-83.2693,42.66231],[-83.26748,42.66374],[-83.2674,42.66368],[-83.26748,42.66374],[-83.26606,42.66483],[-83.26485,42.66561],[-83.26388,42.66613],[-83.26381,42.66606],[-83.26388,42.66613],[-83.26373,42.66622],[-83.26179,42.66724],[-83.26172,42.66718],[-83.26179,42.66724],[-83.2566,42.67002],[-83.25656,42.66995],[-83.2566,42.67002],[-83.25507,42.67089],[-83.25401,42.67181],[-83.25395,42.67172],[-83.25401,42.67181],[-83.2533,42.67268],[-83.25288,42.67348],[-83.25274,42.67345],[-83.25288,42.67348],[-83.25264,42.67417],[-83.25244,42.67522],[-83.2523,42.67521],[-83.25244,42.67522],[-83.25225,42.67619],[-83.25207,42.67669],[-83.25158,42.67751],[-83.25087,42.67824],[-83.24549,42.67839],[-83.24549,42.67833],[-83.24549,42.67839],[-83.24425,42.67843],[-83.23041,42.6788],[-83.2304,42.67873],[-83.23041,42.6788],[-83.22289,42.67901],[-83.22131,42.67895],[-83.22128,42.67856],[-83.22145,42.67855],[-83.22128,42.67856],[-83.22052,42.6709],[-83.22025,42.67092],[-83.22039,42.67253],[-83.21905,42.67255],[-83.21868,42.67233],[-83.21827,42.67236]],[[-83.21827,42.67236],[-83.21833,42.67241],[-83.21819,42.67257],[-83.21816,42.67276],[-83.21825,42.67295],[-83.21845,42.67307],[-83.2187,42.67305],[-83.21902,42.67283],[-83.22042,42.67281],[-83.22097,42.67895],[-83.22114,42.68049],[-83.22121,42.68051],[-83.22143,42.68048],[-83.22133,42.67909],[-83.22195,42.67908],[-83.22197,42.67918],[-83.22195,42.67908],[-83.22211,42.67902],[-83.24708,42.67835],[-83.24706,42.67855],[-83.24693,42.67863],[-83.24689,42.67852],[-83.24693,42.67863],[-83.24703,42.6786],[-83.24708,42.67835],[-83.25087,42.67824],[-83.25138,42.67774],[-83.2515,42.67786],[-83.25138,42.67774],[-83.25178,42.67722],[-83.25214,42.67654],[-83.25243,42.67524],[-83.2526,42.67526],[-83.25243,42.67524],[-83.25279,42.67369],[-83.2529,42.67344],[-83.25327,42.67352],[-83.2529,42.67344],[-83.25303,42.67313],[-83.25356,42.67232],[-83.25401,42.67181],[-83.25459,42.67128],[-83.25479,42.67141],[-83.25459,42.67128],[-83.25486,42.67105],[-83.25677,42.66993],[-83.25689,42.67009],[-83.25677,42.66993],[-83.25687,42.66987],[-83.2592,42.66861],[-83.25929,42.66857],[-83.25942,42.6687],[-83.25929,42.66857],[-83.26267,42.66677],[-83.26276,42.66694],[-83.26267,42.66677],[-83.26538,42.66529],[-83.26627,42.66468],[-83.2685,42.66293],[-83.26865,42.66302],[-83.2685,42.66293],[-83.27317,42.65927],[-83.27331,42.65937],[-83.27317,42.65927],[-83.27397,42.65864],[-83.27411,42.65873],[-83.27397,42.65864],[-83.27598,42.65705],[-83.27612,42.65714],[-83.27598,42.65705],[-83.27776,42.65555],[-83.27786,42.65566],[-83.27776,42.65555],[-83.28043,42.65343],[-83.28054,42.6535],[-83.28043,42.65343],[-83.28177,42.65236],[-83.28185,42.65241],[-83.28177,42.65236],[-83.28426,42.65039],[-83.2846,42.65013],[-83.28467,42.65018],[-83.2846,42.65013],[-83.28691,42.64829],[-83.287,42.64833],[-83.28691,42.64829],[-83.28951,42.64516],[-83.28958,42.6452],[-83.28952,42.6451],[-83.29152,42.64264],[-83.29178,42.64214],[-83.29186,42.64215],[-83.29178,42.64214],[-83.29197,42.64095],[-83.29132,42.63906],[-83.29269,42.63882],[-83.29159,42.63574],[-83.29025,42.636],[-83.29066,42.63721],[-83.2906,42.63722],[-83.29066,42.63721],[-83.29132,42.63906],[-83.29504,42.63837],[-83.29509,42.63845],[-83.29516,42.63843],[-83.29513,42.63836],[-83.29758,42.63788],[-83.29763,42.63799],[-83.29758,42.63788],[-83.29892,42.6376],[-83.30059,42.63736],[-83.30062,42.63746],[-83.30059,42.63736],[-83.30247,42.63696],[-83.30897,42.63574],[-83.30977,42.63571],[-83.30977,42.63581],[-83.30977,42.63571],[-83.31186,42.63564],[-83.31187,42.63575],[-83.31186,42.63564],[-83.31484,42.63555],[-83.31484,42.63566],[-83.31484,42.63555],[-83.3154,42.63552],[-83.31695,42.63547],[-83.31696,42.63559],[-83.31695,42.63547],[-83.32181,42.63532],[-83.32179,42.63545],[-83.32181,42.63532],[-83.33282,42.63498],[-83.33284,42.63507],[-83.33277,42.63508],[-83.33284,42.63507],[-83.33282,42.63498],[-83.33294,42.63497],[-83.33665,42.63487],[-83.33665,42.63492],[-83.33665,42.63487],[-83.33753,42.63484],[-83.3398,42.63491],[-83.34122,42.63505],[-83.34305,42.63535],[-83.34484,42.63579],[-83.34662,42.63637],[-83.34821,42.63702],[-83.34987,42.63788],[-83.35119,42.63871],[-83.35236,42.63955],[-83.35231,42.63959],[-83.35236,42.63955],[-83.35359,42.64038],[-83.35544,42.64176],[-83.35591,42.64202],[-83.3678,42.65043],[-83.37096,42.6527],[-83.37089,42.65275],[-83.37096,42.6527],[-83.37391,42.65479],[-83.37387,42.65482],[-83.3765,42.65651],[-83.37646,42.65655],[-83.3765,42.65651],[-83.37794,42.65719],[-83.38141,42.65854],[-83.38136,42.6586],[-83.38141,42.65854],[-83.38409,42.65956],[-83.38569,42.65999],[-83.38805,42.66031],[-83.38804,42.66042],[-83.38805,42.66031],[-83.39239,42.66029],[-83.39911,42.66007],[-83.39911,42.66016],[-83.39911,42.66007],[-83.40325,42.65995],[-83.40344,42.65995],[-83.40344,42.66001],[-83.40344,42.65995],[-83.40638,42.65986],[-83.40639,42.65995],[-83.40638,42.65986],[-83.40652,42.65985],[-83.41098,42.65974],[-83.41099,42.65981],[-83.41098,42.65974],[-83.41674,42.65958],[-83.41728,42.65957],[-83.41728,42.65966],[-83.41728,42.65957],[-83.41768,42.65955],[-83.42531,42.65934],[-83.42599,42.65938],[-83.42597,42.65945],[-83.42599,42.65938],[-83.42666,42.65944],[-83.42786,42.65964],[-83.4313,42.66051],[-83.43125,42.66061],[-83.4313,42.66051],[-83.43364,42.66101],[-83.4351,42.66112],[-83.43718,42.66105],[-83.44256,42.6602],[-83.44919,42.65956],[-83.44921,42.65965],[-83.44919,42.65956],[-83.45225,42.6589],[-83.45488,42.6582],[-83.45643,42.65791],[-83.45828,42.65773],[-83.46335,42.65763],[-83.46335,42.65768],[-83.46335,42.65763],[-83.46501,42.65748],[-83.46609,42.65729],[-83.46612,42.65737],[-83.46609,42.65729],[-83.46971,42.65654],[-83.46974,42.65664],[-83.46971,42.65654],[-83.47037,42.65644],[-83.47191,42.65629],[-83.47453,42.65616],[-83.47454,42.65622],[-83.47453,42.65616],[-83.4763,42.65592],[-83.47773,42.65557],[-83.47884,42.6552],[-83.48429,42.65309],[-83.48433,42.65315],[-83.48429,42.65309],[-83.48806,42.65164],[-83.48843,42.6515],[-83.48847,42.65155],[-83.48843,42.6515],[-83.49118,42.65044],[-83.49231,42.65009],[-83.49408,42.64972],[-83.49573,42.64959],[-83.50326,42.64945],[-83.50327,42.64965],[-83.50326,42.64945],[-83.51139,42.64929],[-83.51139,42.64935],[-83.51139,42.64929],[-83.51378,42.64924],[-83.51387,42.64924],[-83.51387,42.6493],[-83.51387,42.64924],[-83.52164,42.64901],[-83.52165,42.64911],[-83.52164,42.64901],[-83.52332,42.64898],[-83.5235,42.64904],[-83.52713,42.64903],[-83.52713,42.64913],[-83.52713,42.64903],[-83.52736,42.64902],[-83.53229,42.64894],[-83.53248,42.64907]]]}},{"type":"Feature","properties":{"agency":"smart","agency_label":"SMART","route":"760","name":"13 Mile / 14 Mile Crosstown","route_type":3},"geometry":{"type":"MultiLineString","coordinates":[[[-82.90691,42.52506],[-82.90716,42.52494],[-82.90988,42.52496],[-82.92196,42.52476],[-82.94326,42.52423],[-82.96691,42.52381],[-82.9698,42.52367],[-82.97826,42.52278],[-82.98857,42.52187],[-83.00536,42.52158],[-83.00885,42.52167],[-83.01877,42.52131],[-83.01942,42.52132],[-83.02019,42.52152],[-83.02033,42.52139],[-83.02108,42.52125],[-83.02239,42.52146],[-83.0288,42.52122],[-83.02874,42.52159],[-83.02879,42.52312],[-83.02899,42.52453],[-83.0291,42.52753],[-83.02895,42.5277],[-83.0291,42.52782],[-83.02917,42.53087],[-83.02909,42.53169],[-83.02914,42.53561],[-83.02936,42.53711],[-83.02876,42.53751],[-83.02827,42.53744],[-83.02812,42.53711],[-83.02837,42.53665],[-83.03009,42.53677],[-83.04643,42.53634],[-83.08621,42.53495],[-83.0879,42.53495],[-83.09971,42.53453],[-83.1067,42.53441],[-83.10695,42.5345],[-83.10689,42.53628],[-83.10695,42.5366],[-83.10688,42.5366],[-83.10695,42.5366],[-83.10706,42.539],[-83.1074,42.53911],[-83.11042,42.53897],[-83.11042,42.53878],[-83.11017,42.53842],[-83.11015,42.53776],[-83.11022,42.53774],[-83.10726,42.53719],[-83.10714,42.53431],[-83.10699,42.53343],[-83.1071,42.53343],[-83.10699,42.53343],[-83.10696,42.53291],[-83.10686,42.53039],[-83.10697,42.53039],[-83.10686,42.53039],[-83.10685,42.5277],[-83.10694,42.52755],[-83.10708,42.52751],[-83.1117,42.52737],[-83.11242,42.52762],[-83.11288,42.52794],[-83.11292,42.52799],[-83.1128,42.52805],[-83.11292,42.52799],[-83.11313,42.52825],[-83.11334,42.52875],[-83.11336,42.5292],[-83.11307,42.53037],[-83.11315,42.53225],[-83.11303,42.5322],[-83.11315,42.53225],[-83.11325,42.53406],[-83.11338,42.53419],[-83.11442,42.53419],[-83.11582,42.53392],[-83.11685,42.53393],[-83.11718,42.53406],[-83.11762,42.53411],[-83.1214,42.5339],[-83.12155,42.53404],[-83.12155,42.5339],[-83.12177,42.5339],[-83.12206,42.53402],[-83.1334,42.53376],[-83.13663,42.53378],[-83.16585,42.53309],[-83.1663,42.54033],[-83.17121,42.54013],[-83.17201,42.53999],[-83.17531,42.53994],[-83.17603,42.5398],[-83.17877,42.53974],[-83.17905,42.53955],[-83.17899,42.53849],[-83.18014,42.53847],[-83.18012,42.53772],[-83.17833,42.53776],[-83.17825,42.53715],[-83.17707,42.5358],[-83.17712,42.5351],[-83.17701,42.5327],[-83.17969,42.5327],[-83.18449,42.53248],[-83.18473,42.53234],[-83.18434,42.52624],[-83.18394,42.51793],[-83.18418,42.51787],[-83.18734,42.51787],[-83.22105,42.51721],[-83.23298,42.51681],[-83.23298,42.51689],[-83.23298,42.51681],[-83.24079,42.51664],[-83.24327,42.51668],[-83.25276,42.51632],[-83.25401,42.5163],[-83.25401,42.51635],[-83.25401,42.5163],[-83.2542,42.51629],[-83.26208,42.51617],[-83.26246,42.51603],[-83.26206,42.51463],[-83.26205,42.51417],[-83.2625,42.51188],[-83.26271,42.51146],[-83.26243,42.51057],[-83.26221,42.50822],[-83.26205,42.5037],[-83.26258,42.50369],[-83.26257,42.50359],[-83.26205,42.50361],[-83.26197,42.50151],[-83.26261,42.5015],[-83.26261,42.50161],[-83.26261,42.5015],[-83.26508,42.50143],[-83.26526,42.50143],[-83.26547,42.50157],[-83.28519,42.50117],[-83.28546,42.50105],[-83.28538,42.49942],[-83.28521,42.49928],[-83.28505,42.49925],[-83.28486,42.49935],[-83.28479,42.5009]],[[-83.28479,42.5009],[-83.28479,42.50084],[-83.28496,42.50084],[-83.28497,42.50111],[-83.28072,42.50118],[-83.28072,42.50111],[-83.28072,42.50118],[-83.27616,42.50127],[-83.27616,42.50115],[-83.27616,42.50127],[-83.27242,42.50131],[-83.27188,42.50131],[-83.27188,42.50118],[-83.27188,42.50131],[-83.2717,42.50132],[-83.26198,42.50154],[-83.26207,42.50406],[-83.26197,42.50408],[-83.26207,42.50406],[-83.26208,42.50421],[-83.26235,42.5119],[-83.26199,42.5138],[-83.26194,42.5145],[-83.26245,42.51615],[-83.26184,42.51617],[-83.26184,42.51609],[-83.26184,42.51617],[-83.25868,42.51622],[-83.25866,42.51615],[-83.25868,42.51622],[-83.25509,42.51628],[-83.25513,42.5162],[-83.25509,42.51628],[-83.2493,42.51642],[-83.24929,42.51636],[-83.2493,42.51642],[-83.24596,42.51651],[-83.24595,42.51644],[-83.24596,42.51651],[-83.24496,42.51653],[-83.24125,42.51655],[-83.24026,42.51666],[-83.23981,42.51667],[-83.23964,42.51657],[-83.23964,42.51667],[-83.23907,42.51669],[-83.23486,42.51677],[-83.23467,42.51671],[-83.23365,42.51673],[-83.23348,42.5168],[-83.22258,42.51702],[-83.21352,42.51732],[-83.21277,42.51733],[-83.21277,42.51727],[-83.21277,42.51733],[-83.21266,42.51734],[-83.20434,42.51747],[-83.20334,42.51746],[-83.20333,42.5174],[-83.20334,42.51746],[-83.20267,42.5175],[-83.20048,42.51754],[-83.20048,42.51748],[-83.20048,42.51754],[-83.19703,42.51762],[-83.19535,42.51764],[-83.19535,42.51755],[-83.19535,42.51764],[-83.19447,42.51767],[-83.18257,42.51793],[-83.18256,42.51822],[-83.18352,42.5182],[-83.18357,42.51849],[-83.18354,42.51873],[-83.18257,42.51874],[-83.18258,42.51891],[-83.18374,42.51885],[-83.18384,42.52136],[-83.18371,42.52136],[-83.18384,42.52136],[-83.18401,42.52548],[-83.18392,42.52548],[-83.18401,42.52548],[-83.18403,42.52577],[-83.18426,42.53007],[-83.18419,42.53007],[-83.18426,42.53007],[-83.18439,42.53248],[-83.17698,42.53268],[-83.177,42.53327],[-83.17689,42.53327],[-83.177,42.53327],[-83.17699,42.53533],[-83.17707,42.53533],[-83.1771,42.53577],[-83.17719,42.53596],[-83.17821,42.53713],[-83.17833,42.53773],[-83.18005,42.53774],[-83.18011,42.53828],[-83.18001,42.53771],[-83.17868,42.53775],[-83.17907,42.53954],[-83.17875,42.53975],[-83.17644,42.53976],[-83.17526,42.53992],[-83.17249,42.53995],[-83.17028,42.54017],[-83.16622,42.54031],[-83.16606,42.53581],[-83.16621,42.5358],[-83.16606,42.53581],[-83.16596,42.53358],[-83.1658,42.53297],[-83.16254,42.53312],[-83.16,42.53316],[-83.16,42.5331],[-83.16,42.53316],[-83.15616,42.53325],[-83.15615,42.53317],[-83.15616,42.53325],[-83.15358,42.5333],[-83.15358,42.53323],[-83.15358,42.5333],[-83.14999,42.53338],[-83.14999,42.53328],[-83.14999,42.53338],[-83.14724,42.53344],[-83.14723,42.53339],[-83.14724,42.53344],[-83.14484,42.53344],[-83.13594,42.53369],[-83.13439,42.53364],[-83.12824,42.53373],[-83.12199,42.5339],[-83.11773,42.5337],[-83.11629,42.53408],[-83.11333,42.53399],[-83.11329,42.53256],[-83.11349,42.52889],[-83.11283,42.5278],[-83.1119,42.52737],[-83.10988,42.52718],[-83.10662,42.52729],[-83.10693,42.53487],[-83.10689,42.53628],[-83.10695,42.5366],[-83.10688,42.5366],[-83.10695,42.5366],[-83.10706,42.539],[-83.1074,42.53911],[-83.11042,42.53897],[-83.11042,42.53878],[-83.11017,42.53842],[-83.11015,42.53776],[-83.11022,42.53774],[-83.10726,42.53719],[-83.10714,42.53431],[-83.10865,42.53429],[-83.10864,42.53408],[-83.10352,42.53421],[-83.1034,42.53431],[-83.10318,42.53432],[-83.10226,42.53433],[-83.10225,42.53424],[-83.10226,42.53433],[-83.09905,42.53441],[-83.09888,42.53436],[-83.09889,42.53441],[-83.0946,42.53454],[-83.09459,42.53448],[-83.0946,42.53454],[-83.09048,42.53467],[-83.09047,42.53461],[-83.09048,42.53467],[-83.08595,42.53484],[-83.08585,42.53484],[-83.08576,42.53441],[-83.08554,42.53438],[-83.08547,42.53443],[-83.0855,42.53485],[-83.08053,42.53502],[-83.07989,42.53503],[-83.07989,42.53498],[-83.07989,42.53503],[-83.07586,42.53518],[-83.07585,42.53512],[-83.07586,42.53518],[-83.07296,42.53528],[-83.07296,42.53522],[-83.07296,42.53528],[-83.0682,42.53545],[-83.06797,42.53545],[-83.06797,42.5354],[-83.06784,42.53546],[-83.06483,42.53557],[-83.06482,42.53551],[-83.06483,42.53557],[-83.06128,42.5357],[-83.06128,42.53564],[-83.06128,42.5357],[-83.0567,42.53586],[-83.0567,42.5358],[-83.0567,42.53586],[-83.05619,42.53588],[-83.05323,42.53597],[-83.05325,42.53591],[-83.05323,42.53597],[-83.04682,42.5362],[-83.02933,42.53665],[-83.02932,42.53616],[-83.02942,42.53616],[-83.02932,42.53616],[-83.02925,42.53339],[-83.02942,42.53339],[-83.02925,42.53339],[-83.02923,42.533],[-83.02921,42.53168],[-83.02931,42.53073],[-83.02923,42.52635],[-83.02909,42.5246],[-83.02911,42.52119],[-83.0285,42.52111],[-83.0275,42.52108],[-83.02407,42.5212],[-83.02375,42.5212],[-83.02375,42.52113],[-83.02375,42.5212],[-83.02087,42.52124],[-83.02049,42.52129],[-83.02022,42.52148],[-83.01947,42.52129],[-83.0179,42.52127],[-83.01784,42.52113],[-83.0179,42.52127],[-83.01413,42.52132],[-83.01413,42.52122],[-83.01413,42.52132],[-83.00937,42.52139],[-83.00868,42.52139],[-83.00868,42.52132],[-83.00868,42.52139],[-83.00761,42.52142],[-83.00674,42.52143],[-83.00674,42.52137],[-83.00674,42.52143],[-83.00651,42.52144],[-83.00377,42.52149],[-83.00339,42.52149],[-83.00339,42.52143],[-83.00339,42.52149],[-82.99753,42.52161],[-82.99752,42.52155],[-82.99753,42.52161],[-82.99373,42.52168],[-82.9936,42.52168],[-82.9936,42.52163],[-82.9936,42.52168],[-82.98739,42.52187],[-82.98738,42.52181],[-82.98739,42.52187],[-82.98495,42.52202],[-82.98488,42.52208],[-82.98064,42.52246],[-82.98063,42.52239],[-82.98064,42.52246],[-82.97495,42.52302],[-82.97494,42.52295],[-82.97495,42.52302],[-82.96995,42.52349],[-82.96944,42.5236],[-82.96763,42.52369],[-82.96294,42.52379],[-82.96294,42.52373],[-82.96294,42.52379],[-82.95566,42.52394],[-82.95566,42.52388],[-82.95566,42.52394],[-82.95273,42.52399],[-82.95273,42.52394],[-82.95273,42.52399],[-82.95045,42.52404],[-82.95027,42.52404],[-82.95027,42.52399],[-82.95027,42.52404],[-82.94889,42.52407],[-82.94713,42.52407],[-82.94712,42.52401],[-82.94713,42.52407],[-82.94651,42.52409],[-82.94612,42.52404],[-82.94592,42.5241],[-82.94286,42.5241],[-82.9402,42.52422],[-82.94026,42.52415],[-82.9402,42.52422],[-82.93828,42.5242],[-82.92702,42.52457],[-82.92044,42.5247],[-82.92043,42.52464],[-82.92044,42.5247],[-82.9181,42.5247],[-82.911,42.52491],[-82.91099,42.52485],[-82.911,42.52491],[-82.90591,42.52495]]]}},{"type":"Feature","properties":{"agency":"smart","agency_label":"SMART","route":"780","name":"15 Mile Crosstown","route_type":3},"geometry":{"type":"MultiLineString","coordinates":[[[-82.87174,42.56906],[-82.87167,42.56897],[-82.8717,42.56788],[-82.87157,42.56727],[-82.8717,42.56724],[-82.87157,42.56726],[-82.87083,42.56427],[-82.87095,42.56426],[-82.87083,42.56427],[-82.8704,42.56251],[-82.87027,42.56057],[-82.87027,42.56048],[-82.87037,42.56047],[-82.87027,42.56048],[-82.87017,42.55868],[-82.87011,42.55593],[-82.87016,42.5553],[-82.87098,42.55528],[-82.87099,42.55536],[-82.87098,42.55528],[-82.87152,42.55526],[-82.88198,42.55506],[-82.88199,42.55515],[-82.88198,42.55506],[-82.88379,42.55502],[-82.88418,42.55502],[-82.88418,42.55511],[-82.88418,42.55502],[-82.88705,42.55495],[-82.88732,42.55495],[-82.88733,42.55502],[-82.88732,42.55495],[-82.8899,42.55489],[-82.88995,42.55495],[-82.88995,42.55489],[-82.893,42.55482],[-82.893,42.55488],[-82.893,42.55482],[-82.89785,42.55471],[-82.89799,42.55471],[-82.89799,42.55478],[-82.89799,42.55471],[-82.89954,42.55467],[-82.90034,42.55466],[-82.90035,42.55477],[-82.90034,42.55466],[-82.90485,42.55462],[-82.90486,42.55472],[-82.90485,42.55462],[-82.90543,42.5546],[-82.91062,42.55448],[-82.91063,42.55459],[-82.91062,42.55448],[-82.9155,42.55437],[-82.91563,42.55437],[-82.91563,42.55449],[-82.91551,42.55449],[-82.91563,42.55449],[-82.91563,42.55437],[-82.9176,42.55433],[-82.91761,42.55443],[-82.9176,42.55433],[-82.92026,42.55426],[-82.92053,42.55426],[-82.92053,42.55436],[-82.92053,42.55426],[-82.92318,42.55418],[-82.9246,42.55416],[-82.9246,42.55427],[-82.92449,42.55427],[-82.9246,42.55427],[-82.9246,42.55416],[-82.93103,42.55401],[-82.93111,42.55401],[-82.93112,42.55412],[-82.93111,42.55401],[-82.93117,42.554],[-82.93702,42.55384],[-82.93703,42.55396],[-82.93702,42.55384],[-82.93946,42.55377],[-82.93982,42.55377],[-82.93983,42.55387],[-82.93982,42.55377],[-82.94008,42.55376],[-82.94327,42.5537],[-82.94328,42.5538],[-82.94327,42.5537],[-82.94586,42.55363],[-82.94587,42.55375],[-82.94586,42.55363],[-82.94876,42.55358],[-82.94876,42.5537],[-82.94876,42.55358],[-82.94885,42.55357],[-82.9513,42.55353],[-82.95241,42.55352],[-82.95242,42.55363],[-82.95241,42.55352],[-82.95937,42.55337],[-82.95938,42.55347],[-82.95937,42.55337],[-82.96211,42.5533],[-82.96206,42.55341],[-82.96211,42.5533],[-82.96227,42.55329],[-82.96567,42.55321],[-82.96567,42.55329],[-82.96573,42.5532],[-82.97088,42.55305],[-82.97082,42.55314],[-82.97088,42.55305],[-82.97862,42.55271],[-82.97878,42.55271],[-82.97879,42.5528],[-82.97878,42.55271],[-82.97907,42.55269],[-82.98002,42.55265],[-82.98002,42.55274],[-82.98002,42.55265],[-82.98027,42.55263],[-82.98337,42.5525],[-82.98353,42.5525],[-82.98354,42.55258],[-82.98353,42.5525],[-82.98367,42.55249],[-82.99023,42.5522],[-82.99043,42.5522],[-82.99044,42.55228],[-82.99049,42.55219],[-82.99461,42.55208],[-82.99461,42.55217],[-82.99461,42.55208],[-82.99718,42.55201],[-82.99719,42.5521],[-82.99718,42.55201],[-83.0035,42.55184],[-83.00415,42.55183],[-83.00415,42.55192],[-83.00415,42.55183],[-83.00591,42.55177],[-83.00801,42.55173],[-83.00801,42.55183],[-83.00801,42.55173],[-83.01166,42.55164],[-83.01178,42.55164],[-83.01178,42.55173],[-83.01178,42.55164],[-83.01206,42.55163],[-83.01469,42.55158],[-83.01471,42.55166],[-83.01469,42.55158],[-83.01678,42.55153],[-83.01679,42.55162],[-83.01678,42.55153],[-83.01873,42.55148],[-83.01923,42.55147],[-83.01923,42.55156],[-83.01923,42.55147],[-83.02364,42.55135],[-83.02459,42.55133],[-83.02459,42.55143],[-83.02459,42.55133],[-83.03002,42.55118],[-83.03013,42.55118],[-83.03014,42.55128],[-83.03013,42.55118],[-83.03054,42.55116],[-83.03732,42.55095],[-83.03752,42.55095],[-83.03753,42.55105],[-83.03758,42.55094],[-83.0405,42.55085],[-83.0405,42.55097],[-83.0405,42.55085],[-83.04342,42.55076],[-83.0436,42.55076],[-83.04359,42.55087],[-83.0436,42.55076],[-83.04372,42.55075],[-83.04612,42.55067],[-83.04623,42.55067],[-83.04627,42.55079],[-83.04623,42.55067],[-83.04935,42.55058],[-83.04936,42.55069],[-83.04935,42.55058],[-83.04947,42.55057],[-83.05417,42.55042],[-83.05417,42.55053],[-83.05417,42.55042],[-83.05905,42.55026],[-83.05905,42.55037],[-83.05905,42.55026],[-83.06103,42.55019],[-83.06104,42.55031],[-83.06103,42.55019],[-83.06585,42.55004],[-83.06609,42.55004],[-83.06609,42.55014],[-83.06609,42.55004],[-83.06749,42.55011],[-83.06993,42.55056],[-83.06986,42.55065],[-83.06993,42.55056],[-83.07157,42.55072],[-83.07321,42.55057],[-83.07525,42.55013],[-83.07529,42.55026],[-83.07525,42.55013],[-83.07587,42.55005],[-83.07686,42.55002],[-83.07758,42.55006],[-83.07754,42.55009],[-83.08182,42.54999],[-83.08392,42.5496],[-83.08538,42.54947],[-83.08878,42.54938],[-83.08877,42.54947],[-83.08878,42.54938],[-83.09119,42.54932],[-83.09211,42.54931],[-83.09211,42.54941],[-83.09211,42.54931],[-83.09825,42.54926],[-83.09955,42.54926],[-83.09955,42.54937],[-83.09955,42.54926],[-83.09983,42.54925],[-83.10481,42.54923],[-83.10481,42.54935],[-83.10481,42.54923],[-83.10768,42.54921],[-83.10764,42.54864],[-83.10779,42.54863],[-83.10779,42.54857],[-83.10779,42.54863],[-83.10764,42.54864],[-83.10744,42.54354],[-83.10751,42.54354],[-83.10744,42.54354],[-83.10741,42.54261],[-83.1075,42.54247],[-83.10744,42.54072],[-83.10943,42.54074],[-83.11047,42.54067],[-83.11042,42.53878],[-83.11017,42.53842],[-83.11015,42.53774],[-83.11022,42.53774],[-83.10967,42.53731],[-83.10878,42.53728],[-83.10894,42.54074],[-83.11314,42.54063],[-83.11338,42.54055],[-83.11352,42.54102],[-83.11366,42.54512],[-83.11366,42.54523],[-83.11359,42.54523],[-83.11366,42.54523],[-83.11379,42.54906],[-83.11787,42.54898],[-83.11785,42.54908],[-83.11787,42.54898],[-83.12231,42.54886],[-83.12286,42.54885],[-83.12287,42.54898],[-83.12286,42.54885],[-83.12321,42.54884],[-83.12719,42.54877],[-83.12719,42.54885],[-83.12719,42.54877],[-83.13002,42.54871],[-83.13002,42.54877],[-83.13011,42.5487],[-83.13223,42.54865],[-83.13279,42.54865],[-83.13279,42.54872],[-83.13285,42.54864],[-83.13583,42.54858],[-83.13584,42.54866],[-83.13583,42.54858],[-83.13979,42.54849],[-83.1398,42.54858],[-83.13979,42.54849],[-83.1457,42.54835],[-83.14572,42.54843],[-83.1457,42.54835],[-83.14609,42.54834],[-83.14795,42.54831],[-83.14795,42.5484],[-83.14795,42.54831],[-83.14822,42.5483],[-83.15318,42.54822],[-83.15318,42.5483],[-83.15318,42.54822],[-83.1534,42.54821],[-83.15939,42.5481],[-83.15939,42.54818],[-83.15939,42.5481],[-83.15999,42.54808],[-83.16322,42.54801],[-83.16322,42.54807],[-83.16322,42.54801],[-83.16689,42.54791],[-83.16772,42.5479],[-83.16772,42.54797],[-83.16772,42.5479],[-83.16977,42.54784],[-83.17195,42.54778],[-83.17195,42.54785],[-83.17195,42.54778],[-83.17225,42.54777],[-83.17532,42.5477],[-83.17532,42.54776],[-83.17532,42.5477],[-83.17582,42.54768],[-83.17988,42.54759],[-83.17996,42.54759],[-83.17996,42.54767],[-83.17996,42.54759],[-83.18244,42.54754],[-83.18244,42.5476],[-83.18244,42.54754],[-83.18614,42.54744],[-83.18653,42.55395],[-83.18646,42.55395],[-83.18653,42.55395],[-83.18654,42.55408],[-83.18669,42.55804],[-83.18316,42.55819],[-83.18221,42.55838],[-83.18224,42.55844],[-83.18221,42.55838],[-83.18101,42.55862],[-83.18118,42.55907],[-83.18114,42.55936],[-83.1813,42.55937],[-83.18281,42.55929],[-83.18328,42.55909],[-83.1832,42.55831],[-83.18329,42.55828],[-83.1869,42.55814],[-83.18688,42.5578],[-83.18695,42.5578],[-83.18688,42.5578],[-83.1867,42.55411],[-83.18683,42.5541],[-83.1867,42.55411],[-83.18655,42.55131],[-83.18655,42.55122],[-83.18667,42.55122],[-83.18655,42.55122],[-83.18642,42.54957],[-83.18653,42.54956],[-83.18642,42.54957],[-83.18641,42.5495],[-83.18629,42.54743],[-83.19973,42.5471],[-83.19974,42.54719],[-83.19973,42.5471],[-83.20296,42.54702],[-83.20296,42.54711],[-83.20296,42.54702],[-83.20682,42.54691],[-83.20674,42.54703],[-83.20682,42.54691],[-83.2071,42.5469],[-83.21036,42.54682],[-83.21037,42.54693],[-83.21036,42.54682],[-83.21456,42.5467],[-83.21478,42.5467],[-83.21479,42.54678],[-83.21478,42.5467],[-83.21754,42.54663],[-83.21749,42.54669],[-83.21754,42.54663],[-83.22,42.54647],[-83.22182,42.54569],[-83.22181,42.54577],[-83.22182,42.54569],[-83.22215,42.54561],[-83.22325,42.54548],[-83.2258,42.54568],[-83.2281,42.54623],[-83.22942,42.54632],[-83.22943,42.54641],[-83.22942,42.54632],[-83.23169,42.54626],[-83.2317,42.54636],[-83.23169,42.54626],[-83.23464,42.54616],[-83.23466,42.54624],[-83.23464,42.54616],[-83.2357,42.54609],[-83.23713,42.54605],[-83.23713,42.54613],[-83.23713,42.54605],[-83.2402,42.54596],[-83.2402,42.54606],[-83.2402,42.54596],[-83.24403,42.54585],[-83.24606,42.54581],[-83.24607,42.54592],[-83.24606,42.54581],[-83.24967,42.54571],[-83.24967,42.5458],[-83.24967,42.54571],[-83.25384,42.54564],[-83.25384,42.54574],[-83.25384,42.54564],[-83.25579,42.54554],[-83.25581,42.54566],[-83.25579,42.54554],[-83.26035,42.54541],[-83.26036,42.54555],[-83.26036,42.54541],[-83.2654,42.54528],[-83.26541,42.5454],[-83.2654,42.54528],[-83.26711,42.54522],[-83.27783,42.54498],[-83.27784,42.54512],[-83.27783,42.54498],[-83.27946,42.54492],[-83.28088,42.54492],[-83.28088,42.54507],[-83.28088,42.54492],[-83.28327,42.54487],[-83.28328,42.54496],[-83.28328,42.54487],[-83.28521,42.5448],[-83.28648,42.54477],[-83.28644,42.54487],[-83.28648,42.54477],[-83.28882,42.54473],[-83.28882,42.54481],[-83.28882,42.54473],[-83.28904,42.54472],[-83.29414,42.5446],[-83.29424,42.5446],[-83.29424,42.54471],[-83.29424,42.5446],[-83.29734,42.54454],[-83.29734,42.54467],[-83.29734,42.54454],[-83.303,42.54439],[-83.303,42.54451],[-83.303,42.54439],[-83.30455,42.54433],[-83.30838,42.54424],[-83.30856,42.54424],[-83.30857,42.54432],[-83.30856,42.54424],[-83.30894,42.54422],[-83.31114,42.54418],[-83.31114,42.54424],[-83.31114,42.54418],[-83.31455,42.54409],[-83.31456,42.54418],[-83.31455,42.54409],[-83.31793,42.54401],[-83.31794,42.54409],[-83.31794,42.54401],[-83.32242,42.54391],[-83.32242,42.54401],[-83.32242,42.54391],[-83.32943,42.54376],[-83.32943,42.54387],[-83.32943,42.54376],[-83.3308,42.5437],[-83.33889,42.54356],[-83.33997,42.54369],[-83.34092,42.54363],[-83.34114,42.54375],[-83.34178,42.54358],[-83.34228,42.54352],[-83.34229,42.54359],[-83.34228,42.54352],[-83.34278,42.54344],[-83.3494,42.54327],[-83.34963,42.54327],[-83.34964,42.54338],[-83.34963,42.54327],[-83.35361,42.54315],[-83.3537,42.54315],[-83.35371,42.54324],[-83.3537,42.54315],[-83.35622,42.54307],[-83.35623,42.5432],[-83.35622,42.54307],[-83.35867,42.543],[-83.35868,42.5431],[-83.35867,42.543],[-83.36083,42.54295],[-83.36076,42.53964],[-83.36039,42.53302],[-83.36045,42.52998],[-83.36039,42.52947],[-83.36017,42.52888],[-83.36036,42.52847],[-83.36016,42.52764],[-83.36008,42.52605],[-83.36003,42.52465],[-83.36017,42.52444],[-83.36009,42.52436],[-83.35987,42.52304],[-83.35984,42.52244],[-83.35993,42.52244],[-83.35984,42.52244],[-83.35983,42.52235],[-83.35976,42.52082],[-83.35987,42.52081],[-83.35976,42.52082],[-83.35963,42.5185],[-83.35963,42.51839],[-83.35975,42.51839],[-83.35963,42.51839],[-83.35948,42.51629],[-83.35949,42.51596],[-83.35959,42.51596],[-83.35949,42.51596],[-83.35935,42.5133],[-83.35935,42.51318],[-83.35946,42.51318],[-83.35935,42.51318],[-83.35934,42.5131],[-83.35913,42.50906],[-83.35914,42.50887],[-83.35924,42.50887],[-83.35913,42.50886],[-83.35905,42.5072],[-83.35919,42.50719],[-83.35905,42.5072],[-83.35895,42.50551],[-83.35894,42.5053],[-83.35906,42.5053],[-83.35894,42.5053],[-83.35877,42.50095],[-83.3589,42.50095],[-83.35877,42.50095],[-83.35874,42.50043],[-83.35878,42.49891],[-83.35855,42.49575],[-83.35841,42.49223],[-83.36025,42.49235],[-83.36309,42.49219],[-83.36335,42.49305],[-83.36416,42.49297],[-83.3641,42.49278],[-83.36418,42.49261]],[[-83.36418,42.49261],[-83.36405,42.49263],[-83.36394,42.49232],[-83.36316,42.49242],[-83.36309,42.49219],[-83.36094,42.4923],[-83.3606,42.49222],[-83.3584,42.4921],[-83.35832,42.49056],[-83.35812,42.49056],[-83.35863,42.4998],[-83.35858,42.49992],[-83.35874,42.50045],[-83.35877,42.5009],[-83.35895,42.50541],[-83.35883,42.50541],[-83.35895,42.50541],[-83.35909,42.50779],[-83.35895,42.50779],[-83.35909,42.50779],[-83.35914,42.50889],[-83.35914,42.50921],[-83.35902,42.50921],[-83.35914,42.50921],[-83.35915,42.50929],[-83.35931,42.51244],[-83.35918,42.51244],[-83.35931,42.51244],[-83.35941,42.51412],[-83.35925,42.51413],[-83.35941,42.51412],[-83.3595,42.51604],[-83.35949,42.51649],[-83.35939,42.51649],[-83.35949,42.51649],[-83.3595,42.51656],[-83.35966,42.51879],[-83.35953,42.5188],[-83.35966,42.51879],[-83.35974,42.52013],[-83.35979,42.52134],[-83.35966,42.52134],[-83.35979,42.52134],[-83.35988,42.52315],[-83.35981,42.52341],[-83.3598,42.52431],[-83.35967,42.52451],[-83.35976,42.52461],[-83.3599,42.52528],[-83.36007,42.52798],[-83.35981,42.52845],[-83.36002,42.52925],[-83.36015,42.53061],[-83.36006,42.53065],[-83.36015,42.53065],[-83.3602,42.53232],[-83.3602,42.53435],[-83.36012,42.53435],[-83.3602,42.53435],[-83.36037,42.53779],[-83.36037,42.53798],[-83.36031,42.53798],[-83.36037,42.53798],[-83.36057,42.54101],[-83.3605,42.54101],[-83.36057,42.54101],[-83.36061,42.54152],[-83.36064,42.54295],[-83.34238,42.54343],[-83.34143,42.54353],[-83.34117,42.54344],[-83.34065,42.54353],[-83.34062,42.54343],[-83.34065,42.54353],[-83.34018,42.54359],[-83.33746,42.54356],[-83.32809,42.54381],[-83.32808,42.54374],[-83.32809,42.54381],[-83.32741,42.54383],[-83.32364,42.54389],[-83.32322,42.54389],[-83.32322,42.54384],[-83.32322,42.54389],[-83.32182,42.54394],[-83.32068,42.54395],[-83.32068,42.54387],[-83.32068,42.54395],[-83.31938,42.54399],[-83.31584,42.54402],[-83.30248,42.54441],[-83.30183,42.54441],[-83.30184,42.54435],[-83.30183,42.54441],[-83.3014,42.54443],[-83.29686,42.54456],[-83.29646,42.54456],[-83.29645,42.54449],[-83.29646,42.54456],[-83.29337,42.54462],[-83.29337,42.54455],[-83.29337,42.54462],[-83.29311,42.54463],[-83.28932,42.54471],[-83.28932,42.54465],[-83.28932,42.54471],[-83.28857,42.54473],[-83.2872,42.54475],[-83.28719,42.54465],[-83.2872,42.54475],[-83.28432,42.54484],[-83.28423,42.54478],[-83.28423,42.54484],[-83.2831,42.54488],[-83.2763,42.54503],[-83.2763,42.54497],[-83.2763,42.54503],[-83.27572,42.54505],[-83.26514,42.54529],[-83.26492,42.54529],[-83.26492,42.54524],[-83.26479,42.5453],[-83.26322,42.54534],[-83.26322,42.54528],[-83.26322,42.54534],[-83.26155,42.54538],[-83.26158,42.54532],[-83.26155,42.54538],[-83.2561,42.54554],[-83.2526,42.54555],[-83.25063,42.54568],[-83.24491,42.5458],[-83.22918,42.54633],[-83.22777,42.54617],[-83.2258,42.54568],[-83.22331,42.54544],[-83.22182,42.54569],[-83.22,42.54647],[-83.21914,42.54657],[-83.21689,42.54665],[-83.21689,42.5466],[-83.21689,42.54665],[-83.21383,42.54675],[-83.20986,42.54679],[-83.19948,42.54711],[-83.19948,42.54706],[-83.19948,42.54711],[-83.19686,42.54713],[-83.19595,42.54722],[-83.19333,42.54726],[-83.19333,42.54719],[-83.19333,42.54726],[-83.18629,42.54743],[-83.18633,42.54597],[-83.18607,42.54589],[-83.18624,42.54979],[-83.18653,42.55395],[-83.18646,42.55395],[-83.18653,42.55395],[-83.18654,42.55408],[-83.18669,42.55804],[-83.18316,42.55819],[-83.18221,42.55838],[-83.18224,42.55844],[-83.18221,42.55838],[-83.18101,42.55862],[-83.18118,42.55907],[-83.18114,42.55936],[-83.1813,42.55937],[-83.18281,42.55929],[-83.18328,42.55909],[-83.1832,42.55831],[-83.18329,42.55828],[-83.1869,42.55814],[-83.18688,42.5578],[-83.18695,42.5578],[-83.18688,42.5578],[-83.1867,42.55411],[-83.18683,42.5541],[-83.1867,42.55411],[-83.18655,42.55131],[-83.18655,42.55122],[-83.18667,42.55122],[-83.18655,42.55122],[-83.18642,42.54957],[-83.18653,42.54956],[-83.18642,42.54957],[-83.18632,42.54829],[-83.18633,42.54597],[-83.18607,42.54589],[-83.18614,42.54744],[-83.1858,42.54746],[-83.18476,42.54749],[-83.18483,42.54741],[-83.18476,42.54749],[-83.18292,42.54753],[-83.18292,42.54747],[-83.18284,42.54754],[-83.17973,42.5476],[-83.17963,42.54754],[-83.17963,42.5476],[-83.17439,42.54772],[-83.17437,42.54765],[-83.17439,42.54772],[-83.17126,42.5478],[-83.17125,42.54773],[-83.17126,42.5478],[-83.16818,42.54789],[-83.16806,42.54783],[-83.16806,42.54789],[-83.16654,42.54795],[-83.16583,42.54796],[-83.16583,42.54788],[-83.16583,42.54796],[-83.16527,42.54798],[-83.14568,42.54831],[-83.11379,42.54906],[-83.11354,42.54078],[-83.11336,42.54056],[-83.11049,42.5406],[-83.11042,42.53878],[-83.11017,42.53842],[-83.11015,42.53776],[-83.11022,42.53774],[-83.10967,42.53731],[-83.10878,42.53728],[-83.10894,42.54065],[-83.10715,42.54062],[-83.1073,42.54248],[-83.10742,42.54269],[-83.10742,42.5428],[-83.10729,42.5428],[-83.10742,42.5428],[-83.10757,42.54723],[-83.10742,42.54724],[-83.10757,42.54723],[-83.10766,42.54921],[-83.10213,42.54924],[-83.10213,42.54918],[-83.10213,42.54924],[-83.09669,42.54928],[-83.09669,42.54922],[-83.09669,42.54928],[-83.09428,42.5493],[-83.09323,42.5493],[-83.09323,42.54923],[-83.09323,42.5493],[-83.09055,42.54929],[-83.09056,42.54934],[-83.08772,42.54942],[-83.08771,42.54935],[-83.08772,42.54942],[-83.08503,42.54949],[-83.08502,42.54943],[-83.08503,42.54949],[-83.0842,42.54956],[-83.08161,42.55],[-83.07819,42.55008],[-83.0772,42.55],[-83.07587,42.55005],[-83.07297,42.55061],[-83.07157,42.55072],[-83.07024,42.55062],[-83.06803,42.5502],[-83.06805,42.55013],[-83.06803,42.5502],[-83.06724,42.55007],[-83.06562,42.55002],[-83.05052,42.55054],[-83.05045,42.55049],[-83.05046,42.55054],[-83.04814,42.55064],[-83.04727,42.55061],[-83.03041,42.55112],[-83.02827,42.55125],[-83.02826,42.55117],[-83.02827,42.55125],[-83.0247,42.55133],[-83.02468,42.55116],[-83.02469,42.55133],[-83.00412,42.55183],[-83.00416,42.55177],[-83.00412,42.55183],[-82.99096,42.55215],[-82.98866,42.55228],[-82.98865,42.55222],[-82.98866,42.55228],[-82.97088,42.55305],[-82.96042,42.55336],[-82.95884,42.55333],[-82.95661,42.55343],[-82.95645,42.55338],[-82.95646,42.55343],[-82.9523,42.55352],[-82.95223,42.55346],[-82.95223,42.55352],[-82.94945,42.55359],[-82.94944,42.55353],[-82.94945,42.55359],[-82.94485,42.55367],[-82.94485,42.5536],[-82.94485,42.55367],[-82.94281,42.55371],[-82.94236,42.55371],[-82.94236,42.55364],[-82.94236,42.55371],[-82.93789,42.55382],[-82.93789,42.55374],[-82.93789,42.55382],[-82.93065,42.55402],[-82.92983,42.55403],[-82.92983,42.55397],[-82.92983,42.55403],[-82.92691,42.5541],[-82.92296,42.55419],[-82.92296,42.55413],[-82.92296,42.55419],[-82.92246,42.55422],[-82.91983,42.55427],[-82.91983,42.55421],[-82.91976,42.55428],[-82.91583,42.55437],[-82.91583,42.5543],[-82.91583,42.55437],[-82.91282,42.55444],[-82.91171,42.55446],[-82.91171,42.55438],[-82.91171,42.55446],[-82.90964,42.55452],[-82.90949,42.55452],[-82.90949,42.55444],[-82.90949,42.55452],[-82.9078,42.55457],[-82.90485,42.55462],[-82.90484,42.55454],[-82.90485,42.55462],[-82.89915,42.55469],[-82.89909,42.55463],[-82.89901,42.55469],[-82.8938,42.55481],[-82.8938,42.55475],[-82.8938,42.55481],[-82.8913,42.55487],[-82.89072,42.55488],[-82.89071,42.55482],[-82.89072,42.55488],[-82.8774,42.55515],[-82.87739,42.5551],[-82.8774,42.55515],[-82.87016,42.5553],[-82.8701,42.55631],[-82.87018,42.55718],[-82.87017,42.55868],[-82.8704,42.56251],[-82.87157,42.56725],[-82.87152,42.56755]]]}},{"type":"Feature","properties":{"agency":"smart","agency_label":"SMART","route":"790","name":"Pontiac Crosstown","route_type":3},"geometry":{"type":"MultiLineString","coordinates":[[[-83.30135,42.67014],[-83.31082,42.67014],[-83.31082,42.67019],[-83.31082,42.67014],[-83.3156,42.66986],[-83.31667,42.66995],[-83.31669,42.66972],[-83.31675,42.66971],[-83.31669,42.66972],[-83.31665,42.66871],[-83.31908,42.66844],[-83.3195,42.66835],[-83.31976,42.66821],[-83.31992,42.668],[-83.32001,42.66803],[-83.31992,42.668],[-83.32,42.66773],[-83.31984,42.66662],[-83.31999,42.66528],[-83.32007,42.66529],[-83.31999,42.66528],[-83.32003,42.665],[-83.32675,42.66546],[-83.32716,42.66541],[-83.32801,42.66511],[-83.32987,42.66642],[-83.33045,42.666],[-83.33053,42.66605],[-83.33045,42.666],[-83.33386,42.66329],[-83.33464,42.66223],[-83.33487,42.66166],[-83.33498,42.66112],[-83.33499,42.66037],[-83.33487,42.65977],[-83.33468,42.65928],[-83.33426,42.65859],[-83.33457,42.65835],[-83.33474,42.6581],[-83.33472,42.65722],[-83.33482,42.65636],[-83.33467,42.65561],[-83.33473,42.65447],[-83.33458,42.65292],[-83.33334,42.64977],[-83.33254,42.64862],[-83.3326,42.6478],[-83.33319,42.64701],[-83.3334,42.64651],[-83.33337,42.64528],[-83.33355,42.64527],[-83.33346,42.64385],[-83.33315,42.64326],[-83.33299,42.64272],[-83.33285,42.64022],[-83.33272,42.63976],[-83.32547,42.63991],[-83.32404,42.6401],[-83.32277,42.64015],[-83.32269,42.64019],[-83.32262,42.6404],[-83.32285,42.64299],[-83.32304,42.64324],[-83.32327,42.64334],[-83.32576,42.64332],[-83.32607,42.64328],[-83.32623,42.64316],[-83.32607,42.64031],[-83.32595,42.63995],[-83.32553,42.63993],[-83.32383,42.64015],[-83.32189,42.64023],[-83.31843,42.64076],[-83.31619,42.64085],[-83.31619,42.64079],[-83.31619,42.64085],[-83.31451,42.64092],[-83.31451,42.64086],[-83.31451,42.64092],[-83.30964,42.64111],[-83.30925,42.64105],[-83.30928,42.64099],[-83.30925,42.64105],[-83.30913,42.64102],[-83.30349,42.63914],[-83.30078,42.63832],[-83.30081,42.63827],[-83.30078,42.63832],[-83.29996,42.63806],[-83.29946,42.63785],[-83.29924,42.63755],[-83.29619,42.63819],[-83.29487,42.63841],[-83.29485,42.63833],[-83.29487,42.63841],[-83.29269,42.63882],[-83.29159,42.63574],[-83.28838,42.63637],[-83.28851,42.63737],[-83.28757,42.63756],[-83.28755,42.6375],[-83.28757,42.63756],[-83.28678,42.6377],[-83.27752,42.63795],[-83.27751,42.63789],[-83.27752,42.63795],[-83.27497,42.63796],[-83.27228,42.63809],[-83.27227,42.63802],[-83.27228,42.63809],[-83.26893,42.63817],[-83.26915,42.64207],[-83.26937,42.64423],[-83.26974,42.64556],[-83.27076,42.64788],[-83.26596,42.64869],[-83.25432,42.64906],[-83.25424,42.64802],[-83.25364,42.64803],[-83.25364,42.64797],[-83.25364,42.64803],[-83.25337,42.64804],[-83.25311,42.64869],[-83.25316,42.64909],[-83.24825,42.6492],[-83.24712,42.65214],[-83.24609,42.65522],[-83.24605,42.65519],[-83.24574,42.65774],[-83.24568,42.65919],[-83.24575,42.66198],[-83.24639,42.66154],[-83.24668,42.66152],[-83.24674,42.66138],[-83.24716,42.66119],[-83.2488,42.66074],[-83.24834,42.65971],[-83.24981,42.65943],[-83.25071,42.65918],[-83.25109,42.66012],[-83.24788,42.66094],[-83.24765,42.66094],[-83.24671,42.66134],[-83.2446,42.66275],[-83.24303,42.66403],[-83.2428,42.66451],[-83.24275,42.66493],[-83.24246,42.66529],[-83.24036,42.66616],[-83.23991,42.66676],[-83.239,42.66727],[-83.23817,42.66796],[-83.23551,42.66876],[-83.23267,42.66973],[-83.23189,42.66992],[-83.22965,42.67089],[-83.22781,42.6718],[-83.22675,42.67211],[-83.22594,42.67223],[-83.22069,42.67253],[-83.21905,42.67255],[-83.21868,42.67233],[-83.21833,42.67241],[-83.21827,42.67236],[-83.21833,42.67241],[-83.21819,42.67257],[-83.21816,42.67276],[-83.21825,42.67295],[-83.21845,42.67307],[-83.2187,42.67305],[-83.21902,42.67283],[-83.22042,42.67281],[-83.22057,42.67439],[-83.22074,42.67442],[-83.22088,42.67437],[-83.22003,42.66634],[-83.21977,42.66568],[-83.21789,42.6623],[-83.21748,42.66111],[-83.21732,42.65983],[-83.2174,42.65873],[-83.21787,42.65725],[-83.21836,42.65632],[-83.21974,42.65426],[-83.22006,42.65363],[-83.22022,42.65147],[-83.22287,42.65144],[-83.2243,42.65154],[-83.22659,42.65139],[-83.2266,42.65148],[-83.22659,42.65139],[-83.2274,42.65119],[-83.22791,42.65087],[-83.22837,42.6507],[-83.23265,42.65058],[-83.23362,42.65063],[-83.23356,42.64955],[-83.23614,42.64948],[-83.23616,42.6493],[-83.23436,42.64933],[-83.23436,42.64928],[-83.23436,42.64933],[-83.22281,42.64963],[-83.22281,42.64817],[-83.22269,42.64746],[-83.22196,42.64685],[-83.22167,42.64611],[-83.22108,42.64541],[-83.22111,42.64512],[-83.22128,42.64499],[-83.22212,42.64475],[-83.22545,42.64504],[-83.22645,42.64517],[-83.22659,42.64525],[-83.22667,42.64548],[-83.22642,42.6468],[-83.22644,42.64724],[-83.22673,42.64755],[-83.22893,42.64914],[-83.229,42.64943],[-83.22026,42.64971],[-83.21994,42.64574],[-83.2201,42.64284],[-83.22009,42.63949],[-83.22034,42.63867],[-83.22013,42.63786],[-83.2201,42.63738],[-83.22014,42.63636],[-83.22065,42.63535],[-83.22067,42.63487],[-83.22075,42.6348],[-83.22065,42.6337],[-83.219,42.63375],[-83.219,42.63366],[-83.219,42.63375],[-83.20989,42.63401],[-83.21007,42.63768],[-83.21003,42.63816],[-83.20992,42.63853],[-83.20957,42.63907],[-83.20911,42.63947],[-83.20897,42.63936],[-83.20911,42.63947],[-83.20883,42.63965],[-83.20799,42.63997],[-83.20725,42.64008],[-83.20424,42.63981],[-83.20264,42.63985],[-83.2015,42.64012],[-83.1966,42.64196],[-83.19668,42.64215],[-83.19931,42.64121],[-83.19969,42.64191],[-83.20031,42.64275],[-83.20079,42.6431],[-83.20157,42.64349],[-83.20211,42.64353],[-83.20282,42.64336],[-83.20286,42.64344],[-83.20282,42.64336],[-83.20395,42.64309]],[[-83.30135,42.67014],[-83.31082,42.67014],[-83.31082,42.67019],[-83.31082,42.67014],[-83.3156,42.66986],[-83.31667,42.66995],[-83.31669,42.66972],[-83.31675,42.66971],[-83.31669,42.66972],[-83.31665,42.66871],[-83.31908,42.66844],[-83.3195,42.66835],[-83.31976,42.66821],[-83.31992,42.668],[-83.32001,42.66803],[-83.31992,42.668],[-83.32,42.66773],[-83.31984,42.66662],[-83.31999,42.66528],[-83.32007,42.66529],[-83.31999,42.66528],[-83.32003,42.665],[-83.32675,42.66546],[-83.32716,42.66541],[-83.32801,42.66511],[-83.32987,42.66642],[-83.33045,42.666],[-83.33053,42.66605],[-83.33045,42.666],[-83.33386,42.66329],[-83.33464,42.66223],[-83.33487,42.66166],[-83.33498,42.66112],[-83.33499,42.66037],[-83.33481,42.65959],[-83.33443,42.65884],[-83.33393,42.65823],[-83.33389,42.65797],[-83.33398,42.65779],[-83.33418,42.65769],[-83.33461,42.65779],[-83.33467,42.65784],[-83.33461,42.65809],[-83.33433,42.65844],[-83.33224,42.65949],[-83.33141,42.6596],[-83.32772,42.65979],[-83.32727,42.65961],[-83.32698,42.65931],[-83.32685,42.65826],[-83.32662,42.65784],[-83.32472,42.65638],[-83.32458,42.6561],[-83.32453,42.65552],[-83.32451,42.65488],[-83.32825,42.6548],[-83.32899,42.65506],[-83.32921,42.65533],[-83.32929,42.65562],[-83.32937,42.65703],[-83.32958,42.65759],[-83.32962,42.65846],[-83.32983,42.65845],[-83.32962,42.65846],[-83.32967,42.6597],[-83.33224,42.65949],[-83.33439,42.65852],[-83.33474,42.6581],[-83.33463,42.65642],[-83.33482,42.65636],[-83.33467,42.65561],[-83.33473,42.65447],[-83.33455,42.65449],[-83.33445,42.65299],[-83.33458,42.65292],[-83.33444,42.65294],[-83.33324,42.64973],[-83.3326,42.64888],[-83.33252,42.64861],[-83.3326,42.6478],[-83.33332,42.64677],[-83.33342,42.64625],[-83.33337,42.64528],[-83.33355,42.64527],[-83.33337,42.64527],[-83.33328,42.64386],[-83.33346,42.64385],[-83.33328,42.64386],[-83.33291,42.64279],[-83.3328,42.64058],[-83.33269,42.63982],[-83.32615,42.63996],[-83.32273,42.64023],[-83.32288,42.64307],[-83.32305,42.64326],[-83.32329,42.64336],[-83.32615,42.64329],[-83.32595,42.63996],[-83.32357,42.64022],[-83.32204,42.64026],[-83.31843,42.64076],[-83.31619,42.64085],[-83.31619,42.64079],[-83.31619,42.64085],[-83.31451,42.64092],[-83.31451,42.64086],[-83.31451,42.64092],[-83.30964,42.64111],[-83.30925,42.64105],[-83.30928,42.64099],[-83.30925,42.64105],[-83.30913,42.64102],[-83.30349,42.63914],[-83.30078,42.63832],[-83.30081,42.63827],[-83.30078,42.63832],[-83.29996,42.63806],[-83.29946,42.63785],[-83.29924,42.63755],[-83.29619,42.63819],[-83.29487,42.63841],[-83.29485,42.63833],[-83.29487,42.63841],[-83.29269,42.63882],[-83.29159,42.63574],[-83.28838,42.63637],[-83.28851,42.63737],[-83.28757,42.63756],[-83.28755,42.6375],[-83.28757,42.63756],[-83.28691,42.63769],[-83.27752,42.63795],[-83.27751,42.63789],[-83.27752,42.63795],[-83.27497,42.63796],[-83.27228,42.63809],[-83.27227,42.63802],[-83.27228,42.63809],[-83.26893,42.63817],[-83.26915,42.64207],[-83.26937,42.64423],[-83.26974,42.64556],[-83.27076,42.64788],[-83.26596,42.64869],[-83.25432,42.64906],[-83.25424,42.64802],[-83.25364,42.64803],[-83.25364,42.64797],[-83.25364,42.64803],[-83.25337,42.64804],[-83.25311,42.64869],[-83.25316,42.64909],[-83.24825,42.6492],[-83.24712,42.65214],[-83.24609,42.65522],[-83.24605,42.65519],[-83.24574,42.65774],[-83.24568,42.65919],[-83.24575,42.66198],[-83.24639,42.66154],[-83.24668,42.66152],[-83.24674,42.66138],[-83.24716,42.66119],[-83.2488,42.66074],[-83.24834,42.65971],[-83.25072,42.65923],[-83.25113,42.66008],[-83.24765,42.66094],[-83.24627,42.66162],[-83.24491,42.66261],[-83.2447,42.66266],[-83.24329,42.66378],[-83.24298,42.66409],[-83.24266,42.66508],[-83.24233,42.66539],[-83.24055,42.66604],[-83.2403,42.6662],[-83.24007,42.66662],[-83.23978,42.66688],[-83.23886,42.66738],[-83.23853,42.66769],[-83.23798,42.66805],[-83.23531,42.66883],[-83.23195,42.66998],[-83.23189,42.66992],[-83.22965,42.67089],[-83.22781,42.6718],[-83.22675,42.67211],[-83.22594,42.67223],[-83.22069,42.67253],[-83.21905,42.67255],[-83.21868,42.67233],[-83.21833,42.67241],[-83.21827,42.67236],[-83.21833,42.67241],[-83.21819,42.67257],[-83.21816,42.67276],[-83.21825,42.67295],[-83.21845,42.67307],[-83.2187,42.67305],[-83.21902,42.67283],[-83.22042,42.67281],[-83.22057,42.67439],[-83.22074,42.67442],[-83.22088,42.67437],[-83.22003,42.66634],[-83.21977,42.66568],[-83.21789,42.6623],[-83.21748,42.66111],[-83.21732,42.65983],[-83.2174,42.65873],[-83.21787,42.65725],[-83.21836,42.65632],[-83.21974,42.65426],[-83.22006,42.65363],[-83.22022,42.65147],[-83.22287,42.65144],[-83.2243,42.65154],[-83.22659,42.65139],[-83.2266,42.65148],[-83.22659,42.65139],[-83.2274,42.65119],[-83.22791,42.65087],[-83.22837,42.6507],[-83.23265,42.65058],[-83.23362,42.65063],[-83.23356,42.64955],[-83.23614,42.64948],[-83.23616,42.6493],[-83.23436,42.64933],[-83.23436,42.64928],[-83.23436,42.64933],[-83.22281,42.64963],[-83.22281,42.64817],[-83.22269,42.64746],[-83.22196,42.64685],[-83.22167,42.64611],[-83.22108,42.64541],[-83.22111,42.64512],[-83.22128,42.64499],[-83.22212,42.64475],[-83.22545,42.64504],[-83.22645,42.64517],[-83.22659,42.64525],[-83.22667,42.64548],[-83.22642,42.6468],[-83.22643,42.64717],[-83.22661,42.64747],[-83.22882,42.64905],[-83.22897,42.6492],[-83.22894,42.64944],[-83.22025,42.64971],[-83.21994,42.64574],[-83.2201,42.64284],[-83.22009,42.63949],[-83.22034,42.63867],[-83.22013,42.63786],[-83.2201,42.63738],[-83.22014,42.63636],[-83.22065,42.63535],[-83.22067,42.63487],[-83.22075,42.6348],[-83.22065,42.6337],[-83.219,42.63375],[-83.219,42.63366],[-83.219,42.63375],[-83.20989,42.63401],[-83.21007,42.63768],[-83.21003,42.63816],[-83.20992,42.63853],[-83.20957,42.63907],[-83.20911,42.63947],[-83.20897,42.63936],[-83.20911,42.63947],[-83.20883,42.63965],[-83.20799,42.63997],[-83.20725,42.64008],[-83.20433,42.63982],[-83.20246,42.63987],[-83.20157,42.6401],[-83.19659,42.64196],[-83.19668,42.64215],[-83.19931,42.6412],[-83.19969,42.64191],[-83.20031,42.64275],[-83.20079,42.6431],[-83.20157,42.64349],[-83.20211,42.64353],[-83.20282,42.64336],[-83.20286,42.64344],[-83.20282,42.64336],[-83.20395,42.64309]],[[-83.30135,42.67014],[-83.31082,42.67014],[-83.31082,42.67019],[-83.31082,42.67014],[-83.3156,42.66986],[-83.31667,42.66995],[-83.31669,42.66972],[-83.31675,42.66971],[-83.31669,42.66972],[-83.31665,42.66871],[-83.31908,42.66844],[-83.3195,42.66835],[-83.31976,42.66821],[-83.31992,42.668],[-83.32001,42.66803],[-83.31992,42.668],[-83.32,42.66773],[-83.31984,42.66662],[-83.31999,42.66528],[-83.32007,42.66529],[-83.31999,42.66528],[-83.32003,42.665],[-83.32675,42.66546],[-83.32716,42.66541],[-83.32801,42.66511],[-83.32987,42.66642],[-83.33045,42.666],[-83.33053,42.66605],[-83.33045,42.666],[-83.33386,42.66329],[-83.33464,42.66223],[-83.33487,42.66166],[-83.33498,42.66112],[-83.33499,42.66037],[-83.33487,42.65977],[-83.33468,42.65928],[-83.33426,42.65859],[-83.33457,42.65835],[-83.33474,42.6581],[-83.33472,42.65722],[-83.33482,42.65636],[-83.33467,42.65561],[-83.33473,42.65447],[-83.33458,42.65292],[-83.33334,42.64977],[-83.33254,42.64862],[-83.3326,42.6478],[-83.33319,42.64701],[-83.3334,42.64651],[-83.33337,42.64528],[-83.33355,42.64527],[-83.33346,42.64385],[-83.33315,42.64326],[-83.33299,42.64272],[-83.33285,42.64022],[-83.33272,42.63976],[-83.32547,42.63991],[-83.32404,42.6401],[-83.32277,42.64015],[-83.32269,42.64019],[-83.32262,42.6404],[-83.32285,42.64299],[-83.32304,42.64324],[-83.32327,42.64334],[-83.32576,42.64332],[-83.32607,42.64328],[-83.32623,42.64316],[-83.32607,42.64031],[-83.32595,42.63995],[-83.32553,42.63993],[-83.32383,42.64015],[-83.32189,42.64023],[-83.31843,42.64076],[-83.31619,42.64085],[-83.31619,42.64079],[-83.31619,42.64085],[-83.31451,42.64092],[-83.31451,42.64086],[-83.31451,42.64092],[-83.30964,42.64111],[-83.30925,42.64105],[-83.30928,42.64099],[-83.30925,42.64105],[-83.30913,42.64102],[-83.30349,42.63914],[-83.30078,42.63832],[-83.30081,42.63827],[-83.30078,42.63832],[-83.29996,42.63806],[-83.29946,42.63785],[-83.29924,42.63755],[-83.29619,42.63819],[-83.29487,42.63841],[-83.29485,42.63833],[-83.29487,42.63841],[-83.29269,42.63882],[-83.29159,42.63574],[-83.28838,42.63637],[-83.28851,42.63737],[-83.28757,42.63756],[-83.28755,42.6375],[-83.28757,42.63756],[-83.28678,42.63771],[-83.27752,42.63795],[-83.27751,42.63789],[-83.27752,42.63795],[-83.27497,42.63796],[-83.27228,42.63809],[-83.27227,42.63802],[-83.27228,42.63809],[-83.26893,42.63817],[-83.26915,42.64207],[-83.26937,42.64423],[-83.26974,42.64556],[-83.27076,42.64788],[-83.26596,42.64869],[-83.25432,42.64906],[-83.25424,42.64802],[-83.25364,42.64803],[-83.25364,42.64797],[-83.25364,42.64803],[-83.25337,42.64804],[-83.25311,42.64869],[-83.25316,42.64909],[-83.24825,42.6492],[-83.24712,42.65214],[-83.24609,42.65522],[-83.24605,42.65519],[-83.24574,42.65774],[-83.24568,42.65919],[-83.24575,42.66198],[-83.24639,42.66154],[-83.24668,42.66152],[-83.24674,42.66138],[-83.24716,42.66119],[-83.2488,42.66074],[-83.24834,42.65971],[-83.24981,42.65943],[-83.25069,42.65917],[-83.2511,42.6601],[-83.24793,42.66092],[-83.24765,42.66094],[-83.24663,42.66136],[-83.24494,42.66258],[-83.24472,42.66266],[-83.2431,42.66395],[-83.24283,42.66435],[-83.24271,42.66499],[-83.24237,42.66535],[-83.24052,42.66607],[-83.23972,42.66691],[-83.23904,42.66723],[-83.23846,42.66774],[-83.23797,42.66804],[-83.23495,42.66894],[-83.23236,42.66985],[-83.23189,42.66992],[-83.22965,42.67089],[-83.22781,42.6718],[-83.22675,42.67211],[-83.22594,42.67223],[-83.22069,42.67253],[-83.21905,42.67255],[-83.21868,42.67233],[-83.21833,42.67241],[-83.21827,42.67236],[-83.21833,42.67241],[-83.21819,42.67257],[-83.21816,42.67276],[-83.21825,42.67295],[-83.21845,42.67307],[-83.2187,42.67305],[-83.21902,42.67283],[-83.22042,42.67281],[-83.22057,42.67439],[-83.22074,42.67442],[-83.22088,42.67437],[-83.22003,42.66634],[-83.21977,42.66568],[-83.21815,42.66282],[-83.21777,42.66201],[-83.21744,42.66091],[-83.21732,42.65974],[-83.2174,42.65873],[-83.21787,42.65725],[-83.21836,42.65632],[-83.21988,42.65403],[-83.22013,42.65332],[-83.22025,42.65152],[-83.22025,42.65024],[-83.21994,42.64566],[-83.2201,42.64284],[-83.22009,42.63949],[-83.22034,42.63854],[-83.22013,42.63786],[-83.2201,42.63738],[-83.22014,42.63636],[-83.22065,42.63535],[-83.22067,42.63487],[-83.22075,42.63479],[-83.22065,42.6337],[-83.219,42.63375],[-83.219,42.63366],[-83.219,42.63375],[-83.20989,42.63401],[-83.21007,42.63768],[-83.21003,42.63816],[-83.20992,42.63853],[-83.20957,42.63907],[-83.20911,42.63947],[-83.20897,42.63936],[-83.20911,42.63947],[-83.20883,42.63965],[-83.20799,42.63997],[-83.20725,42.64008],[-83.20411,42.63981],[-83.20233,42.6399],[-83.20137,42.64017],[-83.19661,42.64195],[-83.19671,42.64215],[-83.19934,42.6412],[-83.19969,42.64191],[-83.20031,42.64275],[-83.20079,42.6431],[-83.20157,42.64349],[-83.20211,42.64353],[-83.20282,42.64336],[-83.20286,42.64344],[-83.20282,42.64336],[-83.20395,42.64309]],[[-83.19969,42.64191],[-83.20041,42.64285],[-83.2014,42.64342],[-83.20195,42.64354],[-83.20282,42.64336],[-83.20286,42.64344],[-83.20282,42.64336],[-83.20395,42.64309],[-83.20443,42.64267],[-83.20453,42.64234],[-83.2044,42.64158],[-83.20478,42.63986],[-83.20676,42.64008],[-83.20751,42.64006],[-83.20836,42.63986],[-83.20883,42.63965],[-83.20945,42.6392],[-83.20955,42.63926],[-83.20945,42.6392],[-83.20992,42.63853],[-83.21007,42.63781],[-83.20989,42.63401],[-83.21119,42.63398],[-83.21112,42.63398],[-83.21116,42.6341],[-83.21112,42.63398],[-83.21791,42.63378],[-83.21792,42.63388],[-83.21791,42.63378],[-83.22042,42.6337],[-83.2205,42.63517],[-83.22005,42.63629],[-83.21994,42.63991],[-83.21956,42.64534],[-83.21956,42.64626],[-83.21971,42.64749],[-83.21965,42.64749],[-83.21972,42.64752],[-83.21979,42.64806],[-83.21993,42.64969],[-83.21993,42.65143],[-83.22287,42.65144],[-83.2243,42.65154],[-83.22658,42.6514],[-83.2266,42.65148],[-83.22658,42.6514],[-83.22722,42.65127],[-83.22806,42.65079],[-83.2288,42.65067],[-83.23616,42.65056],[-83.23655,42.65064],[-83.23686,42.65086],[-83.23706,42.65079],[-83.23673,42.65055],[-83.23639,42.65043],[-83.23369,42.65046],[-83.23365,42.64955],[-83.24293,42.64935],[-83.24294,42.64913],[-83.23436,42.64933],[-83.23436,42.64928],[-83.23436,42.64933],[-83.2228,42.64963],[-83.2227,42.64749],[-83.22259,42.64731],[-83.22195,42.64681],[-83.22165,42.64607],[-83.2211,42.64548],[-83.22108,42.64527],[-83.22122,42.64506],[-83.22172,42.64484],[-83.22232,42.64475],[-83.22646,42.64517],[-83.22667,42.64545],[-83.2264,42.64691],[-83.22647,42.64726],[-83.22684,42.64762],[-83.22888,42.64909],[-83.22897,42.64946],[-83.22025,42.64971],[-83.22019,42.64895],[-83.22003,42.64889],[-83.21987,42.64894],[-83.21994,42.65032],[-83.21979,42.65354],[-83.21956,42.65404],[-83.21822,42.65605],[-83.21777,42.65691],[-83.21738,42.65799],[-83.21716,42.65929],[-83.2172,42.66044],[-83.21746,42.66164],[-83.2179,42.66267],[-83.21885,42.66444],[-83.2198,42.66663],[-83.22015,42.66986],[-83.22027,42.67113],[-83.22017,42.67114],[-83.22027,42.67113],[-83.22039,42.67253],[-83.21905,42.67255],[-83.21868,42.67233],[-83.21833,42.67241],[-83.21827,42.67236],[-83.21833,42.67241],[-83.21819,42.67257],[-83.21818,42.67283],[-83.21831,42.673],[-83.21856,42.67309],[-83.21902,42.67283],[-83.22413,42.67258],[-83.22415,42.6728],[-83.22414,42.67258],[-83.22611,42.67245],[-83.22745,42.67219],[-83.22841,42.67181],[-83.2305,42.6708],[-83.23283,42.67],[-83.23311,42.67],[-83.23303,42.6699],[-83.2344,42.66937],[-83.23783,42.66828],[-83.23847,42.668],[-83.23914,42.66755],[-83.23933,42.66731],[-83.23974,42.66639],[-83.24001,42.66611],[-83.24196,42.66533],[-83.24241,42.66481],[-83.24308,42.66434],[-83.24369,42.66367],[-83.24457,42.66299],[-83.245,42.66255],[-83.24632,42.66158],[-83.24658,42.66142],[-83.24668,42.66152],[-83.24692,42.66128],[-83.24882,42.66072],[-83.24833,42.65968],[-83.24981,42.65943],[-83.25071,42.65917],[-83.25108,42.6601],[-83.24765,42.66094],[-83.2468,42.66131],[-83.24574,42.66194],[-83.24575,42.65922],[-83.24583,42.65907],[-83.24575,42.65904],[-83.24574,42.65774],[-83.24598,42.65569],[-83.2462,42.6548],[-83.24632,42.65482],[-83.2462,42.6548],[-83.24637,42.65423],[-83.24727,42.65179],[-83.2474,42.65182],[-83.24727,42.65179],[-83.24825,42.6492],[-83.25429,42.64905],[-83.25422,42.64803],[-83.25365,42.64805],[-83.25364,42.64797],[-83.25365,42.64805],[-83.25336,42.64806],[-83.25312,42.64865],[-83.25314,42.64908],[-83.26374,42.64875],[-83.26377,42.64894],[-83.26376,42.64877],[-83.26621,42.64866],[-83.27076,42.64788],[-83.27068,42.64765],[-83.27078,42.64764],[-83.27068,42.64765],[-83.26974,42.64556],[-83.26937,42.64423],[-83.26921,42.64221],[-83.2693,42.6422],[-83.26921,42.64221],[-83.26909,42.641],[-83.26893,42.63817],[-83.26935,42.63816],[-83.26936,42.63825],[-83.26935,42.63816],[-83.27223,42.63809],[-83.27224,42.63824],[-83.27223,42.63809],[-83.27516,42.638],[-83.2754,42.638],[-83.2754,42.63806],[-83.2754,42.638],[-83.27741,42.63795],[-83.27762,42.63795],[-83.27762,42.63803],[-83.27762,42.63795],[-83.28278,42.63782],[-83.28279,42.63791],[-83.28278,42.63782],[-83.28649,42.63773],[-83.2876,42.63756],[-83.28762,42.63767],[-83.2876,42.63756],[-83.29193,42.6367],[-83.29159,42.63574],[-83.29025,42.636],[-83.29066,42.63721],[-83.2906,42.63722],[-83.29066,42.63721],[-83.29132,42.63906],[-83.29504,42.63837],[-83.29509,42.63845],[-83.29506,42.63837],[-83.29758,42.63788],[-83.29763,42.63799],[-83.29758,42.63788],[-83.29924,42.63755],[-83.2994,42.6378],[-83.2997,42.63797],[-83.29966,42.63803],[-83.2997,42.63797],[-83.30458,42.63953],[-83.30456,42.63958],[-83.30458,42.63953],[-83.3095,42.64109],[-83.30949,42.64118],[-83.3095,42.64109],[-83.31485,42.64091],[-83.31486,42.641],[-83.31485,42.64091],[-83.31804,42.64077],[-83.31805,42.64087],[-83.31804,42.64077],[-83.3193,42.64067],[-83.32175,42.64027],[-83.32272,42.64022],[-83.32286,42.64305],[-83.32329,42.64335],[-83.32615,42.64329],[-83.32594,42.63996],[-83.33269,42.63983],[-83.33281,42.64041],[-83.3329,42.64279],[-83.33327,42.64377],[-83.33331,42.64409],[-83.3334,42.64651],[-83.33312,42.64713],[-83.33252,42.64796],[-83.33242,42.64835],[-83.33252,42.64874],[-83.33245,42.64875],[-83.33253,42.64874],[-83.33324,42.64973],[-83.3345,42.65317],[-83.33451,42.65341],[-83.33439,42.65342],[-83.33451,42.65341],[-83.33462,42.65609],[-83.33452,42.65627],[-83.33463,42.65627],[-83.33465,42.65672],[-83.33467,42.65784],[-83.33461,42.65809],[-83.3342,42.65852],[-83.33213,42.65952],[-83.32772,42.65979],[-83.32727,42.65961],[-83.32698,42.65931],[-83.32685,42.65826],[-83.32662,42.65784],[-83.32472,42.65638],[-83.32458,42.6561],[-83.32453,42.65552],[-83.32451,42.65488],[-83.32807,42.65479],[-83.32852,42.65484],[-83.32888,42.655],[-83.32916,42.65527],[-83.32927,42.65554],[-83.32937,42.65703],[-83.32958,42.65759],[-83.32961,42.65827],[-83.32983,42.65845],[-83.32962,42.65846],[-83.32967,42.6597],[-83.33213,42.65952],[-83.33426,42.65859],[-83.33468,42.65928],[-83.33487,42.65977],[-83.33499,42.66037],[-83.33498,42.66112],[-83.33487,42.66166],[-83.33464,42.66223],[-83.33386,42.66329],[-83.33054,42.66593],[-83.33031,42.6661],[-83.33025,42.66606],[-83.33031,42.6661],[-83.33002,42.66632],[-83.32818,42.66505],[-83.32748,42.66532],[-83.32685,42.66543],[-83.32003,42.665],[-83.31995,42.66566],[-83.31977,42.66565],[-83.31995,42.66566],[-83.31984,42.66662],[-83.3199,42.6671],[-83.31972,42.66712],[-83.3199,42.6671],[-83.31995,42.66736],[-83.32,42.66773],[-83.31986,42.66809],[-83.3195,42.66835],[-83.31908,42.66844],[-83.31665,42.66871],[-83.31667,42.66995],[-83.31524,42.66986],[-83.31036,42.67017],[-83.30045,42.67009],[-83.30033,42.67014],[-83.30027,42.67035]],[[-83.19969,42.64191],[-83.20041,42.64285],[-83.2014,42.64342],[-83.20195,42.64354],[-83.20282,42.64336],[-83.20286,42.64344],[-83.20282,42.64336],[-83.20395,42.64309],[-83.20443,42.64267],[-83.20453,42.64234],[-83.2044,42.64158],[-83.20478,42.63986],[-83.20676,42.64008],[-83.20751,42.64006],[-83.20836,42.63986],[-83.20883,42.63965],[-83.20945,42.6392],[-83.20955,42.63926],[-83.20945,42.6392],[-83.20992,42.63853],[-83.21007,42.63781],[-83.20989,42.63401],[-83.21112,42.63398],[-83.21116,42.6341],[-83.21112,42.63398],[-83.21791,42.63378],[-83.21792,42.63388],[-83.21791,42.63378],[-83.22042,42.6337],[-83.2205,42.63517],[-83.22005,42.63629],[-83.21994,42.63991],[-83.21956,42.64534],[-83.21956,42.64626],[-83.21971,42.64749],[-83.21965,42.64749],[-83.21972,42.64752],[-83.21979,42.64806],[-83.21993,42.64969],[-83.21993,42.65143],[-83.22287,42.65144],[-83.2243,42.65154],[-83.22658,42.6514],[-83.2266,42.65148],[-83.22658,42.6514],[-83.22722,42.65127],[-83.22806,42.65079],[-83.2288,42.65067],[-83.23616,42.65056],[-83.23655,42.65064],[-83.23686,42.65086],[-83.23706,42.65079],[-83.23673,42.65055],[-83.23639,42.65043],[-83.23369,42.65046],[-83.23365,42.64955],[-83.24293,42.64935],[-83.24294,42.64913],[-83.23436,42.64933],[-83.23436,42.64928],[-83.23436,42.64933],[-83.2228,42.64963],[-83.2227,42.64749],[-83.22259,42.64731],[-83.22195,42.64681],[-83.22165,42.64607],[-83.2211,42.64548],[-83.22108,42.64527],[-83.22122,42.64506],[-83.22172,42.64484],[-83.22232,42.64475],[-83.22646,42.64517],[-83.22667,42.64545],[-83.2264,42.64691],[-83.22647,42.64726],[-83.22684,42.64762],[-83.22888,42.64909],[-83.22897,42.64946],[-83.22025,42.64971],[-83.22019,42.64895],[-83.22003,42.64889],[-83.21987,42.64894],[-83.21994,42.65032],[-83.21979,42.65354],[-83.21956,42.65404],[-83.21822,42.65605],[-83.21777,42.65691],[-83.21738,42.65799],[-83.21716,42.65929],[-83.2172,42.66044],[-83.21746,42.66164],[-83.2179,42.66267],[-83.21885,42.66444],[-83.2198,42.66663],[-83.22015,42.66986],[-83.22027,42.67113],[-83.22017,42.67114],[-83.22027,42.67113],[-83.22039,42.67253],[-83.21905,42.67255],[-83.21868,42.67233],[-83.21833,42.67241],[-83.21827,42.67236],[-83.21833,42.67241],[-83.21819,42.67257],[-83.21818,42.67283],[-83.21831,42.673],[-83.21856,42.67309],[-83.21902,42.67283],[-83.22413,42.67258],[-83.22415,42.6728],[-83.22414,42.67258],[-83.22611,42.67245],[-83.22745,42.67219],[-83.22841,42.67181],[-83.2305,42.6708],[-83.23283,42.67],[-83.23311,42.67],[-83.23303,42.6699],[-83.2344,42.66937],[-83.23783,42.66828],[-83.23847,42.668],[-83.23914,42.66755],[-83.23933,42.66731],[-83.23974,42.66639],[-83.24001,42.66611],[-83.24196,42.66533],[-83.24241,42.66481],[-83.24308,42.66434],[-83.24369,42.66367],[-83.24457,42.66299],[-83.245,42.66255],[-83.24632,42.66158],[-83.24658,42.66142],[-83.24668,42.66152],[-83.24658,42.66142],[-83.24732,42.66111],[-83.2511,42.6601],[-83.2507,42.65916],[-83.24979,42.65937],[-83.24981,42.65943],[-83.24979,42.65937],[-83.2507,42.65916],[-83.2511,42.6601],[-83.24768,42.66101],[-83.24765,42.66094],[-83.24768,42.66101],[-83.2467,42.66135],[-83.24575,42.66198],[-83.24575,42.65904],[-83.24583,42.65907],[-83.24575,42.65904],[-83.24574,42.65774],[-83.24598,42.65569],[-83.2462,42.6548],[-83.24632,42.65482],[-83.2462,42.6548],[-83.24637,42.65423],[-83.24727,42.65179],[-83.2474,42.65182],[-83.24727,42.65179],[-83.24825,42.6492],[-83.25429,42.64905],[-83.25422,42.64803],[-83.25365,42.64805],[-83.25364,42.64797],[-83.25365,42.64805],[-83.25336,42.64806],[-83.25312,42.64865],[-83.25314,42.64908],[-83.26374,42.64875],[-83.26377,42.64894],[-83.26378,42.64875],[-83.26621,42.64866],[-83.27076,42.64788],[-83.27068,42.64765],[-83.27078,42.64764],[-83.27068,42.64765],[-83.26974,42.64556],[-83.26937,42.64423],[-83.26921,42.64221],[-83.2693,42.6422],[-83.26921,42.64221],[-83.26909,42.641],[-83.26893,42.63817],[-83.26935,42.63816],[-83.26936,42.63825],[-83.26935,42.63816],[-83.27223,42.63809],[-83.27224,42.63824],[-83.27223,42.63809],[-83.27516,42.638],[-83.2754,42.638],[-83.2754,42.63806],[-83.2754,42.638],[-83.27741,42.63795],[-83.27762,42.63795],[-83.27762,42.63803],[-83.27762,42.63795],[-83.28278,42.63782],[-83.28279,42.63791],[-83.28278,42.63782],[-83.28649,42.63773],[-83.2876,42.63756],[-83.28762,42.63767],[-83.2876,42.63756],[-83.29193,42.6367],[-83.29159,42.63574],[-83.29025,42.636],[-83.29066,42.63721],[-83.2906,42.63722],[-83.29066,42.63721],[-83.29132,42.63906],[-83.29504,42.63837],[-83.29509,42.63845],[-83.29516,42.63843],[-83.29513,42.63836],[-83.29758,42.63788],[-83.29763,42.63799],[-83.29758,42.63788],[-83.29924,42.63755],[-83.2994,42.6378],[-83.2997,42.63797],[-83.29966,42.63803],[-83.2997,42.63797],[-83.30458,42.63953],[-83.30456,42.63958],[-83.30458,42.63953],[-83.3095,42.64109],[-83.30949,42.64118],[-83.3095,42.64109],[-83.31485,42.64091],[-83.31486,42.641],[-83.31485,42.64091],[-83.31804,42.64077],[-83.31805,42.64087],[-83.31804,42.64077],[-83.3193,42.64067],[-83.32175,42.64027],[-83.32272,42.64022],[-83.32286,42.64305],[-83.32329,42.64335],[-83.32615,42.64329],[-83.32594,42.63996],[-83.33269,42.63983],[-83.33281,42.64041],[-83.3329,42.64279],[-83.33327,42.64377],[-83.33331,42.64409],[-83.33342,42.64625],[-83.33332,42.64677],[-83.33253,42.64794],[-83.33242,42.64835],[-83.33252,42.64874],[-83.33245,42.64875],[-83.33253,42.64874],[-83.33324,42.64973],[-83.3345,42.65317],[-83.33451,42.65341],[-83.33439,42.65342],[-83.33451,42.65341],[-83.33463,42.65627],[-83.33452,42.65627],[-83.33463,42.65627],[-83.33467,42.65784],[-83.33454,42.65821],[-83.3342,42.65852],[-83.33481,42.65959],[-83.33501,42.66064],[-83.33496,42.66125],[-83.33478,42.66191],[-83.33439,42.66265],[-83.33386,42.66329],[-83.33054,42.66593],[-83.33031,42.6661],[-83.33025,42.66606],[-83.33031,42.6661],[-83.33002,42.66632],[-83.32818,42.66505],[-83.32716,42.66541],[-83.32675,42.66543],[-83.32003,42.665],[-83.31995,42.66566],[-83.31977,42.66565],[-83.31995,42.66566],[-83.31984,42.66662],[-83.3199,42.6671],[-83.31972,42.66712],[-83.3199,42.6671],[-83.31995,42.66736],[-83.32,42.66773],[-83.31986,42.66809],[-83.3195,42.66835],[-83.31908,42.66844],[-83.31665,42.66871],[-83.31667,42.66995],[-83.31524,42.66986],[-83.31036,42.67017],[-83.30043,42.6701],[-83.30044,42.67023],[-83.30027,42.67035]],[[-83.19969,42.64191],[-83.20041,42.64285],[-83.2014,42.64342],[-83.20195,42.64354],[-83.20282,42.64336],[-83.20286,42.64344],[-83.20282,42.64336],[-83.20395,42.64309],[-83.20443,42.64267],[-83.20453,42.64234],[-83.2044,42.64158],[-83.20478,42.63986],[-83.20676,42.64008],[-83.20751,42.64006],[-83.20836,42.63986],[-83.20883,42.63965],[-83.20945,42.6392],[-83.20955,42.63926],[-83.20945,42.6392],[-83.20992,42.63853],[-83.21007,42.63781],[-83.20989,42.63401],[-83.21112,42.63398],[-83.21116,42.6341],[-83.21112,42.63398],[-83.21791,42.63378],[-83.21792,42.63388],[-83.21791,42.63378],[-83.22042,42.6337],[-83.2205,42.63517],[-83.22005,42.63629],[-83.21994,42.63991],[-83.21956,42.64534],[-83.21965,42.64749],[-83.21997,42.65019],[-83.21984,42.65162],[-83.21983,42.65329],[-83.21963,42.65392],[-83.21822,42.65605],[-83.21777,42.65691],[-83.21738,42.65799],[-83.21715,42.65949],[-83.2172,42.66044],[-83.21746,42.66164],[-83.21771,42.66228],[-83.21868,42.66409],[-83.21958,42.66604],[-83.2198,42.66663],[-83.21991,42.66754],[-83.22027,42.67113],[-83.22017,42.67114],[-83.22027,42.67113],[-83.22039,42.67253],[-83.21905,42.67255],[-83.21868,42.67233],[-83.21833,42.67241],[-83.21827,42.67236],[-83.21833,42.67241],[-83.21819,42.67257],[-83.21818,42.67283],[-83.21831,42.673],[-83.21856,42.67309],[-83.21902,42.67283],[-83.22413,42.67258],[-83.22415,42.6728],[-83.22414,42.67258],[-83.22611,42.67245],[-83.22745,42.67219],[-83.22841,42.67181],[-83.2305,42.6708],[-83.23283,42.67],[-83.23311,42.67],[-83.23303,42.6699],[-83.2344,42.66937],[-83.23783,42.66828],[-83.23847,42.668],[-83.23914,42.66755],[-83.23933,42.66731],[-83.23974,42.66639],[-83.24001,42.66611],[-83.24196,42.66533],[-83.24241,42.66481],[-83.24308,42.66434],[-83.24369,42.66367],[-83.24457,42.66299],[-83.245,42.66255],[-83.24632,42.66158],[-83.24658,42.66142],[-83.24668,42.66152],[-83.24665,42.66139],[-83.24704,42.66123],[-83.24883,42.66072],[-83.24835,42.65973],[-83.25071,42.65921],[-83.2511,42.66011],[-83.24784,42.66095],[-83.24765,42.66094],[-83.24651,42.66142],[-83.24578,42.66195],[-83.24583,42.65907],[-83.24573,42.65838],[-83.24574,42.65774],[-83.24598,42.65569],[-83.2462,42.6548],[-83.24632,42.65482],[-83.2462,42.6548],[-83.24637,42.65423],[-83.24727,42.65179],[-83.2474,42.65182],[-83.24727,42.65179],[-83.24825,42.6492],[-83.25429,42.64905],[-83.25422,42.64803],[-83.25365,42.64805],[-83.25364,42.64797],[-83.25365,42.64805],[-83.25336,42.64806],[-83.25312,42.64865],[-83.25314,42.64908],[-83.26374,42.64875],[-83.26377,42.64894],[-83.26376,42.64877],[-83.26621,42.64866],[-83.27076,42.64788],[-83.27068,42.64765],[-83.27078,42.64764],[-83.27068,42.64765],[-83.26974,42.64556],[-83.26937,42.64423],[-83.26921,42.64221],[-83.2693,42.6422],[-83.26921,42.64221],[-83.26909,42.641],[-83.26893,42.63817],[-83.26935,42.63816],[-83.26936,42.63825],[-83.26935,42.63816],[-83.27223,42.63809],[-83.27224,42.63824],[-83.27223,42.63809],[-83.27516,42.638],[-83.2754,42.638],[-83.2754,42.63806],[-83.2754,42.638],[-83.27741,42.63795],[-83.27762,42.63795],[-83.27762,42.63803],[-83.27762,42.63795],[-83.28278,42.63782],[-83.28279,42.63791],[-83.28278,42.63782],[-83.28649,42.63773],[-83.2876,42.63756],[-83.28762,42.63767],[-83.2876,42.63756],[-83.29193,42.6367],[-83.29159,42.63574],[-83.29025,42.636],[-83.29066,42.63721],[-83.2906,42.63722],[-83.29066,42.63721],[-83.29132,42.63906],[-83.29504,42.63837],[-83.29509,42.63845],[-83.29516,42.63843],[-83.29513,42.63836],[-83.29758,42.63788],[-83.29763,42.63799],[-83.29758,42.63788],[-83.29924,42.63755],[-83.2994,42.6378],[-83.2997,42.63797],[-83.29966,42.63803],[-83.2997,42.63797],[-83.30458,42.63953],[-83.30456,42.63958],[-83.30458,42.63953],[-83.3095,42.64109],[-83.30949,42.64118],[-83.3095,42.64109],[-83.31485,42.64091],[-83.31486,42.641],[-83.31485,42.64091],[-83.31804,42.64077],[-83.31805,42.64087],[-83.31804,42.64077],[-83.3193,42.64067],[-83.32175,42.64027],[-83.32272,42.64022],[-83.32286,42.64305],[-83.32329,42.64335],[-83.32615,42.64329],[-83.32594,42.63996],[-83.33269,42.63983],[-83.33281,42.64041],[-83.3329,42.64279],[-83.33327,42.64377],[-83.33331,42.64409],[-83.33342,42.64625],[-83.33332,42.64677],[-83.33253,42.64794],[-83.33242,42.64835],[-83.33252,42.64874],[-83.33245,42.64875],[-83.33253,42.64874],[-83.33324,42.64973],[-83.3345,42.65317],[-83.33451,42.65341],[-83.33439,42.65342],[-83.33451,42.65341],[-83.33462,42.65609],[-83.33452,42.65627],[-83.33463,42.65627],[-83.33467,42.65784],[-83.33454,42.65821],[-83.3342,42.65852],[-83.33481,42.65959],[-83.33501,42.66064],[-83.33496,42.66125],[-83.33478,42.66191],[-83.33439,42.66265],[-83.33386,42.66329],[-83.33054,42.66593],[-83.33031,42.6661],[-83.33025,42.66606],[-83.33031,42.6661],[-83.33002,42.66632],[-83.32818,42.66505],[-83.32748,42.66532],[-83.32685,42.66543],[-83.32003,42.665],[-83.31995,42.66566],[-83.31977,42.66565],[-83.31995,42.66566],[-83.31984,42.66662],[-83.3199,42.6671],[-83.31972,42.66712],[-83.3199,42.6671],[-83.31995,42.66736],[-83.32,42.66773],[-83.31986,42.66809],[-83.3195,42.66835],[-83.31908,42.66844],[-83.31665,42.66871],[-83.31667,42.66995],[-83.31524,42.66986],[-83.31036,42.67017],[-83.30058,42.67009],[-83.30035,42.67013],[-83.30027,42.67035]]]}},{"type":"Feature","properties":{"agency":"smart","agency_label":"SMART","route":"805","name":"Grand River P&R","route_type":3},"geometry":{"type":"MultiLineString","coordinates":[[[-83.51412,42.49493],[-83.51426,42.49495],[-83.51444,42.49513],[-83.51428,42.49554],[-83.51291,42.49479],[-83.512,42.49456],[-83.51078,42.49455],[-83.49041,42.49522],[-83.48965,42.49514],[-83.47627,42.49538],[-83.47612,42.49322],[-83.47619,42.49167],[-83.47599,42.48851],[-83.47591,42.48527],[-83.47578,42.48514],[-83.47559,42.48081],[-83.47496,42.48067],[-83.47499,42.4806],[-83.47496,42.48067],[-83.47417,42.48051],[-83.46925,42.47941],[-83.46928,42.47935],[-83.46925,42.47941],[-83.46727,42.47899],[-83.46252,42.47787],[-83.45705,42.47669],[-83.45685,42.47664],[-83.45687,42.47658],[-83.45685,42.47664],[-83.44759,42.47455],[-83.44589,42.47416],[-83.44592,42.47409],[-83.44589,42.47416],[-83.44554,42.47409],[-83.43904,42.47259],[-83.43509,42.47177],[-83.43508,42.47125],[-83.43514,42.47125],[-83.43508,42.47125],[-83.43494,42.46799],[-83.43426,42.46802],[-83.43426,42.46796],[-83.43426,42.46802],[-83.43399,42.46803],[-83.42679,42.46826],[-83.42679,42.4682],[-83.42679,42.46826],[-83.42137,42.46843],[-83.41869,42.46822],[-83.41567,42.46857],[-83.4159,42.47248],[-83.41621,42.47248],[-83.41732,42.47244],[-83.4159,42.47248],[-83.41581,42.47083],[-83.4159,42.47082],[-83.41581,42.47083],[-83.41567,42.46857],[-83.3962,42.46907],[-83.38568,42.46862],[-83.38417,42.46835],[-83.37783,42.46557],[-83.37648,42.4649],[-83.37645,42.46446],[-83.37651,42.46446],[-83.37645,42.46446],[-83.37635,42.46289],[-83.37608,42.45746],[-83.37615,42.45747],[-83.37608,42.45746],[-83.37596,42.45508],[-83.37075,42.45518],[-83.36756,42.45463],[-83.34723,42.45072],[-83.34614,42.45054],[-83.34355,42.45031],[-83.34127,42.44979],[-83.33995,42.44934],[-83.29716,42.43219],[-83.29713,42.43144],[-83.2972,42.43144],[-83.29713,42.43144],[-83.297,42.42759],[-83.29707,42.42759],[-83.297,42.42759],[-83.2969,42.42493],[-83.29696,42.42493],[-83.29689,42.42485],[-83.29679,42.42271],[-83.29687,42.42271],[-83.29679,42.42271],[-83.29672,42.42099],[-83.29679,42.42099],[-83.29672,42.42099],[-83.29665,42.41908],[-83.29665,42.41895],[-83.29672,42.41895],[-83.29665,42.41895],[-83.29664,42.41885],[-83.29654,42.4161],[-83.29663,42.4161],[-83.29654,42.4161],[-83.29644,42.41369],[-83.29653,42.41369],[-83.29644,42.41369],[-83.29624,42.40859],[-83.29629,42.40859],[-83.29624,42.40859],[-83.29623,42.40833],[-83.29615,42.40607],[-83.29623,42.40607],[-83.29615,42.40607],[-83.29602,42.40284],[-83.29607,42.4028],[-83.29601,42.40267],[-83.29585,42.39913],[-83.29585,42.39901],[-83.29593,42.39901],[-83.29585,42.39901],[-83.29581,42.398],[-83.2959,42.398],[-83.29581,42.398],[-83.29568,42.39488],[-83.29575,42.39488],[-83.29568,42.39488],[-83.29561,42.39324],[-83.29541,42.3854],[-83.29639,42.38544],[-83.29644,42.38459],[-83.29294,42.3845],[-83.28322,42.38478],[-83.27842,42.38477],[-83.27624,42.38484],[-83.27514,42.38488],[-83.27066,42.38538],[-83.27046,42.38548],[-83.26809,42.38562],[-83.26275,42.38562],[-83.25598,42.3854],[-83.24536,42.38543],[-83.24448,42.38532],[-83.2435,42.38509],[-83.24235,42.38466],[-83.24156,42.38424],[-83.23693,42.3804],[-83.23513,42.37925],[-83.23404,42.37868],[-83.23288,42.37827],[-83.23157,42.37801],[-83.22926,42.37787],[-83.227,42.37786],[-83.22448,42.37799],[-83.22007,42.37851],[-83.21804,42.37863],[-83.21152,42.37868],[-83.20384,42.37904],[-83.1926,42.37915],[-83.19138,42.37935],[-83.19057,42.37959],[-83.18529,42.38151],[-83.18323,42.38209],[-83.16996,42.38495],[-83.16762,42.3852],[-83.16456,42.38528],[-83.15629,42.38523],[-83.15468,42.38511],[-83.15359,42.38493],[-83.15156,42.38437],[-83.14982,42.38362],[-83.14863,42.3829],[-83.14804,42.38242],[-83.1475,42.38187],[-83.14705,42.38125],[-83.14653,42.38015],[-83.14635,42.37928],[-83.14648,42.375],[-83.14636,42.37389],[-83.14611,42.37294],[-83.14565,42.37189],[-83.14484,42.37064],[-83.14393,42.36966],[-83.14288,42.36888],[-83.14157,42.36823],[-83.12578,42.36236],[-83.1168,42.35874],[-83.11458,42.35774],[-83.10928,42.35516],[-83.10777,42.35462],[-83.10523,42.35387],[-83.10386,42.35334],[-83.1026,42.35273],[-83.10094,42.35166],[-83.0995,42.35038],[-83.09831,42.34887],[-83.0912,42.33682],[-83.09079,42.33624],[-83.08997,42.33518],[-83.08984,42.33515],[-83.08809,42.33335],[-83.08754,42.33292],[-83.08676,42.33249],[-83.0851,42.33198],[-83.08318,42.33183],[-83.07705,42.33222],[-83.07556,42.33217],[-83.07426,42.33234],[-83.07286,42.33278],[-83.07266,42.33256],[-83.07199,42.33139],[-83.064,42.33143],[-83.06044,42.33165],[-83.05675,42.33166],[-83.05675,42.3316],[-83.05675,42.33166],[-83.05471,42.33167],[-83.05471,42.33156],[-83.05471,42.33167],[-83.05431,42.33168],[-83.04955,42.33162],[-83.04826,42.33167],[-83.04608,42.32906],[-83.04452,42.32974],[-83.04446,42.32967],[-83.04452,42.32974],[-83.04124,42.33115],[-83.04119,42.33109],[-83.04123,42.33116],[-83.04033,42.33154],[-83.03971,42.3306],[-83.03901,42.33079],[-83.03875,42.33095],[-83.03664,42.33149],[-83.03608,42.33177],[-83.03536,42.33262],[-83.03622,42.33421],[-83.03741,42.33602],[-83.03837,42.3356],[-83.03817,42.33518]],[[-83.03817,42.33518],[-83.03809,42.33521],[-83.03789,42.33492],[-83.03628,42.33244],[-83.03898,42.33128],[-83.03912,42.33111],[-83.04021,42.3307],[-83.04026,42.33076],[-83.04021,42.3307],[-83.04416,42.329],[-83.04419,42.32911],[-83.04416,42.329],[-83.04491,42.32865],[-83.04524,42.32859],[-83.04528,42.32864],[-83.04524,42.32859],[-83.0456,42.32844],[-83.04627,42.32931],[-83.04618,42.32935],[-83.04627,42.32931],[-83.04744,42.33075],[-83.04982,42.32969],[-83.05069,42.33081],[-83.05067,42.33096],[-83.05073,42.33095],[-83.05086,42.33132],[-83.05078,42.33168],[-83.05191,42.33167],[-83.05185,42.33176],[-83.05732,42.3317],[-83.05939,42.33522],[-83.05812,42.33564],[-83.05801,42.33576],[-83.05795,42.33602],[-83.05993,42.33681],[-83.06263,42.33595],[-83.06467,42.33543],[-83.06481,42.33533],[-83.07159,42.33386],[-83.07504,42.33284],[-83.07609,42.33262],[-83.0777,42.33252],[-83.07932,42.33265],[-83.08177,42.33298],[-83.08457,42.33299],[-83.08578,42.33318],[-83.08678,42.33352],[-83.08781,42.33409],[-83.08988,42.33565],[-83.09073,42.33656],[-83.09829,42.34929],[-83.09973,42.35094],[-83.10065,42.35172],[-83.10174,42.35248],[-83.10339,42.35337],[-83.10433,42.35377],[-83.10899,42.35527],[-83.11501,42.35818],[-83.11693,42.35902],[-83.12514,42.36234],[-83.14163,42.36848],[-83.1427,42.36903],[-83.14337,42.36949],[-83.14439,42.37046],[-83.14517,42.37154],[-83.14569,42.37256],[-83.14596,42.37335],[-83.14621,42.37499],[-83.14609,42.37938],[-83.14637,42.38047],[-83.14685,42.38139],[-83.14736,42.38207],[-83.14802,42.38271],[-83.14963,42.38376],[-83.1515,42.38457],[-83.15366,42.38515],[-83.15628,42.38543],[-83.16461,42.38548],[-83.16664,42.38544],[-83.16932,42.38521],[-83.1712,42.38489],[-83.18333,42.38224],[-83.18527,42.38169],[-83.19108,42.37961],[-83.19265,42.37931],[-83.20376,42.37921],[-83.21031,42.3789],[-83.2179,42.3788],[-83.21973,42.37871],[-83.22527,42.37811],[-83.22858,42.37803],[-83.23085,42.37812],[-83.23214,42.37828],[-83.233,42.3785],[-83.23412,42.37893],[-83.23616,42.3801],[-83.23721,42.38085],[-83.24075,42.38389],[-83.24158,42.38447],[-83.24239,42.38488],[-83.24337,42.38524],[-83.24504,42.38558],[-83.25597,42.3856],[-83.26294,42.38582],[-83.26853,42.3858],[-83.26881,42.38589],[-83.27312,42.3858],[-83.2745,42.38587],[-83.27805,42.38581],[-83.2886,42.38549],[-83.28874,42.38534],[-83.28872,42.38489],[-83.28854,42.38465],[-83.2808,42.3848],[-83.28086,42.38568],[-83.29541,42.3854],[-83.29542,42.3858],[-83.29551,42.38585],[-83.29542,42.3858],[-83.29551,42.38984],[-83.29537,42.38984],[-83.29551,42.38984],[-83.29568,42.39492],[-83.29561,42.39492],[-83.29568,42.39492],[-83.29569,42.39508],[-83.29583,42.39853],[-83.29572,42.39853],[-83.29583,42.39853],[-83.2959,42.39983],[-83.2959,42.40003],[-83.29577,42.40003],[-83.29577,42.4001],[-83.29577,42.40003],[-83.2959,42.40003],[-83.29601,42.40267],[-83.2959,42.40265],[-83.29601,42.40267],[-83.29602,42.40284],[-83.29615,42.40589],[-83.29615,42.40611],[-83.29604,42.40611],[-83.29615,42.40611],[-83.29625,42.40865],[-83.29614,42.40866],[-83.29625,42.40865],[-83.29648,42.41448],[-83.29649,42.41484],[-83.29636,42.41484],[-83.29649,42.41484],[-83.29662,42.41805],[-83.29662,42.41824],[-83.2965,42.41825],[-83.29662,42.41824],[-83.29674,42.4215],[-83.29663,42.42151],[-83.29674,42.4215],[-83.29676,42.42184],[-83.2969,42.42494],[-83.29677,42.42495],[-83.2969,42.42494],[-83.29698,42.42727],[-83.29688,42.42728],[-83.29698,42.42727],[-83.29706,42.42917],[-83.29693,42.42917],[-83.29706,42.42917],[-83.29714,42.43172],[-83.29709,42.43172],[-83.29714,42.43172],[-83.29716,42.43219],[-83.29607,42.43175],[-83.2958,42.43179],[-83.29571,42.43185],[-83.2957,42.43198],[-83.29865,42.43316],[-83.2986,42.43324],[-83.29865,42.43316],[-83.30039,42.43386],[-83.30035,42.43393],[-83.30039,42.43386],[-83.30359,42.43514],[-83.30354,42.43521],[-83.30359,42.43514],[-83.3062,42.43619],[-83.30615,42.43626],[-83.3062,42.43619],[-83.30921,42.43739],[-83.30954,42.43754],[-83.30949,42.43761],[-83.30955,42.43754],[-83.31249,42.43872],[-83.31244,42.43878],[-83.31249,42.43872],[-83.31498,42.43973],[-83.31492,42.43981],[-83.31498,42.43973],[-83.31818,42.44101],[-83.31813,42.44107],[-83.31818,42.44101],[-83.32082,42.44203],[-83.32202,42.44253],[-83.32198,42.44259],[-83.32202,42.44253],[-83.32507,42.44375],[-83.325,42.44385],[-83.32507,42.44375],[-83.3281,42.44496],[-83.32804,42.44504],[-83.3281,42.44496],[-83.3313,42.44625],[-83.33125,42.44633],[-83.3313,42.44625],[-83.334,42.44733],[-83.33395,42.4474],[-83.334,42.44733],[-83.33731,42.44866],[-83.33725,42.44871],[-83.33732,42.44871],[-83.33732,42.44897],[-83.33746,42.44893],[-83.33764,42.44901],[-83.33763,42.44878],[-83.33862,42.44919],[-83.33857,42.44924],[-83.33862,42.44919],[-83.34053,42.44993],[-83.34048,42.45],[-83.34053,42.44993],[-83.34279,42.45069],[-83.34283,42.45078],[-83.34657,42.45227],[-83.34713,42.45251],[-83.34709,42.45255],[-83.34713,42.45251],[-83.34913,42.45335],[-83.34945,42.45342],[-83.34938,42.4535],[-83.34945,42.45342],[-83.35309,42.45494],[-83.35346,42.45462],[-83.35356,42.45473],[-83.35346,42.45462],[-83.35504,42.45342],[-83.35561,42.45284],[-83.36764,42.45518],[-83.37603,42.45653],[-83.37648,42.4649],[-83.37704,42.46516],[-83.37699,42.46522],[-83.37704,42.46516],[-83.37887,42.46599],[-83.3788,42.46607],[-83.37887,42.46599],[-83.38032,42.46664],[-83.38025,42.46672],[-83.38032,42.46664],[-83.3837,42.46818],[-83.3848,42.4685],[-83.38476,42.4686],[-83.3848,42.4685],[-83.38649,42.46866],[-83.38648,42.46877],[-83.38649,42.46866],[-83.39194,42.4689],[-83.39193,42.46901],[-83.39194,42.4689],[-83.39721,42.46906],[-83.39721,42.46921],[-83.39721,42.46906],[-83.40067,42.46898],[-83.40067,42.46908],[-83.40067,42.46898],[-83.40082,42.46897],[-83.40342,42.4689],[-83.40342,42.46901],[-83.40342,42.4689],[-83.40639,42.46883],[-83.4064,42.46892],[-83.40639,42.46883],[-83.40813,42.46878],[-83.40845,42.46878],[-83.40845,42.46892],[-83.40845,42.46878],[-83.40855,42.46877],[-83.41427,42.46863],[-83.41421,42.46873],[-83.41427,42.46863],[-83.41567,42.46857],[-83.4159,42.47248],[-83.41621,42.47248],[-83.41724,42.47246],[-83.4159,42.47248],[-83.41581,42.47083],[-83.4159,42.47082],[-83.41581,42.47083],[-83.41567,42.46857],[-83.41869,42.46822],[-83.42076,42.46842],[-83.42075,42.46854],[-83.42076,42.46842],[-83.42137,42.46843],[-83.422,42.46879],[-83.42347,42.46912],[-83.42342,42.46924],[-83.42347,42.46912],[-83.42721,42.46997],[-83.42717,42.47008],[-83.42721,42.46997],[-83.4298,42.47057],[-83.42976,42.47066],[-83.4298,42.47057],[-83.43243,42.47114],[-83.43282,42.47124],[-83.43278,42.47134],[-83.43282,42.47124],[-83.4331,42.4713],[-83.43651,42.47206],[-83.43648,42.47213],[-83.43651,42.47206],[-83.4394,42.47271],[-83.43937,42.4728],[-83.4394,42.47271],[-83.44576,42.47413],[-83.44572,42.4742],[-83.44576,42.47413],[-83.44604,42.47419],[-83.4562,42.47648],[-83.45735,42.47675],[-83.45731,42.47685],[-83.45735,42.47675],[-83.46319,42.47811],[-83.46964,42.47949],[-83.46961,42.47957],[-83.46964,42.47949],[-83.47378,42.48046],[-83.47557,42.48081],[-83.47564,42.48218],[-83.47548,42.48218],[-83.47564,42.48218],[-83.47574,42.48379],[-83.4758,42.48514],[-83.4757,42.48525],[-83.4757,42.48544],[-83.476,42.49257],[-83.47611,42.49273],[-83.47609,42.49352],[-83.47625,42.4954],[-83.47363,42.49549],[-83.4736,42.49572],[-83.48539,42.49549],[-83.49032,42.49529],[-83.49054,42.49522],[-83.50384,42.49479],[-83.50575,42.49479],[-83.5109,42.49455],[-83.51186,42.49463],[-83.51248,42.49483],[-83.51285,42.4944],[-83.51412,42.49493]]]}},{"type":"Feature","properties":{"agency":"smart","agency_label":"SMART","route":"830","name":"Downriver P&R","route_type":3},"geometry":{"type":"MultiLineString","coordinates":[[[-83.2111,42.14095],[-83.18776,42.14133],[-83.18284,42.14135],[-83.17784,42.14088],[-83.17571,42.15049],[-83.17508,42.15579],[-83.17521,42.15621],[-83.18802,42.15589],[-83.18894,42.17808],[-83.18929,42.18481],[-83.18911,42.18552],[-83.18863,42.1862],[-83.18818,42.18654],[-83.18623,42.18753],[-83.1818,42.18962],[-83.18078,42.19029],[-83.18046,42.19061],[-83.1806,42.19084],[-83.18084,42.19085],[-83.18179,42.19009],[-83.183,42.1896],[-83.1833,42.18988],[-83.18334,42.19062],[-83.18239,42.19069],[-83.18249,42.19176],[-83.18275,42.19187],[-83.18622,42.19178],[-83.18632,42.19168],[-83.18619,42.18953],[-83.18626,42.18947],[-83.18824,42.18947],[-83.18949,42.18978],[-83.1931,42.18974],[-83.19342,42.19729],[-83.193,42.19865],[-83.19355,42.21163],[-83.19366,42.21191],[-83.1944,42.21259],[-83.19449,42.21281],[-83.19382,42.2136],[-83.19362,42.21403],[-83.19362,42.21435],[-83.19454,42.23313],[-83.1946,42.23629],[-83.19483,42.24112],[-83.19463,42.24222],[-83.19342,42.24459],[-83.19253,42.24576],[-83.1911,42.24718],[-83.18758,42.25006],[-83.18595,42.25166],[-83.18394,42.2539],[-83.17762,42.26154],[-83.1764,42.26266],[-83.17477,42.2635],[-83.172,42.26456],[-83.16956,42.26561],[-83.16763,42.26702],[-83.16155,42.2742],[-83.16056,42.27521],[-83.15915,42.27616],[-83.15277,42.2784],[-83.15187,42.27902],[-83.14962,42.28154],[-83.14814,42.28302],[-83.14517,42.28448],[-83.13214,42.28978],[-83.12937,42.2911],[-83.12849,42.29188],[-83.12759,42.293],[-83.12577,42.29605],[-83.12463,42.29737],[-83.12169,42.30011],[-83.11993,42.30103],[-83.10648,42.30665],[-83.10459,42.30732],[-83.09918,42.31049],[-83.08528,42.31582],[-83.0833,42.31722],[-83.08251,42.31856],[-83.08202,42.32025],[-83.08221,42.32201],[-83.08311,42.32409],[-83.08588,42.32872],[-83.08588,42.33],[-83.08522,42.33146],[-83.08464,42.33153],[-83.08288,42.33143],[-83.06779,42.33138],[-83.06294,42.33146],[-83.06009,42.33164],[-83.05675,42.3316],[-83.05675,42.33166],[-83.05471,42.33167],[-83.05471,42.33156],[-83.05199,42.33168],[-83.04955,42.33162],[-83.04826,42.33167],[-83.04608,42.32906],[-83.04452,42.32974],[-83.04446,42.32967],[-83.04452,42.32974],[-83.03825,42.33235]],[[-83.04007,42.33272],[-83.04004,42.33268],[-83.04236,42.3317],[-83.04313,42.33126],[-83.04297,42.33094],[-83.04216,42.32986],[-83.04416,42.329],[-83.04419,42.32911],[-83.0442,42.32898],[-83.04491,42.32865],[-83.04524,42.32859],[-83.04528,42.32864],[-83.04524,42.32859],[-83.0456,42.32844],[-83.04627,42.32931],[-83.04618,42.32935],[-83.04627,42.32931],[-83.04744,42.33075],[-83.04982,42.32969],[-83.05069,42.33081],[-83.05067,42.33096],[-83.05073,42.33095],[-83.05086,42.33132],[-83.05078,42.33168],[-83.05191,42.33167],[-83.05185,42.33176],[-83.05191,42.33167],[-83.0539,42.33167],[-83.0539,42.33172],[-83.05387,42.33169],[-83.05455,42.33165],[-83.05802,42.33176],[-83.06319,42.33158],[-83.07025,42.33145],[-83.07171,42.33153],[-83.07196,42.3317],[-83.07342,42.33389],[-83.07493,42.33318],[-83.07625,42.33283],[-83.07788,42.33268],[-83.08229,42.33326],[-83.08391,42.33303],[-83.08445,42.33276],[-83.0852,42.33223],[-83.08609,42.33139],[-83.08647,42.33079],[-83.08679,42.33002],[-83.08678,42.32932],[-83.08654,42.32841],[-83.08486,42.32594],[-83.08378,42.32417],[-83.083,42.32268],[-83.08266,42.32132],[-83.08265,42.31961],[-83.08278,42.31924],[-83.08309,42.31831],[-83.08365,42.31739],[-83.08417,42.31687],[-83.08519,42.31608],[-83.08665,42.31539],[-83.09994,42.31024],[-83.1059,42.30692],[-83.10985,42.30539],[-83.12161,42.3006],[-83.12283,42.29948],[-83.12368,42.29886],[-83.12602,42.29671],[-83.12849,42.29283],[-83.12946,42.29156],[-83.13079,42.29053],[-83.13896,42.28723],[-83.14769,42.28353],[-83.14915,42.28253],[-83.1519,42.27953],[-83.15291,42.27872],[-83.15445,42.27782],[-83.15913,42.27616],[-83.16079,42.27516],[-83.16229,42.27374],[-83.16891,42.26604],[-83.1726,42.26442],[-83.17592,42.26309],[-83.17738,42.2621],[-83.17976,42.25939],[-83.18391,42.2542],[-83.18638,42.25141],[-83.19297,42.24577],[-83.19548,42.24317],[-83.1958,42.24258],[-83.19582,42.2421],[-83.19539,42.24078],[-83.19503,42.2359],[-83.19478,42.23591],[-83.19471,42.23454],[-83.19492,42.23447],[-83.19441,42.22444],[-83.1943,42.22444],[-83.19424,42.2234],[-83.19423,42.2232],[-83.19433,42.22317],[-83.19392,42.21498],[-83.19398,42.21387],[-83.19423,42.21346],[-83.19473,42.21296],[-83.1948,42.21269],[-83.1938,42.21199],[-83.19361,42.21147],[-83.19348,42.20864],[-83.1936,42.20849],[-83.19328,42.20148],[-83.19325,42.19877],[-83.19328,42.19822],[-83.19355,42.19684],[-83.19353,42.19591],[-83.19313,42.1896],[-83.18985,42.1897],[-83.1891,42.18966],[-83.18827,42.18938],[-83.18623,42.18938],[-83.18617,42.18953],[-83.18625,42.19175],[-83.18618,42.19179],[-83.18265,42.19186],[-83.18243,42.19167],[-83.18235,42.19077],[-83.18238,42.19069],[-83.18335,42.19067],[-83.18332,42.18993],[-83.18298,42.18951],[-83.18301,42.18944],[-83.18877,42.1867],[-83.18945,42.18595],[-83.18974,42.18535],[-83.1898,42.185],[-83.18983,42.18453],[-83.18939,42.17539],[-83.18924,42.16985],[-83.18924,42.16539],[-83.18894,42.15712],[-83.18873,42.15421],[-83.18847,42.15408],[-83.18805,42.15415],[-83.18803,42.15575],[-83.17525,42.15604],[-83.17521,42.15571],[-83.17529,42.15558],[-83.17586,42.15124],[-83.17583,42.15101],[-83.17605,42.14929],[-83.1763,42.14869],[-83.17796,42.14094],[-83.17807,42.14086],[-83.18047,42.14122],[-83.18473,42.14141],[-83.21068,42.14111]]]}},{"type":"Feature","properties":{"agency":"smart","agency_label":"SMART","route":"851","name":"W Bloomfield-Farmington Hls P&R","route_type":3},"geometry":{"type":"MultiLineString","coordinates":[[[-83.03817,42.33518],[-83.03809,42.33521],[-83.03789,42.33492],[-83.03628,42.33244],[-83.03898,42.33128],[-83.03912,42.33111],[-83.04021,42.3307],[-83.04026,42.33076],[-83.04021,42.3307],[-83.04416,42.329],[-83.04419,42.32911],[-83.04416,42.329],[-83.04491,42.32865],[-83.04524,42.32859],[-83.04528,42.32864],[-83.04524,42.32859],[-83.0456,42.32844],[-83.04627,42.32931],[-83.04618,42.32935],[-83.04627,42.32931],[-83.04744,42.33075],[-83.04982,42.32969],[-83.05069,42.33081],[-83.05067,42.33096],[-83.05073,42.33095],[-83.05086,42.33132],[-83.05078,42.33168],[-83.05191,42.33167],[-83.05185,42.33176],[-83.05191,42.33167],[-83.05264,42.33167],[-83.05378,42.33356],[-83.0565,42.33271],[-83.05652,42.33277],[-83.0565,42.33271],[-83.05788,42.33227],[-83.05907,42.33197],[-83.06142,42.33197],[-83.06203,42.33218],[-83.0623,42.33243],[-83.06351,42.33423],[-83.0635,42.33436],[-83.06506,42.33688],[-83.07094,42.34966],[-83.07091,42.34978],[-83.07131,42.351],[-83.07299,42.3539],[-83.0685,42.35531],[-83.06846,42.35525],[-83.0685,42.35531],[-83.0666,42.3559],[-83.06512,42.35653],[-83.06427,42.35679],[-83.06461,42.3574],[-83.06447,42.35745],[-83.06461,42.3574],[-83.06545,42.35856],[-83.06615,42.35962],[-83.06608,42.35964],[-83.06615,42.35962],[-83.06625,42.35975],[-83.06794,42.36235],[-83.06779,42.3624],[-83.06794,42.36235],[-83.06878,42.36364],[-83.06956,42.36465],[-83.06945,42.3647],[-83.06956,42.36465],[-83.07036,42.36573],[-83.07197,42.36825],[-83.07201,42.36844],[-83.07354,42.36781],[-83.07474,42.36963],[-83.07369,42.37002],[-83.07371,42.37015],[-83.0738,42.37021],[-83.07976,42.36796],[-83.07976,42.36802],[-83.07976,42.36796],[-83.0815,42.36731],[-83.08208,42.36813],[-83.08233,42.3683],[-83.08349,42.36995],[-83.08363,42.37001],[-83.09019,42.37974],[-83.09082,42.38049],[-83.09167,42.38119],[-83.09256,42.3817],[-83.0937,42.38214],[-83.0973,42.3832],[-83.09855,42.38379],[-83.09952,42.38445],[-83.10053,42.38551],[-83.10313,42.38935],[-83.10734,42.39507],[-83.10898,42.39753],[-83.10971,42.39836],[-83.11044,42.39894],[-83.11114,42.39937],[-83.11399,42.40065],[-83.11789,42.40323],[-83.11966,42.40418],[-83.12091,42.40465],[-83.12195,42.40493],[-83.12337,42.40517],[-83.12465,42.40527],[-83.1415,42.40493],[-83.15747,42.40484],[-83.15858,42.40499],[-83.15967,42.40526],[-83.16075,42.40571],[-83.16152,42.40616],[-83.16224,42.40672],[-83.16305,42.40752],[-83.16572,42.41042],[-83.16915,42.41352],[-83.17884,42.42388],[-83.18302,42.42752],[-83.18467,42.42882],[-83.18661,42.4305],[-83.18899,42.43276],[-83.19024,42.4341],[-83.19436,42.438],[-83.19657,42.43969],[-83.19684,42.43992],[-83.19684,42.44005],[-83.19714,42.44035],[-83.19775,42.44084],[-83.2021,42.444],[-83.20291,42.445],[-83.20519,42.44691],[-83.20741,42.44917],[-83.20849,42.45008],[-83.21025,42.4513],[-83.21021,42.45133],[-83.21162,42.45223],[-83.21157,42.45228],[-83.21162,42.45223],[-83.21225,42.45265],[-83.21414,42.45418],[-83.21424,42.45472],[-83.21429,42.45659],[-83.21405,42.45694],[-83.21312,42.45726],[-83.21277,42.45749],[-83.21267,42.45785],[-83.21272,42.45902],[-83.21229,42.45903],[-83.21229,42.45898],[-83.21229,42.45903],[-83.20697,42.45915],[-83.20685,42.4561],[-83.20909,42.45604],[-83.20995,42.45582],[-83.2104,42.45555],[-83.21187,42.45436],[-83.21259,42.45338],[-83.2129,42.45312],[-83.21449,42.45446],[-83.21649,42.45638],[-83.21854,42.45718],[-83.22076,42.45848],[-83.23985,42.47129],[-83.25086,42.4793],[-83.25234,42.4802],[-83.25425,42.48104],[-83.26786,42.48583],[-83.27306,42.48722],[-83.28088,42.49006],[-83.29627,42.49613],[-83.30496,42.49918],[-83.30607,42.49968],[-83.30921,42.5014],[-83.30948,42.50146],[-83.30977,42.50134],[-83.30984,42.50118],[-83.30981,42.50051],[-83.31871,42.50028],[-83.32388,42.50001],[-83.35138,42.49945],[-83.35878,42.49921],[-83.35841,42.49223],[-83.36025,42.49235],[-83.36309,42.49219],[-83.36332,42.49305],[-83.36416,42.49297],[-83.36405,42.49263],[-83.36418,42.49261],[-83.36405,42.49263],[-83.36394,42.49232],[-83.36316,42.49242],[-83.36309,42.49219],[-83.36094,42.4923],[-83.3606,42.49222],[-83.3584,42.4921],[-83.35832,42.49056],[-83.35812,42.49056],[-83.35863,42.4998],[-83.35858,42.49992],[-83.35875,42.50051],[-83.35895,42.50541],[-83.35883,42.50541],[-83.35895,42.50541],[-83.35909,42.50779],[-83.35895,42.50779],[-83.35909,42.50779],[-83.35914,42.50889],[-83.35914,42.50921],[-83.35902,42.50921],[-83.35914,42.50921],[-83.35915,42.50929],[-83.35931,42.51244],[-83.35918,42.51244],[-83.35931,42.51244],[-83.35941,42.51412],[-83.35925,42.51413],[-83.35941,42.51412],[-83.3595,42.51604],[-83.35949,42.51649],[-83.35939,42.51649],[-83.35949,42.51649],[-83.3595,42.51656],[-83.35966,42.51879],[-83.35953,42.5188],[-83.35966,42.51879],[-83.35974,42.52013],[-83.35979,42.52134],[-83.35966,42.52134],[-83.35979,42.52134],[-83.35988,42.52315],[-83.35981,42.52341],[-83.3598,42.52431],[-83.35967,42.52451],[-83.35976,42.52461],[-83.3599,42.52528],[-83.36007,42.52798],[-83.35981,42.52845],[-83.36002,42.52925],[-83.36015,42.53061],[-83.36006,42.53065],[-83.36015,42.53065],[-83.3602,42.53232],[-83.3602,42.53435],[-83.36012,42.53435],[-83.3602,42.53435],[-83.36037,42.53779],[-83.36037,42.53798],[-83.36031,42.53798],[-83.36037,42.53798],[-83.36057,42.54101],[-83.3605,42.54101],[-83.36057,42.54101],[-83.36064,42.54295],[-83.36075,42.54313],[-83.36078,42.5436],[-83.36067,42.54359],[-83.36078,42.5436],[-83.36092,42.54699],[-83.36083,42.54699],[-83.36092,42.54699],[-83.36098,42.54825],[-83.36098,42.54841],[-83.36089,42.54841],[-83.36098,42.54841],[-83.36104,42.55069],[-83.36094,42.55069],[-83.36104,42.55069],[-83.36124,42.55554],[-83.36116,42.55554],[-83.36124,42.55554],[-83.36138,42.55752],[-83.36141,42.558],[-83.36132,42.55797],[-83.36141,42.558],[-83.36153,42.56004],[-83.36145,42.56004],[-83.36153,42.56004],[-83.36173,42.56412],[-83.36173,42.56421],[-83.36165,42.56421],[-83.36173,42.56421],[-83.36178,42.56526],[-83.36183,42.56654],[-83.36175,42.56654],[-83.36183,42.56654],[-83.36185,42.56703],[-83.36178,42.56703],[-83.36185,42.56703],[-83.36195,42.56982],[-83.36187,42.56983],[-83.36195,42.56982],[-83.36212,42.57361],[-83.36205,42.57373]],[[-83.36221,42.57249],[-83.36207,42.57249],[-83.36204,42.57198],[-83.362,42.57108],[-83.36213,42.57107],[-83.362,42.57108],[-83.36193,42.56923],[-83.36203,42.56923],[-83.36193,42.56923],[-83.36188,42.56779],[-83.362,42.56779],[-83.36188,42.56779],[-83.36182,42.56639],[-83.36192,42.56638],[-83.36182,42.56639],[-83.36169,42.56347],[-83.3618,42.56347],[-83.36169,42.56347],[-83.36149,42.55934],[-83.3616,42.55933],[-83.36149,42.55934],[-83.36133,42.55689],[-83.36145,42.5569],[-83.36133,42.55689],[-83.36122,42.55523],[-83.36122,42.55513],[-83.36132,42.55513],[-83.36122,42.55513],[-83.36118,42.55431],[-83.36106,42.551],[-83.36116,42.551],[-83.36106,42.551],[-83.36105,42.5509],[-83.36096,42.54789],[-83.36096,42.54782],[-83.36108,42.54782],[-83.36096,42.54782],[-83.36086,42.54553],[-83.36098,42.54553],[-83.36086,42.54553],[-83.36074,42.54331],[-83.36082,42.5432],[-83.36075,42.53964],[-83.36039,42.53302],[-83.36045,42.52998],[-83.36039,42.52947],[-83.36017,42.52888],[-83.36036,42.52847],[-83.36016,42.52764],[-83.36008,42.52605],[-83.36003,42.52465],[-83.36017,42.52444],[-83.36009,42.52436],[-83.36001,42.52393],[-83.35985,42.52269],[-83.35984,42.52244],[-83.35993,42.52244],[-83.35987,42.52081],[-83.35954,42.51618],[-83.35959,42.51596],[-83.35946,42.51472],[-83.35949,42.51419],[-83.35934,42.51313],[-83.35946,42.51318],[-83.35934,42.51313],[-83.35931,42.5126],[-83.35912,42.50887],[-83.35924,42.50887],[-83.35912,42.50887],[-83.35905,42.5072],[-83.35919,42.50719],[-83.35905,42.5072],[-83.35896,42.50564],[-83.35895,42.50531],[-83.35906,42.5053],[-83.35895,42.50531],[-83.35876,42.50095],[-83.3589,42.50095],[-83.35876,42.50095],[-83.35879,42.49894],[-83.35853,42.49522],[-83.35841,42.49223],[-83.36031,42.49235],[-83.36309,42.49219],[-83.36332,42.49305],[-83.36416,42.49297],[-83.36405,42.49263],[-83.36418,42.49261],[-83.36405,42.49263],[-83.36394,42.49232],[-83.36316,42.49242],[-83.36309,42.49219],[-83.36094,42.4923],[-83.3606,42.49222],[-83.3584,42.4921],[-83.35833,42.49062],[-83.35817,42.49054],[-83.35812,42.49063],[-83.35828,42.49368],[-83.35819,42.49376],[-83.35804,42.49464],[-83.35771,42.49511],[-83.35709,42.49552],[-83.3556,42.49592],[-83.35465,42.49605],[-83.35249,42.49617],[-83.35234,42.49626],[-83.35209,42.49627],[-83.35006,42.49614],[-83.34824,42.49577],[-83.33316,42.49099],[-83.33171,42.49066],[-83.32989,42.49048],[-83.31371,42.49068],[-83.31093,42.49082],[-83.30916,42.49105],[-83.30752,42.49137],[-83.3019,42.49285],[-83.30163,42.49286],[-83.2989,42.49354],[-83.29723,42.49366],[-83.29578,42.49349],[-83.29474,42.49319],[-83.29394,42.49284],[-83.29185,42.49151],[-83.2916,42.49148],[-83.29004,42.49053],[-83.28834,42.48969],[-83.27893,42.48618],[-83.27667,42.48558],[-83.27469,42.48522],[-83.27213,42.48497],[-83.26711,42.48477],[-83.26582,42.48461],[-83.26422,42.48429],[-83.26304,42.48395],[-83.25469,42.48102],[-83.2523,42.47998],[-83.25103,42.4792],[-83.24011,42.47125],[-83.22102,42.45849],[-83.21711,42.45582],[-83.21398,42.45349],[-83.21104,42.45149],[-83.21108,42.45139],[-83.21076,42.45112],[-83.20909,42.44985],[-83.20658,42.44727],[-83.20566,42.44644],[-83.20499,42.44673],[-83.20741,42.44917],[-83.20872,42.45026],[-83.21225,42.45265],[-83.21357,42.45369],[-83.218,42.45782],[-83.21883,42.45886],[-83.21275,42.45905],[-83.21266,42.45795],[-83.21279,42.45754],[-83.21305,42.4573],[-83.21398,42.45699],[-83.21425,42.45673],[-83.21431,42.45608],[-83.21424,42.45466],[-83.21428,42.45455],[-83.21444,42.45448],[-83.21804,42.45785],[-83.21882,42.45886],[-83.20697,42.45914],[-83.20683,42.45495],[-83.20109,42.45506],[-83.20073,42.44593],[-83.20061,42.44491],[-83.20052,42.44481],[-83.20045,42.44368],[-83.20069,42.44325],[-83.20124,42.44279],[-83.19944,42.44146],[-83.19876,42.44108],[-83.19693,42.43971],[-83.19654,42.43953],[-83.19419,42.43772],[-83.19006,42.43377],[-83.18909,42.4327],[-83.18735,42.43104],[-83.17903,42.42386],[-83.16946,42.41363],[-83.16752,42.41178],[-83.16585,42.41034],[-83.16298,42.40724],[-83.16171,42.40611],[-83.16044,42.40541],[-83.1594,42.40504],[-83.15816,42.40478],[-83.15711,42.40469],[-83.14002,42.40482],[-83.12509,42.40514],[-83.12339,42.40504],[-83.12218,42.40484],[-83.11994,42.40415],[-83.11829,42.4033],[-83.11057,42.39814],[-83.10922,42.39705],[-83.10805,42.39575],[-83.10565,42.3925],[-83.10299,42.38887],[-83.10059,42.38531],[-83.09956,42.38429],[-83.09862,42.38366],[-83.09731,42.38305],[-83.09344,42.38191],[-83.09263,42.38157],[-83.09154,42.38091],[-83.09087,42.38032],[-83.09053,42.37993],[-83.0852,42.37204],[-83.08525,42.37189],[-83.08446,42.37039],[-83.08446,42.37022],[-83.08215,42.36685],[-83.08114,42.36723],[-83.08106,42.36711],[-83.08114,42.36723],[-83.07862,42.36818],[-83.07857,42.3681],[-83.07862,42.36818],[-83.07855,42.36821],[-83.0762,42.36908],[-83.07615,42.36901],[-83.0762,42.36908],[-83.07332,42.37015],[-83.07312,42.36985],[-83.07322,42.36982],[-83.07312,42.36985],[-83.07237,42.36869],[-83.07245,42.36865],[-83.07237,42.36869],[-83.07219,42.36856],[-83.07035,42.36572],[-83.06936,42.36437],[-83.06951,42.36433],[-83.06936,42.36437],[-83.06878,42.36364],[-83.06854,42.36324],[-83.06868,42.36319],[-83.06854,42.36324],[-83.06846,42.36313],[-83.06772,42.36202],[-83.06784,42.36198],[-83.06772,42.36202],[-83.06597,42.35935],[-83.06617,42.35932],[-83.06597,42.35935],[-83.06475,42.35761],[-83.0649,42.35755],[-83.06475,42.35761],[-83.06437,42.35694],[-83.06533,42.35665],[-83.0669,42.35601],[-83.06703,42.35597],[-83.06708,42.35605],[-83.06703,42.35597],[-83.074,42.35377],[-83.07216,42.35061],[-83.07204,42.35059],[-83.07173,42.35025],[-83.07114,42.34948],[-83.071,42.34942],[-83.07085,42.34913],[-83.06428,42.33471],[-83.06416,42.33467],[-83.06336,42.3335],[-83.06213,42.33212],[-83.06139,42.33186],[-83.05906,42.33189],[-83.05685,42.3326],[-83.05675,42.33242],[-83.05685,42.3326],[-83.05378,42.33356],[-83.05352,42.33302],[-83.05264,42.33167],[-83.04826,42.33167],[-83.04608,42.32906],[-83.04452,42.32974],[-83.04446,42.32967],[-83.04452,42.32974],[-83.04124,42.33115],[-83.04119,42.33109],[-83.04123,42.33116],[-83.04033,42.33154],[-83.03971,42.3306],[-83.03901,42.33079],[-83.03905,42.33084],[-83.03871,42.33099],[-83.03673,42.33147],[-83.036,42.33182],[-83.03541,42.33257],[-83.03539,42.33277],[-83.03742,42.33598],[-83.03835,42.3356],[-83.03817,42.33534],[-83.03817,42.33518]]]}},{"type":"Feature","properties":{"agency":"qline","agency_label":"QLine","route":"QLINE","name":"QLINE","route_type":0},"geometry":{"type":"MultiLineString","coordinates":[[[-83.07359,42.37063],[-83.0704,42.36574],[-83.07016,42.36524],[-83.06865,42.36319],[-83.0648,42.35742],[-83.06394,42.35594],[-83.06266,42.35406],[-83.06143,42.35246],[-83.05372,42.34095],[-83.05024,42.33591],[-83.04709,42.33189],[-83.04702,42.33106],[-83.04648,42.33082],[-83.04606,42.33025],[-83.04576,42.33007],[-83.04555,42.32981]],[[-83.04554,42.3298],[-83.04574,42.33008],[-83.04572,42.33042],[-83.04621,42.33109],[-83.04625,42.33208],[-83.04643,42.33219],[-83.04708,42.3322],[-83.04725,42.33229],[-83.04996,42.33574],[-83.05078,42.3371],[-83.06128,42.35267],[-83.0623,42.35395],[-83.06358,42.35583],[-83.06458,42.35754],[-83.06577,42.35921],[-83.06833,42.36314],[-83.07028,42.36586],[-83.07059,42.36616],[-83.0735,42.37063]]]}},{"type":"Feature","properties":{"agency":"dpm","agency_label":"People Mover","route":"DPM","name":"Detroit People Mover","route_type":0},"geometry":{"type":"MultiLineString","coordinates":[[[-83.05216,42.33358],[-83.05224,42.33315],[-83.05223,42.33176],[-83.05196,42.33073],[-83.05115,42.3295],[-83.04985,42.32821],[-83.04953,42.32767],[-83.05276,42.32601],[-83.05285,42.32582],[-83.05267,42.32523],[-83.05214,42.3247],[-83.05071,42.32456],[-83.04657,42.32571],[-83.04625,42.32603],[-83.04621,42.32641],[-83.04659,42.32734],[-83.04718,42.32824],[-83.04707,42.3285],[-83.04289,42.33035],[-83.042,42.33027],[-83.04104,42.32993],[-83.04079,42.32993],[-83.03998,42.33016],[-83.03954,42.33056],[-83.03953,42.33072],[-83.04119,42.33333],[-83.04162,42.33388],[-83.04213,42.33414],[-83.04292,42.33526],[-83.0433,42.33544],[-83.045,42.33482],[-83.04536,42.33457],[-83.04616,42.33371],[-83.04689,42.33359],[-83.04725,42.33387],[-83.04761,42.33435],[-83.04794,42.33482],[-83.04821,42.33545],[-83.04862,42.33601],[-83.04942,42.3363],[-83.05059,42.33578],[-83.0511,42.33572],[-83.05183,42.33581],[-83.05208,42.3357],[-83.05239,42.33528],[-83.05235,42.33503],[-83.05204,42.33443],[-83.05216,42.33358]],[[-83.04985,42.32821],[-83.04953,42.32767],[-83.05276,42.32601],[-83.05285,42.32582],[-83.05267,42.32523],[-83.05214,42.3247],[-83.05071,42.32456],[-83.04657,42.32571],[-83.04625,42.32603],[-83.04621,42.32641],[-83.04659,42.32734],[-83.04718,42.32824],[-83.04707,42.3285],[-83.04289,42.33035],[-83.042,42.33027],[-83.04104,42.32993],[-83.04079,42.32993],[-83.03998,42.33016],[-83.03967,42.33038],[-83.03954,42.33056],[-83.03953,42.33072],[-83.0412,42.33333],[-83.04162,42.33388],[-83.04213,42.33414],[-83.04242,42.33462],[-83.04305,42.33538],[-83.04347,42.33543],[-83.045,42.33482],[-83.04536,42.33457],[-83.04616,42.33371],[-83.04689,42.33359],[-83.04725,42.33387],[-83.04761,42.33435],[-83.04794,42.33482],[-83.04822,42.33546],[-83.04862,42.33601],[-83.04942,42.3363],[-83.05059,42.33578],[-83.0511,42.33572],[-83.05183,42.33581],[-83.05208,42.3357],[-83.05239,42.33528],[-83.05235,42.33503],[-83.05204,42.33443],[-83.05216,42.33358],[-83.05212,42.33136],[-83.05115,42.3295],[-83.04985,42.32821]]]}}]}